2026-07-08T05:53:09.945832391Z 2026-07-08 05:53:09,945 forwin.generation.worker_cli DEBUG No claimable generation task worker_id=forwin-generation-worker-swarm message=no_claimable_generation_task
2026-07-08T05:53:12.018394811Z 2026-07-08 05:53:12,018 forwin.generation.worker_cli DEBUG No claimable generation task worker_id=forwin-generation-worker-swarm message=no_claimable_generation_task
2026-07-08T05:53:14.089286531Z 2026-07-08 05:53:14,088 forwin.generation.worker_cli DEBUG No claimable generation task worker_id=forwin-generation-worker-swarm message=no_claimable_generation_task
2026-07-08T05:53:16.187843312Z 2026-07-08 05:53:16,187 forwin.generation.worker_cli DEBUG No claimable generation task worker_id=forwin-generation-worker-swarm message=no_claimable_generation_task
2026-07-08T05:53:18.234373562Z 2026-07-08 05:53:18,234 forwin.generation.worker_cli DEBUG No claimable generation task worker_id=forwin-generation-worker-swarm message=no_claimable_generation_task
2026-07-08T05:53:20.284877505Z 2026-07-08 05:53:20,284 forwin.generation.worker_cli DEBUG No claimable generation task worker_id=forwin-generation-worker-swarm message=no_claimable_generation_task
2026-07-08T05:53:22.339701515Z 2026-07-08 05:53:22,339 forwin.generation.worker_cli DEBUG No claimable generation task worker_id=forwin-generation-worker-swarm message=no_claimable_generation_task
2026-07-08T05:53:24.387477974Z 2026-07-08 05:53:24,386 forwin.generation.worker_cli DEBUG No claimable generation task worker_id=forwin-generation-worker-swarm message=no_claimable_generation_task
2026-07-08T05:53:26.433279355Z 2026-07-08 05:53:26,433 forwin.generation.worker_cli DEBUG No claimable generation task worker_id=forwin-generation-worker-swarm message=no_claimable_generation_task
2026-07-08T05:53:28.484040890Z 2026-07-08 05:53:28,483 forwin.generation.worker_cli DEBUG No claimable generation task worker_id=forwin-generation-worker-swarm message=no_claimable_generation_task
2026-07-08T05:53:30.541411250Z 2026-07-08 05:53:30,541 forwin.generation.worker_cli DEBUG No claimable generation task worker_id=forwin-generation-worker-swarm message=no_claimable_generation_task
2026-07-08T05:53:32.579791519Z 2026-07-08 05:53:32,579 forwin.generation.worker_cli DEBUG No claimable generation task worker_id=forwin-generation-worker-swarm message=no_claimable_generation_task
2026-07-08T05:53:34.642033628Z 2026-07-08 05:53:34,641 forwin.generation.worker_cli DEBUG No claimable generation task worker_id=forwin-generation-worker-swarm message=no_claimable_generation_task
2026-07-08T05:53:36.696926892Z 2026-07-08 05:53:36,696 forwin.generation.worker_cli DEBUG No claimable generation task worker_id=forwin-generation-worker-swarm message=no_claimable_generation_task
2026-07-08T05:53:38.733169065Z 2026-07-08 05:53:38,733 forwin.generation.worker_cli DEBUG No claimable generation task worker_id=forwin-generation-worker-swarm message=no_claimable_generation_task
2026-07-08T05:53:40.792338867Z 2026-07-08 05:53:40,791 forwin.generation.worker_cli DEBUG No claimable generation task worker_id=forwin-generation-worker-swarm message=no_claimable_generation_task
2026-07-08T05:53:42.847469210Z 2026-07-08 05:53:42,847 forwin.generation.worker_cli DEBUG No claimable generation task worker_id=forwin-generation-worker-swarm message=no_claimable_generation_task
2026-07-08T05:53:44.920804167Z 2026-07-08 05:53:44,920 forwin.generation.worker_cli DEBUG No claimable generation task worker_id=forwin-generation-worker-swarm message=no_claimable_generation_task
2026-07-08T05:53:46.969432637Z 2026-07-08 05:53:46,969 forwin.generation.worker_cli DEBUG No claimable generation task worker_id=forwin-generation-worker-swarm message=no_claimable_generation_task
2026-07-08T05:53:49.018850414Z 2026-07-08 05:53:49,018 forwin.generation.worker_cli DEBUG No claimable generation task worker_id=forwin-generation-worker-swarm message=no_claimable_generation_task
2026-07-08T05:53:51.096855631Z 2026-07-08 05:53:51,096 forwin.generation.worker_cli DEBUG No claimable generation task worker_id=forwin-generation-worker-swarm message=no_claimable_generation_task
2026-07-08T05:53:53.152080576Z 2026-07-08 05:53:53,151 forwin.generation.worker_cli DEBUG No claimable generation task worker_id=forwin-generation-worker-swarm message=no_claimable_generation_task
2026-07-08T05:53:55.227797309Z 2026-07-08 05:53:55,227 forwin.generation.worker_cli DEBUG No claimable generation task worker_id=forwin-generation-worker-swarm message=no_claimable_generation_task
2026-07-08T05:53:57.270087443Z 2026-07-08 05:53:57,269 forwin.generation.worker_cli DEBUG No claimable generation task worker_id=forwin-generation-worker-swarm message=no_claimable_generation_task
2026-07-08T05:53:59.313462925Z 2026-07-08 05:53:59,313 forwin.generation.worker_cli DEBUG No claimable generation task worker_id=forwin-generation-worker-swarm message=no_claimable_generation_task
2026-07-08T05:54:01.367464246Z 2026-07-08 05:54:01,366 forwin.generation.worker_cli DEBUG No claimable generation task worker_id=forwin-generation-worker-swarm message=no_claimable_generation_task
2026-07-08T05:54:03.406731945Z 2026-07-08 05:54:03,406 forwin.generation.worker_cli DEBUG No claimable generation task worker_id=forwin-generation-worker-swarm message=no_claimable_generation_task
2026-07-08T05:54:05.450029253Z 2026-07-08 05:54:05,449 forwin.generation.worker_cli DEBUG No claimable generation task worker_id=forwin-generation-worker-swarm message=no_claimable_generation_task
2026-07-08T05:54:07.491216232Z 2026-07-08 05:54:07,490 forwin.generation.worker_cli DEBUG No claimable generation task worker_id=forwin-generation-worker-swarm message=no_claimable_generation_task
2026-07-08T05:54:09.544273595Z 2026-07-08 05:54:09,544 forwin.generation.worker_cli DEBUG No claimable generation task worker_id=forwin-generation-worker-swarm message=no_claimable_generation_task
2026-07-08T05:54:11.589475610Z 2026-07-08 05:54:11,589 forwin.generation.worker_cli DEBUG No claimable generation task worker_id=forwin-generation-worker-swarm message=no_claimable_generation_task
2026-07-08T05:54:13.634772970Z 2026-07-08 05:54:13,634 forwin.generation.worker_cli DEBUG No claimable generation task worker_id=forwin-generation-worker-swarm message=no_claimable_generation_task
2026-07-08T05:54:15.693546221Z 2026-07-08 05:54:15,693 forwin.generation.worker_cli DEBUG No claimable generation task worker_id=forwin-generation-worker-swarm message=no_claimable_generation_task
2026-07-08T05:54:17.743586911Z 2026-07-08 05:54:17,743 forwin.generation.worker_cli DEBUG No claimable generation task worker_id=forwin-generation-worker-swarm message=no_claimable_generation_task
2026-07-08T05:54:19.785055667Z 2026-07-08 05:54:19,784 forwin.generation.worker_cli DEBUG No claimable generation task worker_id=forwin-generation-worker-swarm message=no_claimable_generation_task
2026-07-08T05:54:21.852196063Z 2026-07-08 05:54:21,851 forwin.generation.worker_cli DEBUG No claimable generation task worker_id=forwin-generation-worker-swarm message=no_claimable_generation_task
2026-07-08T05:54:23.886774733Z 2026-07-08 05:54:23,886 forwin.generation.worker_cli DEBUG No claimable generation task worker_id=forwin-generation-worker-swarm message=no_claimable_generation_task
2026-07-08T05:54:25.938833183Z 2026-07-08 05:54:25,938 forwin.generation.worker_cli DEBUG No claimable generation task worker_id=forwin-generation-worker-swarm message=no_claimable_generation_task
2026-07-08T05:54:27.998090044Z 2026-07-08 05:54:27,997 forwin.generation.worker_cli DEBUG No claimable generation task worker_id=forwin-generation-worker-swarm message=no_claimable_generation_task
2026-07-08T05:54:30.036049468Z 2026-07-08 05:54:30,035 forwin.generation.worker_cli DEBUG No claimable generation task worker_id=forwin-generation-worker-swarm message=no_claimable_generation_task
2026-07-08T05:54:32.090340292Z 2026-07-08 05:54:32,089 forwin.generation.worker_cli DEBUG No claimable generation task worker_id=forwin-generation-worker-swarm message=no_claimable_generation_task
2026-07-08T05:54:34.134120132Z 2026-07-08 05:54:34,133 forwin.generation.worker_cli DEBUG No claimable generation task worker_id=forwin-generation-worker-swarm message=no_claimable_generation_task
2026-07-08T05:54:36.176072060Z 2026-07-08 05:54:36,175 forwin.generation.worker_cli DEBUG No claimable generation task worker_id=forwin-generation-worker-swarm message=no_claimable_generation_task
2026-07-08T05:54:38.227027406Z 2026-07-08 05:54:38,226 forwin.generation.worker_cli DEBUG No claimable generation task worker_id=forwin-generation-worker-swarm message=no_claimable_generation_task
2026-07-08T05:54:40.323423711Z 2026-07-08 05:54:40,323 forwin.generation.worker_cli DEBUG No claimable generation task worker_id=forwin-generation-worker-swarm message=no_claimable_generation_task
2026-07-08T05:54:42.361216865Z 2026-07-08 05:54:42,360 forwin.generation.worker_cli DEBUG No claimable generation task worker_id=forwin-generation-worker-swarm message=no_claimable_generation_task
2026-07-08T05:54:44.429824720Z 2026-07-08 05:54:44,429 forwin.generation.worker_cli DEBUG No claimable generation task worker_id=forwin-generation-worker-swarm message=no_claimable_generation_task
2026-07-08T05:54:46.475222506Z 2026-07-08 05:54:46,474 forwin.generation.worker_cli DEBUG No claimable generation task worker_id=forwin-generation-worker-swarm message=no_claimable_generation_task
2026-07-08T05:54:48.526758782Z 2026-07-08 05:54:48,526 forwin.generation.worker_cli DEBUG No claimable generation task worker_id=forwin-generation-worker-swarm message=no_claimable_generation_task
2026-07-08T05:54:50.582175540Z 2026-07-08 05:54:50,581 forwin.generation.worker_cli DEBUG No claimable generation task worker_id=forwin-generation-worker-swarm message=no_claimable_generation_task
2026-07-08T05:54:52.645640836Z 2026-07-08 05:54:52,645 forwin.generation.worker_cli DEBUG No claimable generation task worker_id=forwin-generation-worker-swarm message=no_claimable_generation_task
2026-07-08T05:54:54.732870727Z 2026-07-08 05:54:54,732 forwin.generation.worker_cli DEBUG No claimable generation task worker_id=forwin-generation-worker-swarm message=no_claimable_generation_task
2026-07-08T05:54:56.773025672Z 2026-07-08 05:54:56,772 forwin.generation.worker_cli DEBUG No claimable generation task worker_id=forwin-generation-worker-swarm message=no_claimable_generation_task
2026-07-08T05:54:58.815640219Z 2026-07-08 05:54:58,815 forwin.generation.worker_cli DEBUG No claimable generation task worker_id=forwin-generation-worker-swarm message=no_claimable_generation_task
2026-07-08T05:55:00.868186602Z 2026-07-08 05:55:00,867 forwin.generation.worker_cli DEBUG No claimable generation task worker_id=forwin-generation-worker-swarm message=no_claimable_generation_task
2026-07-08T05:55:02.908372828Z 2026-07-08 05:55:02,907 forwin.generation.worker_cli DEBUG No claimable generation task worker_id=forwin-generation-worker-swarm message=no_claimable_generation_task
2026-07-08T05:55:04.948090520Z 2026-07-08 05:55:04,947 forwin.generation.worker_cli DEBUG No claimable generation task worker_id=forwin-generation-worker-swarm message=no_claimable_generation_task
2026-07-08T05:55:06.991661778Z 2026-07-08 05:55:06,991 forwin.generation.worker_cli DEBUG No claimable generation task worker_id=forwin-generation-worker-swarm message=no_claimable_generation_task
2026-07-08T05:55:09.037622346Z 2026-07-08 05:55:09,037 forwin.generation.worker_cli DEBUG No claimable generation task worker_id=forwin-generation-worker-swarm message=no_claimable_generation_task
2026-07-08T05:55:11.084051509Z 2026-07-08 05:55:11,083 forwin.generation.worker_cli DEBUG No claimable generation task worker_id=forwin-generation-worker-swarm message=no_claimable_generation_task
2026-07-08T05:55:13.133687694Z 2026-07-08 05:55:13,133 forwin.generation.worker_cli DEBUG No claimable generation task worker_id=forwin-generation-worker-swarm message=no_claimable_generation_task
2026-07-08T05:55:15.246016444Z 2026-07-08 05:55:15,245 forwin.generation.worker_cli DEBUG No claimable generation task worker_id=forwin-generation-worker-swarm message=no_claimable_generation_task
2026-07-08T05:55:17.290466006Z 2026-07-08 05:55:17,290 forwin.generation.worker_cli DEBUG No claimable generation task worker_id=forwin-generation-worker-swarm message=no_claimable_generation_task
2026-07-08T05:55:19.355801110Z 2026-07-08 05:55:19,355 forwin.generation.worker_cli DEBUG No claimable generation task worker_id=forwin-generation-worker-swarm message=no_claimable_generation_task
2026-07-08T05:55:21.410690978Z 2026-07-08 05:55:21,410 forwin.generation.worker_cli DEBUG No claimable generation task worker_id=forwin-generation-worker-swarm message=no_claimable_generation_task
2026-07-08T05:55:23.455568488Z 2026-07-08 05:55:23,455 forwin.generation.worker_cli DEBUG No claimable generation task worker_id=forwin-generation-worker-swarm message=no_claimable_generation_task
2026-07-08T05:55:25.513563804Z 2026-07-08 05:55:25,513 forwin.generation.worker_cli DEBUG No claimable generation task worker_id=forwin-generation-worker-swarm message=no_claimable_generation_task
2026-07-08T05:55:27.555582614Z 2026-07-08 05:55:27,555 forwin.generation.worker_cli DEBUG No claimable generation task worker_id=forwin-generation-worker-swarm message=no_claimable_generation_task
2026-07-08T05:55:29.608852266Z 2026-07-08 05:55:29,608 forwin.generation.worker_cli DEBUG No claimable generation task worker_id=forwin-generation-worker-swarm message=no_claimable_generation_task
2026-07-08T05:55:31.654403567Z 2026-07-08 05:55:31,653 forwin.generation.worker_cli DEBUG No claimable generation task worker_id=forwin-generation-worker-swarm message=no_claimable_generation_task
2026-07-08T05:55:33.709899705Z 2026-07-08 05:55:33,709 forwin.generation.worker_cli DEBUG No claimable generation task worker_id=forwin-generation-worker-swarm message=no_claimable_generation_task
2026-07-08T05:55:35.757222281Z 2026-07-08 05:55:35,756 forwin.generation.worker_cli DEBUG No claimable generation task worker_id=forwin-generation-worker-swarm message=no_claimable_generation_task
2026-07-08T05:55:37.812215270Z 2026-07-08 05:55:37,811 forwin.generation.worker_cli DEBUG No claimable generation task worker_id=forwin-generation-worker-swarm message=no_claimable_generation_task
2026-07-08T05:55:39.856769939Z 2026-07-08 05:55:39,856 forwin.generation.worker_cli DEBUG No claimable generation task worker_id=forwin-generation-worker-swarm message=no_claimable_generation_task
2026-07-08T05:55:41.904871880Z 2026-07-08 05:55:41,904 forwin.generation.worker_cli DEBUG No claimable generation task worker_id=forwin-generation-worker-swarm message=no_claimable_generation_task
2026-07-08T05:55:43.956889595Z 2026-07-08 05:55:43,956 forwin.generation.worker_cli DEBUG No claimable generation task worker_id=forwin-generation-worker-swarm message=no_claimable_generation_task
2026-07-08T05:55:46.001070125Z 2026-07-08 05:55:46,000 forwin.generation.worker_cli DEBUG No claimable generation task worker_id=forwin-generation-worker-swarm message=no_claimable_generation_task
2026-07-08T05:55:48.040894731Z 2026-07-08 05:55:48,040 forwin.generation.worker_cli DEBUG No claimable generation task worker_id=forwin-generation-worker-swarm message=no_claimable_generation_task
2026-07-08T05:55:50.102860427Z 2026-07-08 05:55:50,102 forwin.generation.worker_cli DEBUG No claimable generation task worker_id=forwin-generation-worker-swarm message=no_claimable_generation_task
2026-07-08T05:55:52.153385299Z 2026-07-08 05:55:52,152 forwin.generation.worker_cli DEBUG No claimable generation task worker_id=forwin-generation-worker-swarm message=no_claimable_generation_task
2026-07-08T05:55:54.203795597Z 2026-07-08 05:55:54,203 forwin.generation.worker_cli DEBUG No claimable generation task worker_id=forwin-generation-worker-swarm message=no_claimable_generation_task
2026-07-08T05:55:56.260716011Z 2026-07-08 05:55:56,260 forwin.generation.worker_cli DEBUG No claimable generation task worker_id=forwin-generation-worker-swarm message=no_claimable_generation_task
2026-07-08T05:55:58.302312587Z 2026-07-08 05:55:58,302 forwin.generation.worker_cli DEBUG No claimable generation task worker_id=forwin-generation-worker-swarm message=no_claimable_generation_task
2026-07-08T05:56:00.338721111Z 2026-07-08 05:56:00,338 forwin.generation.worker_cli DEBUG No claimable generation task worker_id=forwin-generation-worker-swarm message=no_claimable_generation_task
2026-07-08T05:56:02.390048324Z 2026-07-08 05:56:02,389 forwin.generation.worker_cli DEBUG No claimable generation task worker_id=forwin-generation-worker-swarm message=no_claimable_generation_task
2026-07-08T05:56:04.438750995Z 2026-07-08 05:56:04,438 forwin.generation.worker_cli DEBUG No claimable generation task worker_id=forwin-generation-worker-swarm message=no_claimable_generation_task
2026-07-08T05:56:06.484443122Z 2026-07-08 05:56:06,483 forwin.generation.worker_cli DEBUG No claimable generation task worker_id=forwin-generation-worker-swarm message=no_claimable_generation_task
2026-07-08T05:56:08.529568089Z 2026-07-08 05:56:08,529 forwin.generation.worker_cli DEBUG No claimable generation task worker_id=forwin-generation-worker-swarm message=no_claimable_generation_task
2026-07-08T05:56:10.583308139Z 2026-07-08 05:56:10,582 forwin.generation.worker_cli DEBUG No claimable generation task worker_id=forwin-generation-worker-swarm message=no_claimable_generation_task
2026-07-08T05:56:12.634010978Z 2026-07-08 05:56:12,633 forwin.generation.worker_cli DEBUG No claimable generation task worker_id=forwin-generation-worker-swarm message=no_claimable_generation_task
2026-07-08T05:56:14.682137817Z 2026-07-08 05:56:14,681 forwin.generation.worker_cli DEBUG No claimable generation task worker_id=forwin-generation-worker-swarm message=no_claimable_generation_task
2026-07-08T05:56:16.721294965Z 2026-07-08 05:56:16,720 forwin.generation.worker_cli DEBUG No claimable generation task worker_id=forwin-generation-worker-swarm message=no_claimable_generation_task
2026-07-08T05:56:18.769564280Z 2026-07-08 05:56:18,769 forwin.generation.worker_cli DEBUG No claimable generation task worker_id=forwin-generation-worker-swarm message=no_claimable_generation_task
2026-07-08T05:56:20.828487143Z 2026-07-08 05:56:20,827 forwin.generation.worker_cli DEBUG No claimable generation task worker_id=forwin-generation-worker-swarm message=no_claimable_generation_task
2026-07-08T05:56:22.868762197Z 2026-07-08 05:56:22,868 forwin.generation.worker_cli DEBUG No claimable generation task worker_id=forwin-generation-worker-swarm message=no_claimable_generation_task
2026-07-08T05:56:24.913831485Z 2026-07-08 05:56:24,913 forwin.generation.worker_cli DEBUG No claimable generation task worker_id=forwin-generation-worker-swarm message=no_claimable_generation_task
2026-07-08T05:56:26.963761883Z 2026-07-08 05:56:26,963 forwin.generation.worker_cli DEBUG No claimable generation task worker_id=forwin-generation-worker-swarm message=no_claimable_generation_task
2026-07-08T05:56:29.011740741Z 2026-07-08 05:56:29,011 forwin.generation.worker_cli DEBUG No claimable generation task worker_id=forwin-generation-worker-swarm message=no_claimable_generation_task
2026-07-08T05:56:31.067057468Z 2026-07-08 05:56:31,066 forwin.generation.worker_cli DEBUG No claimable generation task worker_id=forwin-generation-worker-swarm message=no_claimable_generation_task
2026-07-08T05:56:33.113195628Z 2026-07-08 05:56:33,112 forwin.generation.worker_cli DEBUG No claimable generation task worker_id=forwin-generation-worker-swarm message=no_claimable_generation_task
2026-07-08T05:56:35.160244342Z 2026-07-08 05:56:35,159 forwin.generation.worker_cli DEBUG No claimable generation task worker_id=forwin-generation-worker-swarm message=no_claimable_generation_task
2026-07-08T05:56:37.208652527Z 2026-07-08 05:56:37,208 forwin.generation.worker_cli DEBUG No claimable generation task worker_id=forwin-generation-worker-swarm message=no_claimable_generation_task
2026-07-08T05:56:39.251806577Z 2026-07-08 05:56:39,251 forwin.generation.worker_cli DEBUG No claimable generation task worker_id=forwin-generation-worker-swarm message=no_claimable_generation_task
2026-07-08T05:56:41.299685444Z 2026-07-08 05:56:41,299 forwin.generation.worker_cli DEBUG No claimable generation task worker_id=forwin-generation-worker-swarm message=no_claimable_generation_task
2026-07-08T05:56:43.368572357Z 2026-07-08 05:56:43,368 forwin.generation.worker_cli DEBUG No claimable generation task worker_id=forwin-generation-worker-swarm message=no_claimable_generation_task
2026-07-08T05:56:45.414740734Z 2026-07-08 05:56:45,414 forwin.generation.worker_cli DEBUG No claimable generation task worker_id=forwin-generation-worker-swarm message=no_claimable_generation_task
2026-07-08T05:56:47.468029981Z 2026-07-08 05:56:47,467 forwin.generation.worker_cli DEBUG No claimable generation task worker_id=forwin-generation-worker-swarm message=no_claimable_generation_task
2026-07-08T05:56:49.504885340Z 2026-07-08 05:56:49,504 forwin.generation.worker_cli DEBUG No claimable generation task worker_id=forwin-generation-worker-swarm message=no_claimable_generation_task
2026-07-08T05:56:51.546962102Z 2026-07-08 05:56:51,546 forwin.generation.worker_cli DEBUG No claimable generation task worker_id=forwin-generation-worker-swarm message=no_claimable_generation_task
2026-07-08T05:56:53.596228483Z 2026-07-08 05:56:53,595 forwin.generation.worker_cli DEBUG No claimable generation task worker_id=forwin-generation-worker-swarm message=no_claimable_generation_task
2026-07-08T05:56:55.642654778Z 2026-07-08 05:56:55,642 forwin.generation.worker_cli DEBUG No claimable generation task worker_id=forwin-generation-worker-swarm message=no_claimable_generation_task
2026-07-08T05:56:57.687520326Z 2026-07-08 05:56:57,687 forwin.generation.worker_cli DEBUG No claimable generation task worker_id=forwin-generation-worker-swarm message=no_claimable_generation_task
2026-07-08T05:56:59.782221528Z 2026-07-08 05:56:59,781 forwin.generation.worker_cli DEBUG No claimable generation task worker_id=forwin-generation-worker-swarm message=no_claimable_generation_task
2026-07-08T05:57:01.823242411Z 2026-07-08 05:57:01,822 forwin.generation.worker_cli DEBUG No claimable generation task worker_id=forwin-generation-worker-swarm message=no_claimable_generation_task
2026-07-08T05:57:03.867947524Z 2026-07-08 05:57:03,867 forwin.generation.worker_cli DEBUG No claimable generation task worker_id=forwin-generation-worker-swarm message=no_claimable_generation_task
2026-07-08T05:57:05.901498144Z 2026-07-08 05:57:05,901 forwin.generation.worker_cli DEBUG No claimable generation task worker_id=forwin-generation-worker-swarm message=no_claimable_generation_task
2026-07-08T05:57:07.940089208Z 2026-07-08 05:57:07,939 forwin.generation.worker_cli DEBUG No claimable generation task worker_id=forwin-generation-worker-swarm message=no_claimable_generation_task
2026-07-08T05:57:09.982630420Z 2026-07-08 05:57:09,982 forwin.generation.worker_cli DEBUG No claimable generation task worker_id=forwin-generation-worker-swarm message=no_claimable_generation_task
2026-07-08T05:57:12.055532214Z 2026-07-08 05:57:12,055 forwin.generation.worker_cli DEBUG No claimable generation task worker_id=forwin-generation-worker-swarm message=no_claimable_generation_task
2026-07-08T05:57:14.102482918Z 2026-07-08 05:57:14,102 forwin.generation.worker_cli DEBUG No claimable generation task worker_id=forwin-generation-worker-swarm message=no_claimable_generation_task
2026-07-08T05:57:16.135127491Z 2026-07-08 05:57:16,135 forwin.generation.worker_cli DEBUG No claimable generation task worker_id=forwin-generation-worker-swarm message=no_claimable_generation_task
2026-07-08T05:57:18.187335230Z 2026-07-08 05:57:18,186 forwin.generation.worker_cli DEBUG No claimable generation task worker_id=forwin-generation-worker-swarm message=no_claimable_generation_task
2026-07-08T05:57:20.228994603Z 2026-07-08 05:57:20,228 forwin.generation.worker_cli DEBUG No claimable generation task worker_id=forwin-generation-worker-swarm message=no_claimable_generation_task
2026-07-08T05:57:22.282603072Z 2026-07-08 05:57:22,282 forwin.generation.worker_cli DEBUG No claimable generation task worker_id=forwin-generation-worker-swarm message=no_claimable_generation_task
2026-07-08T05:57:24.323073664Z 2026-07-08 05:57:24,322 forwin.generation.worker_cli DEBUG No claimable generation task worker_id=forwin-generation-worker-swarm message=no_claimable_generation_task
2026-07-08T05:57:26.367847406Z 2026-07-08 05:57:26,367 forwin.generation.worker_cli DEBUG No claimable generation task worker_id=forwin-generation-worker-swarm message=no_claimable_generation_task
2026-07-08T05:57:28.423191321Z 2026-07-08 05:57:28,422 forwin.generation.worker_cli DEBUG No claimable generation task worker_id=forwin-generation-worker-swarm message=no_claimable_generation_task
2026-07-08T05:57:30.465626861Z 2026-07-08 05:57:30,465 forwin.generation.worker_cli DEBUG No claimable generation task worker_id=forwin-generation-worker-swarm message=no_claimable_generation_task
2026-07-08T05:57:32.522774840Z 2026-07-08 05:57:32,522 forwin.generation.worker_cli DEBUG No claimable generation task worker_id=forwin-generation-worker-swarm message=no_claimable_generation_task
2026-07-08T05:57:34.562071592Z 2026-07-08 05:57:34,561 forwin.generation.worker_cli DEBUG No claimable generation task worker_id=forwin-generation-worker-swarm message=no_claimable_generation_task
2026-07-08T05:57:36.614447818Z 2026-07-08 05:57:36,614 forwin.generation.worker_cli DEBUG No claimable generation task worker_id=forwin-generation-worker-swarm message=no_claimable_generation_task
2026-07-08T05:57:38.737310906Z 2026-07-08 05:57:38,736 forwin.observability.sinks INFO observability_event event_type=generation_worker_claimed project_id=acde0ad10d544995b09e97a6f153f969 task_id=f80f939a4427 chapter=0
2026-07-08T05:57:43.455752182Z 2026-07-08 05:57:43,455 forwin.runtime.container INFO retention_cleanup_completed performance_spans=0 prompt_traces=0 candidate_drafts=0
2026-07-08T05:57:43.548010371Z 2026-07-08 05:57:43,547 urllib3.connectionpool DEBUG Starting new HTTP connection (1): 10.0.0.150:19000
2026-07-08T05:57:43.566071566Z 2026-07-08 05:57:43,566 urllib3.connectionpool DEBUG http://10.0.0.150:19000 "GET /forwin-artifacts?location= HTTP/1.1" 200 0
2026-07-08T05:57:43.573802637Z 2026-07-08 05:57:43,573 urllib3.connectionpool DEBUG http://10.0.0.150:19000 "HEAD /forwin-artifacts HTTP/1.1" 200 0
2026-07-08T05:57:43.577234525Z 2026-07-08 05:57:43,577 httpcore.connection DEBUG connect_tcp.started host='10.0.0.150' port=8080 local_address=None timeout=10.0 socket_options=None
2026-07-08T05:57:43.583490550Z 2026-07-08 05:57:43,583 httpcore.connection DEBUG connect_tcp.complete return_value=<httpcore._backends.sync.SyncStream object at 0xeb9731e1a660>
2026-07-08T05:57:43.583533800Z 2026-07-08 05:57:43,583 httpcore.http11 DEBUG send_request_headers.started request=<Request [b'GET']>
2026-07-08T05:57:43.583611258Z 2026-07-08 05:57:43,583 httpcore.http11 DEBUG send_request_headers.complete
2026-07-08T05:57:43.583614800Z 2026-07-08 05:57:43,583 httpcore.http11 DEBUG send_request_body.started request=<Request [b'GET']>
2026-07-08T05:57:43.583659509Z 2026-07-08 05:57:43,583 httpcore.http11 DEBUG send_request_body.complete
2026-07-08T05:57:43.583662259Z 2026-07-08 05:57:43,583 httpcore.http11 DEBUG receive_response_headers.started request=<Request [b'GET']>
2026-07-08T05:57:43.604823632Z 2026-07-08 05:57:43,604 httpcore.http11 DEBUG receive_response_headers.complete return_value=(b'HTTP/1.1', 200, b'OK', [(b'date', b'Wed, 08 Jul 2026 05:57:43 GMT'), (b'server', b'uvicorn'), (b'content-length', b'60'), (b'content-type', b'application/json')])
2026-07-08T05:57:43.605037508Z 2026-07-08 05:57:43,604 httpx INFO HTTP Request: GET http://10.0.0.150:8080/metadata "HTTP/1.1 200 OK"
2026-07-08T05:57:43.605071758Z 2026-07-08 05:57:43,605 httpcore.http11 DEBUG receive_response_body.started request=<Request [b'GET']>
2026-07-08T05:57:43.605113133Z 2026-07-08 05:57:43,605 httpcore.http11 DEBUG receive_response_body.complete
2026-07-08T05:57:43.605129716Z 2026-07-08 05:57:43,605 httpcore.http11 DEBUG response_closed.started
2026-07-08T05:57:43.605132716Z 2026-07-08 05:57:43,605 httpcore.http11 DEBUG response_closed.complete
2026-07-08T05:57:43.844543682Z 2026-07-08 05:57:43,844 httpcore.connection DEBUG connect_tcp.started host='10.0.0.150' port=16335 local_address=None timeout=5.0 socket_options=None
2026-07-08T05:57:43.847148567Z 2026-07-08 05:57:43,847 httpcore.connection DEBUG connect_tcp.started host='10.0.0.150' port=16335 local_address=None timeout=5 socket_options=None
2026-07-08T05:57:43.857726025Z 2026-07-08 05:57:43,857 httpcore.connection DEBUG connect_tcp.complete return_value=<httpcore._backends.sync.SyncStream object at 0xeb971a685e50>
2026-07-08T05:57:43.857766983Z 2026-07-08 05:57:43,857 httpcore.http11 DEBUG send_request_headers.started request=<Request [b'GET']>
2026-07-08T05:57:43.857875234Z 2026-07-08 05:57:43,857 httpcore.connection DEBUG connect_tcp.complete return_value=<httpcore._backends.sync.SyncStream object at 0xeb971a6865d0>
2026-07-08T05:57:43.857901900Z 2026-07-08 05:57:43,857 httpcore.http11 DEBUG send_request_headers.started request=<Request [b'GET']>
2026-07-08T05:57:43.858017609Z 2026-07-08 05:57:43,857 httpcore.http11 DEBUG send_request_headers.complete
2026-07-08T05:57:43.858019943Z 2026-07-08 05:57:43,857 httpcore.http11 DEBUG send_request_body.started request=<Request [b'GET']>
2026-07-08T05:57:43.858022776Z 2026-07-08 05:57:43,857 httpcore.http11 DEBUG send_request_body.complete
2026-07-08T05:57:43.858049359Z 2026-07-08 05:57:43,858 httpcore.http11 DEBUG receive_response_headers.started request=<Request [b'GET']>
2026-07-08T05:57:43.858125401Z 2026-07-08 05:57:43,858 httpcore.http11 DEBUG send_request_headers.complete
2026-07-08T05:57:43.858127526Z 2026-07-08 05:57:43,858 httpcore.http11 DEBUG send_request_body.started request=<Request [b'GET']>
2026-07-08T05:57:43.858181360Z 2026-07-08 05:57:43,858 httpcore.http11 DEBUG send_request_body.complete
2026-07-08T05:57:43.858183568Z 2026-07-08 05:57:43,858 httpcore.http11 DEBUG receive_response_headers.started request=<Request [b'GET']>
2026-07-08T05:57:43.871061326Z 2026-07-08 05:57:43,870 httpcore.http11 DEBUG receive_response_headers.complete return_value=(b'HTTP/1.1', 200, b'OK', [(b'transfer-encoding', b'chunked'), (b'content-encoding', b'gzip'), (b'vary', b'accept-encoding, Origin, Access-Control-Request-Method, Access-Control-Request-Headers'), (b'content-type', b'application/json'), (b'date', b'Wed, 08 Jul 2026 05:57:43 GMT')])
2026-07-08T05:57:43.871140743Z 2026-07-08 05:57:43,871 httpx INFO HTTP Request: GET http://10.0.0.150:16335 "HTTP/1.1 200 OK"
2026-07-08T05:57:43.871202410Z 2026-07-08 05:57:43,871 httpcore.http11 DEBUG receive_response_body.started request=<Request [b'GET']>
2026-07-08T05:57:43.871255827Z 2026-07-08 05:57:43,871 httpcore.http11 DEBUG receive_response_body.complete
2026-07-08T05:57:43.871281202Z 2026-07-08 05:57:43,871 httpcore.http11 DEBUG response_closed.started
2026-07-08T05:57:43.871372619Z 2026-07-08 05:57:43,871 httpcore.http11 DEBUG response_closed.complete
2026-07-08T05:57:43.871374494Z 2026-07-08 05:57:43,871 httpcore.connection DEBUG close.started
2026-07-08T05:57:43.871430453Z 2026-07-08 05:57:43,871 httpcore.http11 DEBUG receive_response_headers.complete return_value=(b'HTTP/1.1', 200, b'OK', [(b'transfer-encoding', b'chunked'), (b'content-type', b'application/json'), (b'content-encoding', b'gzip'), (b'vary', b'accept-encoding, Origin, Access-Control-Request-Method, Access-Control-Request-Headers'), (b'date', b'Wed, 08 Jul 2026 05:57:43 GMT')])
2026-07-08T05:57:43.871484036Z 2026-07-08 05:57:43,871 httpx INFO HTTP Request: GET http://10.0.0.150:16335/collections "HTTP/1.1 200 OK"
2026-07-08T05:57:43.871532161Z 2026-07-08 05:57:43,871 httpcore.http11 DEBUG receive_response_body.started request=<Request [b'GET']>
2026-07-08T05:57:43.871583412Z 2026-07-08 05:57:43,871 httpcore.connection DEBUG close.complete
2026-07-08T05:57:43.871684370Z 2026-07-08 05:57:43,871 httpcore.http11 DEBUG receive_response_body.complete
2026-07-08T05:57:43.871686412Z 2026-07-08 05:57:43,871 httpcore.http11 DEBUG response_closed.started
2026-07-08T05:57:43.871687287Z 2026-07-08 05:57:43,871 httpcore.http11 DEBUG response_closed.complete
2026-07-08T05:57:43.872045830Z 2026-07-08 05:57:43,871 httpcore.http11 DEBUG send_request_headers.started request=<Request [b'GET']>
2026-07-08T05:57:43.872113539Z 2026-07-08 05:57:43,872 httpcore.http11 DEBUG send_request_headers.complete
2026-07-08T05:57:43.872115914Z 2026-07-08 05:57:43,872 httpcore.http11 DEBUG send_request_body.started request=<Request [b'GET']>
2026-07-08T05:57:43.872116830Z 2026-07-08 05:57:43,872 httpcore.http11 DEBUG send_request_body.complete
2026-07-08T05:57:43.872117539Z 2026-07-08 05:57:43,872 httpcore.http11 DEBUG receive_response_headers.started request=<Request [b'GET']>
2026-07-08T05:57:43.879334150Z 2026-07-08 05:57:43,879 httpcore.http11 DEBUG receive_response_headers.complete return_value=(b'HTTP/1.1', 200, b'OK', [(b'transfer-encoding', b'chunked'), (b'content-type', b'application/json'), (b'content-encoding', b'gzip'), (b'vary', b'accept-encoding, Origin, Access-Control-Request-Method, Access-Control-Request-Headers'), (b'date', b'Wed, 08 Jul 2026 05:57:43 GMT')])
2026-07-08T05:57:43.879384317Z 2026-07-08 05:57:43,879 httpx INFO HTTP Request: GET http://10.0.0.150:16335/collections/chapter_memories "HTTP/1.1 200 OK"
2026-07-08T05:57:43.879409942Z 2026-07-08 05:57:43,879 httpcore.http11 DEBUG receive_response_body.started request=<Request [b'GET']>
2026-07-08T05:57:43.879459359Z 2026-07-08 05:57:43,879 httpcore.http11 DEBUG receive_response_body.complete
2026-07-08T05:57:43.879461109Z 2026-07-08 05:57:43,879 httpcore.http11 DEBUG response_closed.started
2026-07-08T05:57:43.879470234Z 2026-07-08 05:57:43,879 httpcore.http11 DEBUG response_closed.complete
2026-07-08T05:57:43.879881235Z 2026-07-08 05:57:43,879 forwin.retrieval.memory_index WARNING Qdrant collection chapter_memories has vector size 64, expected 384; using chapter_memories_384d instead.
2026-07-08T05:57:43.879975902Z 2026-07-08 05:57:43,879 httpcore.http11 DEBUG send_request_headers.started request=<Request [b'GET']>
2026-07-08T05:57:43.880034069Z 2026-07-08 05:57:43,879 httpcore.http11 DEBUG send_request_headers.complete
2026-07-08T05:57:43.880035861Z 2026-07-08 05:57:43,880 httpcore.http11 DEBUG send_request_body.started request=<Request [b'GET']>
2026-07-08T05:57:43.880059986Z 2026-07-08 05:57:43,880 httpcore.http11 DEBUG send_request_body.complete
2026-07-08T05:57:43.880061986Z 2026-07-08 05:57:43,880 httpcore.http11 DEBUG receive_response_headers.started request=<Request [b'GET']>
2026-07-08T05:57:43.892311492Z 2026-07-08 05:57:43,892 httpcore.http11 DEBUG receive_response_headers.complete return_value=(b'HTTP/1.1', 200, b'OK', [(b'transfer-encoding', b'chunked'), (b'content-type', b'application/json'), (b'content-encoding', b'gzip'), (b'vary', b'accept-encoding, Origin, Access-Control-Request-Method, Access-Control-Request-Headers'), (b'date', b'Wed, 08 Jul 2026 05:57:43 GMT')])
2026-07-08T05:57:43.892372450Z 2026-07-08 05:57:43,892 httpx INFO HTTP Request: GET http://10.0.0.150:16335/collections/chapter_memories_384d "HTTP/1.1 200 OK"
2026-07-08T05:57:43.892376783Z 2026-07-08 05:57:43,892 httpcore.http11 DEBUG receive_response_body.started request=<Request [b'GET']>
2026-07-08T05:57:43.892459159Z 2026-07-08 05:57:43,892 httpcore.http11 DEBUG receive_response_body.complete
2026-07-08T05:57:43.892460950Z 2026-07-08 05:57:43,892 httpcore.http11 DEBUG response_closed.started
2026-07-08T05:57:43.892471076Z 2026-07-08 05:57:43,892 httpcore.http11 DEBUG response_closed.complete
2026-07-08T05:57:43.892633159Z 2026-07-08 05:57:43,892 httpcore.http11 DEBUG send_request_headers.started request=<Request [b'GET']>
2026-07-08T05:57:43.892670035Z 2026-07-08 05:57:43,892 httpcore.http11 DEBUG send_request_headers.complete
2026-07-08T05:57:43.892671326Z 2026-07-08 05:57:43,892 httpcore.http11 DEBUG send_request_body.started request=<Request [b'GET']>
2026-07-08T05:57:43.892710493Z 2026-07-08 05:57:43,892 httpcore.http11 DEBUG send_request_body.complete
2026-07-08T05:57:43.892713201Z 2026-07-08 05:57:43,892 httpcore.http11 DEBUG receive_response_headers.started request=<Request [b'GET']>
2026-07-08T05:57:43.902453197Z 2026-07-08 05:57:43,902 httpcore.http11 DEBUG receive_response_headers.complete return_value=(b'HTTP/1.1', 200, b'OK', [(b'transfer-encoding', b'chunked'), (b'content-type', b'application/json'), (b'content-encoding', b'gzip'), (b'vary', b'accept-encoding, Origin, Access-Control-Request-Method, Access-Control-Request-Headers'), (b'date', b'Wed, 08 Jul 2026 05:57:43 GMT')])
2026-07-08T05:57:43.902493364Z 2026-07-08 05:57:43,902 httpx INFO HTTP Request: GET http://10.0.0.150:16335/collections "HTTP/1.1 200 OK"
2026-07-08T05:57:43.902523989Z 2026-07-08 05:57:43,902 httpcore.http11 DEBUG receive_response_body.started request=<Request [b'GET']>
2026-07-08T05:57:43.902564906Z 2026-07-08 05:57:43,902 httpcore.http11 DEBUG receive_response_body.complete
2026-07-08T05:57:43.902566781Z 2026-07-08 05:57:43,902 httpcore.http11 DEBUG response_closed.started
2026-07-08T05:57:43.902592073Z 2026-07-08 05:57:43,902 httpcore.http11 DEBUG response_closed.complete
2026-07-08T05:57:44.196540291Z 2026-07-08 05:57:44,196 forwin.observability.recorder INFO observability_event event_type=task_operation_started project_id=acde0ad10d544995b09e97a6f153f969 task_id=f80f939a4427 chapter=0
2026-07-08T05:57:44.289323358Z 2026-07-08 05:57:44,289 forwin.orchestrator_loop_core.run_control WARNING Resetting orphan needs_review chapter back to planned for project=acde0ad10d544995b09e97a6f153f969 chapter=1
2026-07-08T05:57:44.308412140Z 2026-07-08 05:57:44,308 forwin.orchestrator_loop_core.run_control WARNING Resetting orphan needs_review chapter back to planned for project=acde0ad10d544995b09e97a6f153f969 chapter=2
2026-07-08T05:57:44.327702339Z 2026-07-08 05:57:44,327 forwin.orchestrator_loop_core.run_control WARNING Resetting orphan needs_review chapter back to planned for project=acde0ad10d544995b09e97a6f153f969 chapter=3
2026-07-08T05:57:44.348088793Z 2026-07-08 05:57:44,347 forwin.orchestrator_loop_core.run_control WARNING Resetting orphan needs_review chapter back to planned for project=acde0ad10d544995b09e97a6f153f969 chapter=4
2026-07-08T05:57:44.371012840Z 2026-07-08 05:57:44,370 forwin.orchestrator_loop_core.run_control WARNING Resetting orphan needs_review chapter back to planned for project=acde0ad10d544995b09e97a6f153f969 chapter=5
2026-07-08T05:57:44.400724788Z 2026-07-08 05:57:44,400 forwin.orchestrator_loop_core.run_control WARNING Resetting orphan needs_review chapter back to planned for project=acde0ad10d544995b09e97a6f153f969 chapter=6
2026-07-08T05:57:44.434583877Z 2026-07-08 05:57:44,434 forwin.orchestrator_loop_core.run_control WARNING Resetting orphan needs_review chapter back to planned for project=acde0ad10d544995b09e97a6f153f969 chapter=7
2026-07-08T05:57:44.464379117Z 2026-07-08 05:57:44,464 forwin.orchestrator_loop_core.run_control WARNING Resetting orphan needs_review chapter back to planned for project=acde0ad10d544995b09e97a6f153f969 chapter=8
2026-07-08T05:57:44.483830901Z 2026-07-08 05:57:44,483 forwin.orchestrator_loop_core.run_control WARNING Resetting orphan needs_review chapter back to planned for project=acde0ad10d544995b09e97a6f153f969 chapter=9
2026-07-08T05:57:44.502677432Z 2026-07-08 05:57:44,502 forwin.orchestrator_loop_core.run_control WARNING Resetting orphan needs_review chapter back to planned for project=acde0ad10d544995b09e97a6f153f969 chapter=10
2026-07-08T05:57:44.523167386Z 2026-07-08 05:57:44,522 forwin.orchestrator_loop_core.run_control WARNING Resetting orphan needs_review chapter back to planned for project=acde0ad10d544995b09e97a6f153f969 chapter=11
2026-07-08T05:57:44.540954663Z 2026-07-08 05:57:44,540 forwin.orchestrator_loop_core.run_control WARNING Resetting orphan needs_review chapter back to planned for project=acde0ad10d544995b09e97a6f153f969 chapter=12
2026-07-08T05:57:44.566234469Z 2026-07-08 05:57:44,565 forwin.orchestrator_loop_core.run_control WARNING Resetting orphan needs_review chapter back to planned for project=acde0ad10d544995b09e97a6f153f969 chapter=13
2026-07-08T05:57:44.585726544Z 2026-07-08 05:57:44,585 forwin.orchestrator_loop_core.run_control WARNING Resetting orphan needs_review chapter back to planned for project=acde0ad10d544995b09e97a6f153f969 chapter=14
2026-07-08T05:57:44.602259233Z 2026-07-08 05:57:44,601 forwin.orchestrator_loop_core.run_control WARNING Resetting orphan needs_review chapter back to planned for project=acde0ad10d544995b09e97a6f153f969 chapter=15
2026-07-08T05:57:44.622766687Z 2026-07-08 05:57:44,622 forwin.orchestrator_loop_core.run_control WARNING Resetting orphan needs_review chapter back to planned for project=acde0ad10d544995b09e97a6f153f969 chapter=16
2026-07-08T05:57:44.641394759Z 2026-07-08 05:57:44,641 forwin.orchestrator_loop_core.run_control WARNING Resetting orphan needs_review chapter back to planned for project=acde0ad10d544995b09e97a6f153f969 chapter=17
2026-07-08T05:57:44.667321859Z 2026-07-08 05:57:44,666 forwin.orchestrator_loop_core.run_control WARNING Resetting orphan needs_review chapter back to planned for project=acde0ad10d544995b09e97a6f153f969 chapter=18
2026-07-08T05:57:44.686854435Z 2026-07-08 05:57:44,686 forwin.orchestrator_loop_core.run_control WARNING Resetting orphan needs_review chapter back to planned for project=acde0ad10d544995b09e97a6f153f969 chapter=19
2026-07-08T05:57:44.707893141Z 2026-07-08 05:57:44,707 forwin.orchestrator_loop_core.run_control WARNING Resetting orphan needs_review chapter back to planned for project=acde0ad10d544995b09e97a6f153f969 chapter=20
2026-07-08T05:57:44.733913783Z 2026-07-08 05:57:44,733 forwin.orchestrator_loop_core.run_control WARNING Resetting orphan needs_review chapter back to planned for project=acde0ad10d544995b09e97a6f153f969 chapter=21
2026-07-08T05:57:44.757546791Z 2026-07-08 05:57:44,757 forwin.orchestrator_loop_core.run_control WARNING Resetting orphan needs_review chapter back to planned for project=acde0ad10d544995b09e97a6f153f969 chapter=22
2026-07-08T05:57:44.783456849Z 2026-07-08 05:57:44,783 forwin.orchestrator_loop_core.run_control WARNING Resetting orphan needs_review chapter back to planned for project=acde0ad10d544995b09e97a6f153f969 chapter=23
2026-07-08T05:57:44.802379339Z 2026-07-08 05:57:44,802 forwin.orchestrator_loop_core.run_control WARNING Resetting orphan needs_review chapter back to planned for project=acde0ad10d544995b09e97a6f153f969 chapter=24
2026-07-08T05:57:44.820124116Z 2026-07-08 05:57:44,819 forwin.orchestrator_loop_core.run_control WARNING Resetting orphan needs_review chapter back to planned for project=acde0ad10d544995b09e97a6f153f969 chapter=25
2026-07-08T05:57:44.878488966Z 2026-07-08 05:57:44,878 forwin.orchestrator_loop_core.run_control WARNING Resetting orphan needs_review chapter back to planned for project=acde0ad10d544995b09e97a6f153f969 chapter=26
2026-07-08T05:57:44.899129796Z 2026-07-08 05:57:44,898 forwin.orchestrator_loop_core.run_control WARNING Resetting orphan needs_review chapter back to planned for project=acde0ad10d544995b09e97a6f153f969 chapter=27
2026-07-08T05:57:44.915527568Z 2026-07-08 05:57:44,915 forwin.orchestrator_loop_core.run_control WARNING Resetting orphan needs_review chapter back to planned for project=acde0ad10d544995b09e97a6f153f969 chapter=28
2026-07-08T05:57:44.934052306Z 2026-07-08 05:57:44,933 forwin.orchestrator_loop_core.run_control WARNING Resetting orphan needs_review chapter back to planned for project=acde0ad10d544995b09e97a6f153f969 chapter=29
2026-07-08T05:57:44.949911200Z 2026-07-08 05:57:44,949 forwin.orchestrator_loop_core.run_control WARNING Resetting orphan needs_review chapter back to planned for project=acde0ad10d544995b09e97a6f153f969 chapter=30
2026-07-08T05:57:45.550860939Z 2026-07-08 05:57:45,550 httpcore.connection DEBUG connect_tcp.started host='10.0.0.150' port=8895 local_address=None timeout=10.0 socket_options=None
2026-07-08T05:57:45.557501798Z 2026-07-08 05:57:45,557 httpcore.connection DEBUG connect_tcp.failed exception=ConnectError(ConnectionRefusedError(111, 'Connection refused'))
2026-07-08T05:57:45.557665132Z 2026-07-08 05:57:45,557 forwin.writer.llm.adapter DEBUG LLMClient.chat attempt=1/2 model=kimi-k2.5 messages=2 max_tokens=1800
2026-07-08T05:57:45.557927633Z 2026-07-08 05:57:45,557 httpcore.connection DEBUG connect_tcp.started host='api.moonshot.cn' port=443 local_address=None timeout=10.0 socket_options=None
2026-07-08T05:57:45.894362182Z 2026-07-08 05:57:45,893 httpcore.connection DEBUG connect_tcp.complete return_value=<httpcore._backends.sync.SyncStream object at 0xeb971a69dcd0>
2026-07-08T05:57:45.894485516Z 2026-07-08 05:57:45,894 httpcore.connection DEBUG start_tls.started ssl_context=<ssl.SSLContext object at 0xeb972c94bd90> server_hostname='api.moonshot.cn' timeout=10.0
2026-07-08T05:57:46.613055668Z 2026-07-08 05:57:46,612 httpcore.connection DEBUG start_tls.complete return_value=<httpcore._backends.sync.SyncStream object at 0xeb971a69e3f0>
2026-07-08T05:57:46.613114169Z 2026-07-08 05:57:46,613 httpcore.http11 DEBUG send_request_headers.started request=<Request [b'POST']>
2026-07-08T05:57:46.613421962Z 2026-07-08 05:57:46,613 httpcore.http11 DEBUG send_request_headers.complete
2026-07-08T05:57:46.613427670Z 2026-07-08 05:57:46,613 httpcore.http11 DEBUG send_request_body.started request=<Request [b'POST']>
2026-07-08T05:57:46.613574129Z 2026-07-08 05:57:46,613 httpcore.http11 DEBUG send_request_body.complete
2026-07-08T05:57:46.613582879Z 2026-07-08 05:57:46,613 httpcore.http11 DEBUG receive_response_headers.started request=<Request [b'POST']>
2026-07-08T05:57:47.021133954Z 2026-07-08 05:57:47,020 httpcore.http11 DEBUG receive_response_headers.complete return_value=(b'HTTP/1.1', 429, b'Too Many Requests', [(b'Date', b'Wed, 08 Jul 2026 05:57:46 GMT'), (b'Content-Type', b'application/json; charset=utf-8'), (b'Content-Length', b'257'), (b'Connection', b'keep-alive'), (b'Set-Cookie', b'aliyungf_tc=4fb228a7eaccb75795015d0201237e7cba107d7850834ba14f1649542b14d0df; Path=/; HttpOnly'), (b'Msh-Gid', b'enterprise-tier-2'), (b'Msh-Org-Id', b'org-4783af77d82146eb9cdb963ca303699f'), (b'Msh-Project-Id', b'proj-b38ca7c5b03d4098a2e2d407f387adc1'), (b'Msh-Request-Id', b'f1b5aa5a-7a91-11f1-9c55-8eb457da7677'), (b'Msh-Trace-Mode', b'on'), (b'Msh-Uid', b'd79a43tqip65nogbrrkg'), (b'Vary', b'Origin'), (b'Strict-Transport-Security', b'max-age=31536000; includeSubDomains')])
2026-07-08T05:57:47.021961999Z 2026-07-08 05:57:47,021 httpx INFO HTTP Request: POST https://api.moonshot.cn/v1/chat/completions "HTTP/1.1 429 Too Many Requests"
2026-07-08T05:57:47.022111250Z 2026-07-08 05:57:47,021 httpcore.http11 DEBUG receive_response_body.started request=<Request [b'POST']>
2026-07-08T05:57:47.022404501Z 2026-07-08 05:57:47,022 httpcore.http11 DEBUG receive_response_body.complete
2026-07-08T05:57:47.022466126Z 2026-07-08 05:57:47,022 httpcore.http11 DEBUG response_closed.started
2026-07-08T05:57:47.022725627Z 2026-07-08 05:57:47,022 httpcore.http11 DEBUG response_closed.complete
2026-07-08T05:57:47.024040465Z 2026-07-08 05:57:47,023 forwin.writer.llm.adapter WARNING Transient LLM HTTP status 429. Waiting 2.0 s before retry 2/2.
2026-07-08T05:57:49.031767689Z 2026-07-08 05:57:49,031 forwin.writer.llm.adapter DEBUG LLMClient.chat attempt=2/2 model=kimi-k2.5 messages=2 max_tokens=1800
2026-07-08T05:57:49.033903239Z 2026-07-08 05:57:49,033 httpcore.http11 DEBUG send_request_headers.started request=<Request [b'POST']>
2026-07-08T05:57:49.034582283Z 2026-07-08 05:57:49,034 httpcore.http11 DEBUG send_request_headers.complete
2026-07-08T05:57:49.034610575Z 2026-07-08 05:57:49,034 httpcore.http11 DEBUG send_request_body.started request=<Request [b'POST']>
2026-07-08T05:57:49.034949952Z 2026-07-08 05:57:49,034 httpcore.http11 DEBUG send_request_body.complete
2026-07-08T05:57:49.034964952Z 2026-07-08 05:57:49,034 httpcore.http11 DEBUG receive_response_headers.started request=<Request [b'POST']>
2026-07-08T05:57:49.452375151Z 2026-07-08 05:57:49,452 httpcore.http11 DEBUG receive_response_headers.complete return_value=(b'HTTP/1.1', 429, b'Too Many Requests', [(b'Date', b'Wed, 08 Jul 2026 05:57:49 GMT'), (b'Content-Type', b'application/json; charset=utf-8'), (b'Content-Length', b'257'), (b'Connection', b'keep-alive'), (b'Msh-Gid', b'enterprise-tier-2'), (b'Msh-Org-Id', b'org-4783af77d82146eb9cdb963ca303699f'), (b'Msh-Project-Id', b'proj-b38ca7c5b03d4098a2e2d407f387adc1'), (b'Msh-Request-Id', b'f3271885-7a91-11f1-9e67-d218258b9108'), (b'Msh-Trace-Mode', b'on'), (b'Msh-Uid', b'd79a43tqip65nogbrrkg'), (b'Vary', b'Origin'), (b'Strict-Transport-Security', b'max-age=31536000; includeSubDomains')])
2026-07-08T05:57:49.452463943Z 2026-07-08 05:57:49,452 httpx INFO HTTP Request: POST https://api.moonshot.cn/v1/chat/completions "HTTP/1.1 429 Too Many Requests"
2026-07-08T05:57:49.452492109Z 2026-07-08 05:57:49,452 httpcore.http11 DEBUG receive_response_body.started request=<Request [b'POST']>
2026-07-08T05:57:49.452509068Z 2026-07-08 05:57:49,452 httpcore.http11 DEBUG receive_response_body.complete
2026-07-08T05:57:49.452558235Z 2026-07-08 05:57:49,452 httpcore.http11 DEBUG response_closed.started
2026-07-08T05:57:49.452559651Z 2026-07-08 05:57:49,452 httpcore.http11 DEBUG response_closed.complete
2026-07-08T05:57:49.452815194Z 2026-07-08 05:57:49,452 forwin.director.arc_director WARNING ArcDirector JSON call failed on attempt 1/3: Client error '429 Too Many Requests' for url 'https://api.moonshot.cn/v1/chat/completions'
2026-07-08T05:57:49.452818694Z For more information check: https://developer.mozilla.org/en-US/docs/Web/HTTP/Status/429
2026-07-08T05:57:49.453052486Z 2026-07-08 05:57:49,453 httpcore.connection DEBUG connect_tcp.started host='10.0.0.150' port=8895 local_address=None timeout=10.0 socket_options=None
2026-07-08T05:57:49.477849416Z 2026-07-08 05:57:49,477 httpcore.connection DEBUG connect_tcp.failed exception=ConnectError(ConnectionRefusedError(111, 'Connection refused'))
2026-07-08T05:57:49.477998083Z 2026-07-08 05:57:49,477 forwin.writer.llm.adapter DEBUG LLMClient.chat attempt=1/2 model=kimi-k2.5 messages=2 max_tokens=1800
2026-07-08T05:57:49.478330209Z 2026-07-08 05:57:49,478 httpcore.http11 DEBUG send_request_headers.started request=<Request [b'POST']>
2026-07-08T05:57:49.478462585Z 2026-07-08 05:57:49,478 httpcore.http11 DEBUG send_request_headers.complete
2026-07-08T05:57:49.478465252Z 2026-07-08 05:57:49,478 httpcore.http11 DEBUG send_request_body.started request=<Request [b'POST']>
2026-07-08T05:57:49.478504252Z 2026-07-08 05:57:49,478 httpcore.http11 DEBUG send_request_body.complete
2026-07-08T05:57:49.478506418Z 2026-07-08 05:57:49,478 httpcore.http11 DEBUG receive_response_headers.started request=<Request [b'POST']>
2026-07-08T05:57:49.881493478Z 2026-07-08 05:57:49,881 httpcore.http11 DEBUG receive_response_headers.complete return_value=(b'HTTP/1.1', 429, b'Too Many Requests', [(b'Date', b'Wed, 08 Jul 2026 05:57:49 GMT'), (b'Content-Type', b'application/json; charset=utf-8'), (b'Content-Length', b'257'), (b'Connection', b'keep-alive'), (b'Msh-Gid', b'enterprise-tier-2'), (b'Msh-Org-Id', b'org-4783af77d82146eb9cdb963ca303699f'), (b'Msh-Project-Id', b'proj-b38ca7c5b03d4098a2e2d407f387adc1'), (b'Msh-Request-Id', b'f36b1082-7a91-11f1-9f31-16f91790909e'), (b'Msh-Trace-Mode', b'on'), (b'Msh-Uid', b'd79a43tqip65nogbrrkg'), (b'Vary', b'Origin'), (b'Strict-Transport-Security', b'max-age=31536000; includeSubDomains')])
2026-07-08T05:57:49.882027397Z 2026-07-08 05:57:49,881 httpx INFO HTTP Request: POST https://api.moonshot.cn/v1/chat/completions "HTTP/1.1 429 Too Many Requests"
2026-07-08T05:57:49.882170647Z 2026-07-08 05:57:49,882 httpcore.http11 DEBUG receive_response_body.started request=<Request [b'POST']>
2026-07-08T05:57:49.882352231Z 2026-07-08 05:57:49,882 httpcore.http11 DEBUG receive_response_body.complete
2026-07-08T05:57:49.882571066Z 2026-07-08 05:57:49,882 httpcore.http11 DEBUG response_closed.started
2026-07-08T05:57:49.882586316Z 2026-07-08 05:57:49,882 httpcore.http11 DEBUG response_closed.complete
2026-07-08T05:57:49.883720778Z 2026-07-08 05:57:49,883 forwin.writer.llm.adapter WARNING Transient LLM HTTP status 429. Waiting 2.0 s before retry 2/2.
2026-07-08T05:57:51.887734706Z 2026-07-08 05:57:51,887 forwin.writer.llm.adapter DEBUG LLMClient.chat attempt=2/2 model=kimi-k2.5 messages=2 max_tokens=1800
2026-07-08T05:57:51.889838589Z 2026-07-08 05:57:51,889 httpcore.http11 DEBUG send_request_headers.started request=<Request [b'POST']>
2026-07-08T05:57:51.890524217Z 2026-07-08 05:57:51,890 httpcore.http11 DEBUG send_request_headers.complete
2026-07-08T05:57:51.890556301Z 2026-07-08 05:57:51,890 httpcore.http11 DEBUG send_request_body.started request=<Request [b'POST']>
2026-07-08T05:57:51.891125011Z 2026-07-08 05:57:51,890 httpcore.http11 DEBUG send_request_body.complete
2026-07-08T05:57:51.891143636Z 2026-07-08 05:57:51,890 httpcore.http11 DEBUG receive_response_headers.started request=<Request [b'POST']>
2026-07-08T05:57:52.114176750Z 2026-07-08 05:57:52,113 httpcore.http11 DEBUG receive_response_headers.complete return_value=(b'HTTP/1.1', 429, b'Too Many Requests', [(b'Date', b'Wed, 08 Jul 2026 05:57:52 GMT'), (b'Content-Type', b'application/json; charset=utf-8'), (b'Content-Length', b'257'), (b'Connection', b'keep-alive'), (b'Msh-Gid', b'enterprise-tier-2'), (b'Msh-Org-Id', b'org-4783af77d82146eb9cdb963ca303699f'), (b'Msh-Project-Id', b'proj-b38ca7c5b03d4098a2e2d407f387adc1'), (b'Msh-Request-Id', b'f4bfa9a7-7a91-11f1-8cd6-b6e5351f2ad1'), (b'Msh-Trace-Mode', b'on'), (b'Msh-Uid', b'd79a43tqip65nogbrrkg'), (b'Vary', b'Origin'), (b'Strict-Transport-Security', b'max-age=31536000; includeSubDomains')])
2026-07-08T05:57:52.114680211Z 2026-07-08 05:57:52,114 httpx INFO HTTP Request: POST https://api.moonshot.cn/v1/chat/completions "HTTP/1.1 429 Too Many Requests"
2026-07-08T05:57:52.114841003Z 2026-07-08 05:57:52,114 httpcore.http11 DEBUG receive_response_body.started request=<Request [b'POST']>
2026-07-08T05:57:52.115013170Z 2026-07-08 05:57:52,114 httpcore.http11 DEBUG receive_response_body.complete
2026-07-08T05:57:52.115027754Z 2026-07-08 05:57:52,114 httpcore.http11 DEBUG response_closed.started
2026-07-08T05:57:52.115190671Z 2026-07-08 05:57:52,115 httpcore.http11 DEBUG response_closed.complete
2026-07-08T05:57:52.116575593Z 2026-07-08 05:57:52,116 forwin.director.arc_director WARNING ArcDirector JSON call failed on attempt 2/3: Client error '429 Too Many Requests' for url 'https://api.moonshot.cn/v1/chat/completions'
2026-07-08T05:57:52.116604385Z For more information check: https://developer.mozilla.org/en-US/docs/Web/HTTP/Status/429
2026-07-08T05:57:52.117429971Z 2026-07-08 05:57:52,117 httpcore.connection DEBUG connect_tcp.started host='10.0.0.150' port=8895 local_address=None timeout=10.0 socket_options=None
2026-07-08T05:57:52.129635227Z 2026-07-08 05:57:52,129 httpcore.connection DEBUG connect_tcp.failed exception=ConnectError(ConnectionRefusedError(111, 'Connection refused'))
2026-07-08T05:57:52.130341480Z 2026-07-08 05:57:52,130 forwin.writer.llm.adapter DEBUG LLMClient.chat attempt=1/2 model=kimi-k2.5 messages=2 max_tokens=1800
2026-07-08T05:57:52.131460942Z 2026-07-08 05:57:52,131 httpcore.http11 DEBUG send_request_headers.started request=<Request [b'POST']>
2026-07-08T05:57:52.131912486Z 2026-07-08 05:57:52,131 httpcore.http11 DEBUG send_request_headers.complete
2026-07-08T05:57:52.131924194Z 2026-07-08 05:57:52,131 httpcore.http11 DEBUG send_request_body.started request=<Request [b'POST']>
2026-07-08T05:57:52.132213362Z 2026-07-08 05:57:52,132 httpcore.http11 DEBUG send_request_body.complete
2026-07-08T05:57:52.132229029Z 2026-07-08 05:57:52,132 httpcore.http11 DEBUG receive_response_headers.started request=<Request [b'POST']>
2026-07-08T05:57:52.374410301Z 2026-07-08 05:57:52,374 httpcore.http11 DEBUG receive_response_headers.complete return_value=(b'HTTP/1.1', 429, b'Too Many Requests', [(b'Date', b'Wed, 08 Jul 2026 05:57:52 GMT'), (b'Content-Type', b'application/json; charset=utf-8'), (b'Content-Length', b'257'), (b'Connection', b'keep-alive'), (b'Msh-Gid', b'enterprise-tier-2'), (b'Msh-Org-Id', b'org-4783af77d82146eb9cdb963ca303699f'), (b'Msh-Project-Id', b'proj-b38ca7c5b03d4098a2e2d407f387adc1'), (b'Msh-Request-Id', b'f4e7034d-7a91-11f1-a1e6-663a6e45fe03'), (b'Msh-Trace-Mode', b'on'), (b'Msh-Uid', b'd79a43tqip65nogbrrkg'), (b'Vary', b'Origin'), (b'Strict-Transport-Security', b'max-age=31536000; includeSubDomains')])
2026-07-08T05:57:52.374901969Z 2026-07-08 05:57:52,374 httpx INFO HTTP Request: POST https://api.moonshot.cn/v1/chat/completions "HTTP/1.1 429 Too Many Requests"
2026-07-08T05:57:52.375036220Z 2026-07-08 05:57:52,374 httpcore.http11 DEBUG receive_response_body.started request=<Request [b'POST']>
2026-07-08T05:57:52.375097845Z 2026-07-08 05:57:52,375 httpcore.http11 DEBUG receive_response_body.complete
2026-07-08T05:57:52.375292012Z 2026-07-08 05:57:52,375 httpcore.http11 DEBUG response_closed.started
2026-07-08T05:57:52.375301929Z 2026-07-08 05:57:52,375 httpcore.http11 DEBUG response_closed.complete
2026-07-08T05:57:52.376362183Z 2026-07-08 05:57:52,376 forwin.writer.llm.adapter WARNING Transient LLM HTTP status 429. Waiting 2.0 s before retry 2/2.
2026-07-08T05:57:54.382967463Z 2026-07-08 05:57:54,382 forwin.writer.llm.adapter DEBUG LLMClient.chat attempt=2/2 model=kimi-k2.5 messages=2 max_tokens=1800
2026-07-08T05:57:54.384884554Z 2026-07-08 05:57:54,384 httpcore.http11 DEBUG send_request_headers.started request=<Request [b'POST']>
2026-07-08T05:57:54.385455056Z 2026-07-08 05:57:54,385 httpcore.http11 DEBUG send_request_headers.complete
2026-07-08T05:57:54.385481681Z 2026-07-08 05:57:54,385 httpcore.http11 DEBUG send_request_body.started request=<Request [b'POST']>
2026-07-08T05:57:54.385755433Z 2026-07-08 05:57:54,385 httpcore.http11 DEBUG send_request_body.complete
2026-07-08T05:57:54.385766266Z 2026-07-08 05:57:54,385 httpcore.http11 DEBUG receive_response_headers.started request=<Request [b'POST']>
2026-07-08T05:57:54.627391245Z 2026-07-08 05:57:54,626 httpcore.http11 DEBUG receive_response_headers.complete return_value=(b'HTTP/1.1', 429, b'Too Many Requests', [(b'Date', b'Wed, 08 Jul 2026 05:57:54 GMT'), (b'Content-Type', b'application/json; charset=utf-8'), (b'Content-Length', b'257'), (b'Connection', b'keep-alive'), (b'Msh-Gid', b'enterprise-tier-2'), (b'Msh-Org-Id', b'org-4783af77d82146eb9cdb963ca303699f'), (b'Msh-Project-Id', b'proj-b38ca7c5b03d4098a2e2d407f387adc1'), (b'Msh-Request-Id', b'f63ede6d-7a91-11f1-af8b-c25bc435e93c'), (b'Msh-Trace-Mode', b'on'), (b'Msh-Uid', b'd79a43tqip65nogbrrkg'), (b'Vary', b'Origin'), (b'Strict-Transport-Security', b'max-age=31536000; includeSubDomains')])
2026-07-08T05:57:54.627892789Z 2026-07-08 05:57:54,627 httpx INFO HTTP Request: POST https://api.moonshot.cn/v1/chat/completions "HTTP/1.1 429 Too Many Requests"
2026-07-08T05:57:54.628015247Z 2026-07-08 05:57:54,627 httpcore.http11 DEBUG receive_response_body.started request=<Request [b'POST']>
2026-07-08T05:57:54.628256082Z 2026-07-08 05:57:54,628 httpcore.http11 DEBUG receive_response_body.complete
2026-07-08T05:57:54.628279748Z 2026-07-08 05:57:54,628 httpcore.http11 DEBUG response_closed.started
2026-07-08T05:57:54.628384332Z 2026-07-08 05:57:54,628 httpcore.http11 DEBUG response_closed.complete
2026-07-08T05:57:54.629662420Z 2026-07-08 05:57:54,629 forwin.director.arc_director WARNING ArcDirector JSON call failed on attempt 3/3: Client error '429 Too Many Requests' for url 'https://api.moonshot.cn/v1/chat/completions'
2026-07-08T05:57:54.629687254Z For more information check: https://developer.mozilla.org/en-US/docs/Web/HTTP/Status/429
2026-07-08T05:57:54.630106714Z 2026-07-08 05:57:54,629 forwin.director.arc_director WARNING ArcDirector falling back to deterministic scaffold: Client error '429 Too Many Requests' for url 'https://api.moonshot.cn/v1/chat/completions'
2026-07-08T05:57:54.630118630Z For more information check: https://developer.mozilla.org/en-US/docs/Web/HTTP/Status/429
2026-07-08T05:57:55.141141571Z 2026-07-08 05:57:55,140 httpcore.connection DEBUG connect_tcp.started host='10.0.0.150' port=8895 local_address=None timeout=10.0 socket_options=None
2026-07-08T05:57:55.148228599Z 2026-07-08 05:57:55,148 httpcore.connection DEBUG connect_tcp.failed exception=ConnectError(ConnectionRefusedError(111, 'Connection refused'))
2026-07-08T05:57:55.148478600Z 2026-07-08 05:57:55,148 forwin.writer.llm.adapter DEBUG LLMClient.chat attempt=1/2 model=kimi-k2.5 messages=2 max_tokens=2400
2026-07-08T05:57:55.149122436Z 2026-07-08 05:57:55,148 httpcore.http11 DEBUG send_request_headers.started request=<Request [b'POST']>
2026-07-08T05:57:55.149351478Z 2026-07-08 05:57:55,149 httpcore.http11 DEBUG send_request_headers.complete
2026-07-08T05:57:55.149358228Z 2026-07-08 05:57:55,149 httpcore.http11 DEBUG send_request_body.started request=<Request [b'POST']>
2026-07-08T05:57:55.149526979Z 2026-07-08 05:57:55,149 httpcore.http11 DEBUG send_request_body.complete
2026-07-08T05:57:55.149533646Z 2026-07-08 05:57:55,149 httpcore.http11 DEBUG receive_response_headers.started request=<Request [b'POST']>
2026-07-08T05:57:55.394369638Z 2026-07-08 05:57:55,393 httpcore.http11 DEBUG receive_response_headers.complete return_value=(b'HTTP/1.1', 429, b'Too Many Requests', [(b'Date', b'Wed, 08 Jul 2026 05:57:55 GMT'), (b'Content-Type', b'application/json; charset=utf-8'), (b'Content-Length', b'257'), (b'Connection', b'keep-alive'), (b'Msh-Gid', b'enterprise-tier-2'), (b'Msh-Org-Id', b'org-4783af77d82146eb9cdb963ca303699f'), (b'Msh-Project-Id', b'proj-b38ca7c5b03d4098a2e2d407f387adc1'), (b'Msh-Request-Id', b'f6b3e358-7a91-11f1-b9db-82d027a2c1b4'), (b'Msh-Trace-Mode', b'on'), (b'Msh-Uid', b'd79a43tqip65nogbrrkg'), (b'Vary', b'Origin'), (b'Strict-Transport-Security', b'max-age=31536000; includeSubDomains')])
2026-07-08T05:57:55.394814598Z 2026-07-08 05:57:55,394 httpx INFO HTTP Request: POST https://api.moonshot.cn/v1/chat/completions "HTTP/1.1 429 Too Many Requests"
2026-07-08T05:57:55.394932848Z 2026-07-08 05:57:55,394 httpcore.http11 DEBUG receive_response_body.started request=<Request [b'POST']>
2026-07-08T05:57:55.395147182Z 2026-07-08 05:57:55,394 httpcore.http11 DEBUG receive_response_body.complete
2026-07-08T05:57:55.395159807Z 2026-07-08 05:57:55,395 httpcore.http11 DEBUG response_closed.started
2026-07-08T05:57:55.395294099Z 2026-07-08 05:57:55,395 httpcore.http11 DEBUG response_closed.complete
2026-07-08T05:57:55.395999436Z 2026-07-08 05:57:55,395 forwin.writer.llm.adapter WARNING Transient LLM HTTP status 429. Waiting 2.0 s before retry 2/2.
2026-07-08T05:57:57.396782412Z 2026-07-08 05:57:57,396 forwin.writer.llm.adapter DEBUG LLMClient.chat attempt=2/2 model=kimi-k2.5 messages=2 max_tokens=2400
2026-07-08T05:57:57.398436127Z 2026-07-08 05:57:57,398 httpcore.http11 DEBUG send_request_headers.started request=<Request [b'POST']>
2026-07-08T05:57:57.399284797Z 2026-07-08 05:57:57,398 httpcore.http11 DEBUG send_request_headers.complete
2026-07-08T05:57:57.399302547Z 2026-07-08 05:57:57,399 httpcore.http11 DEBUG send_request_body.started request=<Request [b'POST']>
2026-07-08T05:57:57.399636965Z 2026-07-08 05:57:57,399 httpcore.http11 DEBUG send_request_body.complete
2026-07-08T05:57:57.399653423Z 2026-07-08 05:57:57,399 httpcore.http11 DEBUG receive_response_headers.started request=<Request [b'POST']>
2026-07-08T05:57:57.621675869Z 2026-07-08 05:57:57,621 httpcore.http11 DEBUG receive_response_headers.complete return_value=(b'HTTP/1.1', 429, b'Too Many Requests', [(b'Date', b'Wed, 08 Jul 2026 05:57:57 GMT'), (b'Content-Type', b'application/json; charset=utf-8'), (b'Content-Length', b'257'), (b'Connection', b'keep-alive'), (b'Msh-Gid', b'enterprise-tier-2'), (b'Msh-Org-Id', b'org-4783af77d82146eb9cdb963ca303699f'), (b'Msh-Project-Id', b'proj-b38ca7c5b03d4098a2e2d407f387adc1'), (b'Msh-Request-Id', b'f8081e45-7a91-11f1-9c55-8eb457da7677'), (b'Msh-Trace-Mode', b'on'), (b'Msh-Uid', b'd79a43tqip65nogbrrkg'), (b'Vary', b'Origin'), (b'Strict-Transport-Security', b'max-age=31536000; includeSubDomains')])
2026-07-08T05:57:57.622134912Z 2026-07-08 05:57:57,621 httpx INFO HTTP Request: POST https://api.moonshot.cn/v1/chat/completions "HTTP/1.1 429 Too Many Requests"
2026-07-08T05:57:57.622234163Z 2026-07-08 05:57:57,622 httpcore.http11 DEBUG receive_response_body.started request=<Request [b'POST']>
2026-07-08T05:57:57.622482289Z 2026-07-08 05:57:57,622 httpcore.http11 DEBUG receive_response_body.complete
2026-07-08T05:57:57.622627706Z 2026-07-08 05:57:57,622 httpcore.http11 DEBUG response_closed.started
2026-07-08T05:57:57.622641914Z 2026-07-08 05:57:57,622 httpcore.http11 DEBUG response_closed.complete
2026-07-08T05:57:57.623918961Z 2026-07-08 05:57:57,623 forwin.writer.llm.adapter WARNING LLM profile fallback: kimi-k2.5 (https://api.moonshot.cn/v1) -> MiniMax-M2.7 (https://api.minimaxi.com/v1) after retries failed: Client error '429 Too Many Requests' for url 'https://api.moonshot.cn/v1/chat/completions'
2026-07-08T05:57:57.623952419Z For more information check: https://developer.mozilla.org/en-US/docs/Web/HTTP/Status/429
2026-07-08T05:57:57.624092712Z 2026-07-08 05:57:57,623 forwin.writer.llm.adapter DEBUG LLMClient.chat attempt=1/2 model=MiniMax-M2.7 messages=2 max_tokens=2048
2026-07-08T05:57:57.625115382Z 2026-07-08 05:57:57,624 httpcore.connection DEBUG connect_tcp.started host='api.minimaxi.com' port=443 local_address=None timeout=10.0 socket_options=None
2026-07-08T05:57:57.849533754Z 2026-07-08 05:57:57,849 httpcore.connection DEBUG connect_tcp.complete return_value=<httpcore._backends.sync.SyncStream object at 0xeb9719ab4dd0>
2026-07-08T05:57:57.849581546Z 2026-07-08 05:57:57,849 httpcore.connection DEBUG start_tls.started ssl_context=<ssl.SSLContext object at 0xeb972c94bd90> server_hostname='api.minimaxi.com' timeout=10.0
2026-07-08T05:57:58.292736184Z 2026-07-08 05:57:58,292 httpcore.connection DEBUG start_tls.complete return_value=<httpcore._backends.sync.SyncStream object at 0xeb971a667570>
2026-07-08T05:57:58.292793768Z 2026-07-08 05:57:58,292 httpcore.http11 DEBUG send_request_headers.started request=<Request [b'POST']>
2026-07-08T05:57:58.293205020Z 2026-07-08 05:57:58,293 httpcore.http11 DEBUG send_request_headers.complete
2026-07-08T05:57:58.293220186Z 2026-07-08 05:57:58,293 httpcore.http11 DEBUG send_request_body.started request=<Request [b'POST']>
2026-07-08T05:57:58.293480479Z 2026-07-08 05:57:58,293 httpcore.http11 DEBUG send_request_body.complete
2026-07-08T05:57:58.293491187Z 2026-07-08 05:57:58,293 httpcore.http11 DEBUG receive_response_headers.started request=<Request [b'POST']>
2026-07-08T05:57:58.681317278Z 2026-07-08 05:57:58,680 httpcore.http11 DEBUG receive_response_headers.complete return_value=(b'HTTP/1.1', 429, b'Too Many Requests', [(b'Date', b'Wed, 08 Jul 2026 05:57:58 GMT'), (b'Content-Type', b'application/json; charset=utf-8'), (b'Content-Length', b'232'), (b'Connection', b'keep-alive'), (b'Trace-Id', b'069d19e62ec18637d4662c8589978001'), (b'X-Session-Id', b'6fb9d55d2f9debcab02ec0ab3dfa9223'), (b'X-Mm-Request-Id', b'2024653756481675725_1783490278wvnnb5'), (b'Minimax-Request-Id', b'11eb326c66d740494fd7b5ea7b6b2510'), (b'alb_receive_time', b'1783490278.43'), (b'alb_request_id', b'3a057374965721bfb7f9f0dd0f0bad1dd23b9a56')])
2026-07-08T05:57:58.681759321Z 2026-07-08 05:57:58,681 httpx INFO HTTP Request: POST https://api.minimaxi.com/v1/chat/completions "HTTP/1.1 429 Too Many Requests"
2026-07-08T05:57:58.681907488Z 2026-07-08 05:57:58,681 httpcore.http11 DEBUG receive_response_body.started request=<Request [b'POST']>
2026-07-08T05:57:58.682073197Z 2026-07-08 05:57:58,681 httpcore.http11 DEBUG receive_response_body.complete
2026-07-08T05:57:58.682175364Z 2026-07-08 05:57:58,682 httpcore.http11 DEBUG response_closed.started
2026-07-08T05:57:58.682182906Z 2026-07-08 05:57:58,682 httpcore.http11 DEBUG response_closed.complete
2026-07-08T05:57:58.683543245Z 2026-07-08 05:57:58,683 forwin.writer.llm.adapter WARNING Transient LLM HTTP status 429. Waiting 2.0 s before retry 2/2.
2026-07-08T05:58:00.686658117Z 2026-07-08 05:58:00,686 forwin.writer.llm.adapter DEBUG LLMClient.chat attempt=2/2 model=MiniMax-M2.7 messages=2 max_tokens=2048
2026-07-08T05:58:00.688642666Z 2026-07-08 05:58:00,688 httpcore.http11 DEBUG send_request_headers.started request=<Request [b'POST']>
2026-07-08T05:58:00.689188168Z 2026-07-08 05:58:00,689 httpcore.http11 DEBUG send_request_headers.complete
2026-07-08T05:58:00.689208043Z 2026-07-08 05:58:00,689 httpcore.http11 DEBUG send_request_body.started request=<Request [b'POST']>
2026-07-08T05:58:00.689411544Z 2026-07-08 05:58:00,689 httpcore.http11 DEBUG send_request_body.complete
2026-07-08T05:58:00.689423419Z 2026-07-08 05:58:00,689 httpcore.http11 DEBUG receive_response_headers.started request=<Request [b'POST']>
2026-07-08T05:58:01.053819711Z 2026-07-08 05:58:01,053 httpcore.http11 DEBUG receive_response_headers.complete return_value=(b'HTTP/1.1', 429, b'Too Many Requests', [(b'Date', b'Wed, 08 Jul 2026 05:58:00 GMT'), (b'Content-Type', b'application/json; charset=utf-8'), (b'Content-Length', b'232'), (b'Connection', b'keep-alive'), (b'Trace-Id', b'069d19e8185d360f0a9f5d7aa1aaa6d7'), (b'X-Session-Id', b'6fb9d55d2f9debcab02ec0ab3dfa9223'), (b'X-Mm-Request-Id', b'2024653756481675725_1783490280mkz9g8'), (b'Minimax-Request-Id', b'f47b19bc2fa60923c5874ef4843ba3e2'), (b'alb_receive_time', b'1783490280.821'), (b'alb_request_id', b'5ada7b6b56b7d3ec5d6e7aecf688f2b32cbe015e')])
2026-07-08T05:58:01.054292422Z 2026-07-08 05:58:01,054 httpx INFO HTTP Request: POST https://api.minimaxi.com/v1/chat/completions "HTTP/1.1 429 Too Many Requests"
2026-07-08T05:58:01.054416839Z 2026-07-08 05:58:01,054 httpcore.http11 DEBUG receive_response_body.started request=<Request [b'POST']>
2026-07-08T05:58:01.054478381Z 2026-07-08 05:58:01,054 httpcore.http11 DEBUG receive_response_body.complete
2026-07-08T05:58:01.054643298Z 2026-07-08 05:58:01,054 httpcore.http11 DEBUG response_closed.started
2026-07-08T05:58:01.054654673Z 2026-07-08 05:58:01,054 httpcore.http11 DEBUG response_closed.complete
2026-07-08T05:58:01.055758511Z 2026-07-08 05:58:01,055 forwin.director.arc_director WARNING ArcDirector JSON call failed on attempt 1/3: Client error '429 Too Many Requests' for url 'https://api.minimaxi.com/v1/chat/completions'
2026-07-08T05:58:01.055773219Z For more information check: https://developer.mozilla.org/en-US/docs/Web/HTTP/Status/429
2026-07-08T05:58:01.056656473Z 2026-07-08 05:58:01,056 httpcore.connection DEBUG connect_tcp.started host='10.0.0.150' port=8895 local_address=None timeout=10.0 socket_options=None
2026-07-08T05:58:01.065385923Z 2026-07-08 05:58:01,065 httpcore.connection DEBUG connect_tcp.failed exception=ConnectError(ConnectionRefusedError(111, 'Connection refused'))
2026-07-08T05:58:01.065938759Z 2026-07-08 05:58:01,065 forwin.writer.llm.adapter DEBUG LLMClient.chat attempt=1/2 model=kimi-k2.5 messages=2 max_tokens=2400
2026-07-08T05:58:01.067167680Z 2026-07-08 05:58:01,066 httpcore.http11 DEBUG send_request_headers.started request=<Request [b'POST']>
2026-07-08T05:58:01.067571182Z 2026-07-08 05:58:01,067 httpcore.http11 DEBUG send_request_headers.complete
2026-07-08T05:58:01.067582515Z 2026-07-08 05:58:01,067 httpcore.http11 DEBUG send_request_body.started request=<Request [b'POST']>
2026-07-08T05:58:01.067738516Z 2026-07-08 05:58:01,067 httpcore.http11 DEBUG send_request_body.complete
2026-07-08T05:58:01.067783599Z 2026-07-08 05:58:01,067 httpcore.http11 DEBUG receive_response_headers.started request=<Request [b'POST']>
2026-07-08T05:58:01.290587883Z 2026-07-08 05:58:01,290 httpcore.http11 DEBUG receive_response_headers.complete return_value=(b'HTTP/1.1', 429, b'Too Many Requests', [(b'Date', b'Wed, 08 Jul 2026 05:58:01 GMT'), (b'Content-Type', b'application/json; charset=utf-8'), (b'Content-Length', b'257'), (b'Connection', b'keep-alive'), (b'Msh-Gid', b'enterprise-tier-2'), (b'Msh-Org-Id', b'org-4783af77d82146eb9cdb963ca303699f'), (b'Msh-Project-Id', b'proj-b38ca7c5b03d4098a2e2d407f387adc1'), (b'Msh-Request-Id', b'fa37a080-7a91-11f1-a2ba-ce390d9d2ab4'), (b'Msh-Trace-Mode', b'on'), (b'Msh-Uid', b'd79a43tqip65nogbrrkg'), (b'Vary', b'Origin'), (b'Strict-Transport-Security', b'max-age=31536000; includeSubDomains')])
2026-07-08T05:58:01.291116635Z 2026-07-08 05:58:01,290 httpx INFO HTTP Request: POST https://api.moonshot.cn/v1/chat/completions "HTTP/1.1 429 Too Many Requests"
2026-07-08T05:58:01.291345552Z 2026-07-08 05:58:01,291 httpcore.http11 DEBUG receive_response_body.started request=<Request [b'POST']>
2026-07-08T05:58:01.291363136Z 2026-07-08 05:58:01,291 httpcore.http11 DEBUG receive_response_body.complete
2026-07-08T05:58:01.291533595Z 2026-07-08 05:58:01,291 httpcore.http11 DEBUG response_closed.started
2026-07-08T05:58:01.291543887Z 2026-07-08 05:58:01,291 httpcore.http11 DEBUG response_closed.complete
2026-07-08T05:58:01.292671016Z 2026-07-08 05:58:01,292 forwin.writer.llm.adapter WARNING Transient LLM HTTP status 429. Waiting 2.0 s before retry 2/2.
2026-07-08T05:58:03.295701230Z 2026-07-08 05:58:03,295 forwin.writer.llm.adapter DEBUG LLMClient.chat attempt=2/2 model=kimi-k2.5 messages=2 max_tokens=2400
2026-07-08T05:58:03.297469987Z 2026-07-08 05:58:03,297 httpcore.http11 DEBUG send_request_headers.started request=<Request [b'POST']>
2026-07-08T05:58:03.298003364Z 2026-07-08 05:58:03,297 httpcore.http11 DEBUG send_request_headers.complete
2026-07-08T05:58:03.298019406Z 2026-07-08 05:58:03,297 httpcore.http11 DEBUG send_request_body.started request=<Request [b'POST']>
2026-07-08T05:58:03.298264115Z 2026-07-08 05:58:03,298 httpcore.http11 DEBUG send_request_body.complete
2026-07-08T05:58:03.298325782Z 2026-07-08 05:58:03,298 httpcore.http11 DEBUG receive_response_headers.started request=<Request [b'POST']>
2026-07-08T05:58:03.601697088Z 2026-07-08 05:58:03,601 httpcore.http11 DEBUG receive_response_headers.complete return_value=(b'HTTP/1.1', 429, b'Too Many Requests', [(b'Date', b'Wed, 08 Jul 2026 05:58:03 GMT'), (b'Content-Type', b'application/json; charset=utf-8'), (b'Content-Length', b'257'), (b'Connection', b'keep-alive'), (b'Msh-Gid', b'enterprise-tier-2'), (b'Msh-Org-Id', b'org-4783af77d82146eb9cdb963ca303699f'), (b'Msh-Project-Id', b'proj-b38ca7c5b03d4098a2e2d407f387adc1'), (b'Msh-Request-Id', b'fb92ae3c-7a91-11f1-9bcd-8af07f2675cd'), (b'Msh-Trace-Mode', b'on'), (b'Msh-Uid', b'd79a43tqip65nogbrrkg'), (b'Vary', b'Origin'), (b'Strict-Transport-Security', b'max-age=31536000; includeSubDomains')])
2026-07-08T05:58:03.601855297Z 2026-07-08 05:58:03,601 httpx INFO HTTP Request: POST https://api.moonshot.cn/v1/chat/completions "HTTP/1.1 429 Too Many Requests"
2026-07-08T05:58:03.601907214Z 2026-07-08 05:58:03,601 httpcore.http11 DEBUG receive_response_body.started request=<Request [b'POST']>
2026-07-08T05:58:03.601938298Z 2026-07-08 05:58:03,601 httpcore.http11 DEBUG receive_response_body.complete
2026-07-08T05:58:03.601990506Z 2026-07-08 05:58:03,601 httpcore.http11 DEBUG response_closed.started
2026-07-08T05:58:03.601998089Z 2026-07-08 05:58:03,601 httpcore.http11 DEBUG response_closed.complete
2026-07-08T05:58:03.602421799Z 2026-07-08 05:58:03,602 forwin.writer.llm.adapter WARNING LLM profile fallback: kimi-k2.5 (https://api.moonshot.cn/v1) -> MiniMax-M2.7 (https://api.minimaxi.com/v1) after retries failed: Client error '429 Too Many Requests' for url 'https://api.moonshot.cn/v1/chat/completions'
2026-07-08T05:58:03.602429174Z For more information check: https://developer.mozilla.org/en-US/docs/Web/HTTP/Status/429
2026-07-08T05:58:03.602479216Z 2026-07-08 05:58:03,602 forwin.writer.llm.adapter DEBUG LLMClient.chat attempt=1/2 model=MiniMax-M2.7 messages=2 max_tokens=2048
2026-07-08T05:58:03.603012927Z 2026-07-08 05:58:03,602 httpcore.http11 DEBUG send_request_headers.started request=<Request [b'POST']>
2026-07-08T05:58:03.603185261Z 2026-07-08 05:58:03,603 httpcore.http11 DEBUG send_request_headers.complete
2026-07-08T05:58:03.603222053Z 2026-07-08 05:58:03,603 httpcore.http11 DEBUG send_request_body.started request=<Request [b'POST']>
2026-07-08T05:58:03.603365511Z 2026-07-08 05:58:03,603 httpcore.http11 DEBUG send_request_body.complete
2026-07-08T05:58:03.603369511Z 2026-07-08 05:58:03,603 httpcore.http11 DEBUG receive_response_headers.started request=<Request [b'POST']>
2026-07-08T05:58:04.013084774Z 2026-07-08 05:58:04,012 httpcore.http11 DEBUG receive_response_headers.complete return_value=(b'HTTP/1.1', 429, b'Too Many Requests', [(b'Date', b'Wed, 08 Jul 2026 05:58:03 GMT'), (b'Content-Type', b'application/json; charset=utf-8'), (b'Content-Length', b'232'), (b'Connection', b'keep-alive'), (b'Trace-Id', b'069d19ebec9751d9e7e7d619da784d9e'), (b'X-Session-Id', b'6fb9d55d2f9debcab02ec0ab3dfa9223'), (b'X-Mm-Request-Id', b'2024653756481675725_1783490283ycx99n'), (b'Minimax-Request-Id', b'1ad0dec96d35b1e54948d70d7ebfcd16'), (b'alb_receive_time', b'1783490283.736'), (b'alb_request_id', b'b7663cf92822e599543e694795e5036c31ee1909')])
2026-07-08T05:58:04.013496317Z 2026-07-08 05:58:04,013 httpx INFO HTTP Request: POST https://api.minimaxi.com/v1/chat/completions "HTTP/1.1 429 Too Many Requests"
2026-07-08T05:58:04.013626943Z 2026-07-08 05:58:04,013 httpcore.http11 DEBUG receive_response_body.started request=<Request [b'POST']>
2026-07-08T05:58:04.013658359Z 2026-07-08 05:58:04,013 httpcore.http11 DEBUG receive_response_body.complete
2026-07-08T05:58:04.013732860Z 2026-07-08 05:58:04,013 httpcore.http11 DEBUG response_closed.started
2026-07-08T05:58:04.013737610Z 2026-07-08 05:58:04,013 httpcore.http11 DEBUG response_closed.complete
2026-07-08T05:58:04.014509029Z 2026-07-08 05:58:04,014 forwin.writer.llm.adapter WARNING Transient LLM HTTP status 429. Waiting 2.0 s before retry 2/2.
2026-07-08T05:58:06.015368494Z 2026-07-08 05:58:06,015 forwin.writer.llm.adapter DEBUG LLMClient.chat attempt=2/2 model=MiniMax-M2.7 messages=2 max_tokens=2048
2026-07-08T05:58:06.015693579Z 2026-07-08 05:58:06,015 httpcore.http11 DEBUG send_request_headers.started request=<Request [b'POST']>
2026-07-08T05:58:06.015859371Z 2026-07-08 05:58:06,015 httpcore.http11 DEBUG send_request_headers.complete
2026-07-08T05:58:06.015863288Z 2026-07-08 05:58:06,015 httpcore.http11 DEBUG send_request_body.started request=<Request [b'POST']>
2026-07-08T05:58:06.015949913Z 2026-07-08 05:58:06,015 httpcore.http11 DEBUG send_request_body.complete
2026-07-08T05:58:06.015952122Z 2026-07-08 05:58:06,015 httpcore.http11 DEBUG receive_response_headers.started request=<Request [b'POST']>
2026-07-08T05:58:06.420405157Z 2026-07-08 05:58:06,419 httpcore.http11 DEBUG receive_response_headers.complete return_value=(b'HTTP/1.1', 429, b'Too Many Requests', [(b'Date', b'Wed, 08 Jul 2026 05:58:06 GMT'), (b'Content-Type', b'application/json; charset=utf-8'), (b'Content-Length', b'232'), (b'Connection', b'keep-alive'), (b'Trace-Id', b'069d19ee4e37c1f2a07263adf58a08a0'), (b'X-Session-Id', b'6fb9d55d2f9debcab02ec0ab3dfa9223'), (b'X-Mm-Request-Id', b'2024653756481675725_17834902863s1jsb'), (b'Minimax-Request-Id', b'e26399fe0415ed78d66f462d60e6f8ab'), (b'alb_receive_time', b'1783490286.146'), (b'alb_request_id', b'd2d4c7616f68688a3fa23d0aee94f1cf53545d8c')])
2026-07-08T05:58:06.420817950Z 2026-07-08 05:58:06,420 httpx INFO HTTP Request: POST https://api.minimaxi.com/v1/chat/completions "HTTP/1.1 429 Too Many Requests"
2026-07-08T05:58:06.421021910Z 2026-07-08 05:58:06,420 httpcore.http11 DEBUG receive_response_body.started request=<Request [b'POST']>
2026-07-08T05:58:06.421055660Z 2026-07-08 05:58:06,420 httpcore.http11 DEBUG receive_response_body.complete
2026-07-08T05:58:06.421223952Z 2026-07-08 05:58:06,421 httpcore.http11 DEBUG response_closed.started
2026-07-08T05:58:06.421387453Z 2026-07-08 05:58:06,421 httpcore.http11 DEBUG response_closed.complete
2026-07-08T05:58:06.422437415Z 2026-07-08 05:58:06,422 forwin.director.arc_director WARNING ArcDirector JSON call failed on attempt 2/3: Client error '429 Too Many Requests' for url 'https://api.minimaxi.com/v1/chat/completions'
2026-07-08T05:58:06.422455707Z For more information check: https://developer.mozilla.org/en-US/docs/Web/HTTP/Status/429
2026-07-08T05:58:06.423301252Z 2026-07-08 05:58:06,423 httpcore.connection DEBUG connect_tcp.started host='10.0.0.150' port=8895 local_address=None timeout=10.0 socket_options=None
2026-07-08T05:58:06.437561057Z 2026-07-08 05:58:06,437 httpcore.connection DEBUG connect_tcp.failed exception=ConnectError(ConnectionRefusedError(111, 'Connection refused'))
2026-07-08T05:58:06.438240268Z 2026-07-08 05:58:06,437 forwin.writer.llm.adapter DEBUG LLMClient.chat attempt=1/2 model=kimi-k2.5 messages=2 max_tokens=2400
2026-07-08T05:58:06.439476565Z 2026-07-08 05:58:06,439 httpcore.http11 DEBUG send_request_headers.started request=<Request [b'POST']>
2026-07-08T05:58:06.440162609Z 2026-07-08 05:58:06,439 httpcore.http11 DEBUG send_request_headers.complete
2026-07-08T05:58:06.440190734Z 2026-07-08 05:58:06,439 httpcore.http11 DEBUG send_request_body.started request=<Request [b'POST']>
2026-07-08T05:58:06.440488027Z 2026-07-08 05:58:06,440 httpcore.http11 DEBUG send_request_body.complete
2026-07-08T05:58:06.440495111Z 2026-07-08 05:58:06,440 httpcore.http11 DEBUG receive_response_headers.started request=<Request [b'POST']>
2026-07-08T05:58:06.854460392Z 2026-07-08 05:58:06,854 httpcore.http11 DEBUG receive_response_headers.complete return_value=(b'HTTP/1.1', 429, b'Too Many Requests', [(b'Date', b'Wed, 08 Jul 2026 05:58:06 GMT'), (b'Content-Type', b'application/json; charset=utf-8'), (b'Content-Length', b'257'), (b'Connection', b'keep-alive'), (b'Msh-Gid', b'enterprise-tier-2'), (b'Msh-Org-Id', b'org-4783af77d82146eb9cdb963ca303699f'), (b'Msh-Project-Id', b'proj-b38ca7c5b03d4098a2e2d407f387adc1'), (b'Msh-Request-Id', b'fd88b6a1-7a91-11f1-acd9-a69a4bbee192'), (b'Msh-Trace-Mode', b'on'), (b'Msh-Uid', b'd79a43tqip65nogbrrkg'), (b'Vary', b'Origin'), (b'Strict-Transport-Security', b'max-age=31536000; includeSubDomains')])
2026-07-08T05:58:06.854601267Z 2026-07-08 05:58:06,854 httpx INFO HTTP Request: POST https://api.moonshot.cn/v1/chat/completions "HTTP/1.1 429 Too Many Requests"
2026-07-08T05:58:06.854638517Z 2026-07-08 05:58:06,854 httpcore.http11 DEBUG receive_response_body.started request=<Request [b'POST']>
2026-07-08T05:58:06.854697601Z 2026-07-08 05:58:06,854 httpcore.http11 DEBUG receive_response_body.complete
2026-07-08T05:58:06.854705476Z 2026-07-08 05:58:06,854 httpcore.http11 DEBUG response_closed.started
2026-07-08T05:58:06.854707268Z 2026-07-08 05:58:06,854 httpcore.http11 DEBUG response_closed.complete
2026-07-08T05:58:06.855056227Z 2026-07-08 05:58:06,854 forwin.writer.llm.adapter WARNING Transient LLM HTTP status 429. Waiting 2.0 s before retry 2/2.
2026-07-08T05:58:08.865886991Z 2026-07-08 05:58:08,865 forwin.writer.llm.adapter DEBUG LLMClient.chat attempt=2/2 model=kimi-k2.5 messages=2 max_tokens=2400
2026-07-08T05:58:08.867823373Z 2026-07-08 05:58:08,867 httpcore.http11 DEBUG send_request_headers.started request=<Request [b'POST']>
2026-07-08T05:58:08.868406000Z 2026-07-08 05:58:08,868 httpcore.http11 DEBUG send_request_headers.complete
2026-07-08T05:58:08.868423667Z 2026-07-08 05:58:08,868 httpcore.http11 DEBUG send_request_body.started request=<Request [b'POST']>
2026-07-08T05:58:08.868665460Z 2026-07-08 05:58:08,868 httpcore.http11 DEBUG send_request_body.complete
2026-07-08T05:58:08.868673502Z 2026-07-08 05:58:08,868 httpcore.http11 DEBUG receive_response_headers.started request=<Request [b'POST']>
2026-07-08T05:58:09.283087453Z 2026-07-08 05:58:09,282 httpcore.http11 DEBUG receive_response_headers.complete return_value=(b'HTTP/1.1', 429, b'Too Many Requests', [(b'Date', b'Wed, 08 Jul 2026 05:58:09 GMT'), (b'Content-Type', b'application/json; charset=utf-8'), (b'Content-Length', b'257'), (b'Connection', b'keep-alive'), (b'Msh-Gid', b'enterprise-tier-2'), (b'Msh-Org-Id', b'org-4783af77d82146eb9cdb963ca303699f'), (b'Msh-Project-Id', b'proj-b38ca7c5b03d4098a2e2d407f387adc1'), (b'Msh-Request-Id', b'fefb1e7a-7a91-11f1-8c9a-d2455a18eb71'), (b'Msh-Trace-Mode', b'on'), (b'Msh-Uid', b'd79a43tqip65nogbrrkg'), (b'Vary', b'Origin'), (b'Strict-Transport-Security', b'max-age=31536000; includeSubDomains')])
2026-07-08T05:58:09.283639705Z 2026-07-08 05:58:09,283 httpx INFO HTTP Request: POST https://api.moonshot.cn/v1/chat/completions "HTTP/1.1 429 Too Many Requests"
2026-07-08T05:58:09.283906831Z 2026-07-08 05:58:09,283 httpcore.http11 DEBUG receive_response_body.started request=<Request [b'POST']>
2026-07-08T05:58:09.283922623Z 2026-07-08 05:58:09,283 httpcore.http11 DEBUG receive_response_body.complete
2026-07-08T05:58:09.284027123Z 2026-07-08 05:58:09,283 httpcore.http11 DEBUG response_closed.started
2026-07-08T05:58:09.284139624Z 2026-07-08 05:58:09,284 httpcore.http11 DEBUG response_closed.complete
2026-07-08T05:58:09.285360378Z 2026-07-08 05:58:09,285 forwin.writer.llm.adapter WARNING LLM profile fallback: kimi-k2.5 (https://api.moonshot.cn/v1) -> MiniMax-M2.7 (https://api.minimaxi.com/v1) after retries failed: Client error '429 Too Many Requests' for url 'https://api.moonshot.cn/v1/chat/completions'
2026-07-08T05:58:09.285376337Z For more information check: https://developer.mozilla.org/en-US/docs/Web/HTTP/Status/429
2026-07-08T05:58:09.285483712Z 2026-07-08 05:58:09,285 forwin.writer.llm.adapter DEBUG LLMClient.chat attempt=1/2 model=MiniMax-M2.7 messages=2 max_tokens=2048
2026-07-08T05:58:09.286490508Z 2026-07-08 05:58:09,286 httpcore.http11 DEBUG send_request_headers.started request=<Request [b'POST']>
2026-07-08T05:58:09.286884009Z 2026-07-08 05:58:09,286 httpcore.http11 DEBUG send_request_headers.complete
2026-07-08T05:58:09.286894593Z 2026-07-08 05:58:09,286 httpcore.http11 DEBUG send_request_body.started request=<Request [b'POST']>
2026-07-08T05:58:09.287129427Z 2026-07-08 05:58:09,286 httpcore.http11 DEBUG send_request_body.complete
2026-07-08T05:58:09.287142719Z 2026-07-08 05:58:09,287 httpcore.http11 DEBUG receive_response_headers.started request=<Request [b'POST']>
2026-07-08T05:58:09.641202726Z 2026-07-08 05:58:09,641 httpcore.http11 DEBUG receive_response_headers.complete return_value=(b'HTTP/1.1', 429, b'Too Many Requests', [(b'Date', b'Wed, 08 Jul 2026 05:58:09 GMT'), (b'Content-Type', b'application/json; charset=utf-8'), (b'Content-Length', b'232'), (b'Connection', b'keep-alive'), (b'Trace-Id', b'069d19f1456d823b6d637c6c58c1c8e6'), (b'X-Session-Id', b'6fb9d55d2f9debcab02ec0ab3dfa9223'), (b'X-Mm-Request-Id', b'2024653756481675725_17834902898kx95k'), (b'Minimax-Request-Id', b'634881858b0e2850349a37c18d2fe5c4'), (b'alb_receive_time', b'1783490289.418'), (b'alb_request_id', b'fe48387a4cc4bd886cd1f953db96f8fd78bf4a6e')])
2026-07-08T05:58:09.641351227Z 2026-07-08 05:58:09,641 httpx INFO HTTP Request: POST https://api.minimaxi.com/v1/chat/completions "HTTP/1.1 429 Too Many Requests"
2026-07-08T05:58:09.641424644Z 2026-07-08 05:58:09,641 httpcore.http11 DEBUG receive_response_body.started request=<Request [b'POST']>
2026-07-08T05:58:09.641472769Z 2026-07-08 05:58:09,641 httpcore.http11 DEBUG receive_response_body.complete
2026-07-08T05:58:09.641478936Z 2026-07-08 05:58:09,641 httpcore.http11 DEBUG response_closed.started
2026-07-08T05:58:09.641539269Z 2026-07-08 05:58:09,641 httpcore.http11 DEBUG response_closed.complete
2026-07-08T05:58:09.641942271Z 2026-07-08 05:58:09,641 forwin.writer.llm.adapter WARNING Transient LLM HTTP status 429. Waiting 2.0 s before retry 2/2.
2026-07-08T05:58:11.645242098Z 2026-07-08 05:58:11,644 forwin.writer.llm.adapter DEBUG LLMClient.chat attempt=2/2 model=MiniMax-M2.7 messages=2 max_tokens=2048
2026-07-08T05:58:11.646966438Z 2026-07-08 05:58:11,646 httpcore.http11 DEBUG send_request_headers.started request=<Request [b'POST']>
2026-07-08T05:58:11.647454565Z 2026-07-08 05:58:11,647 httpcore.http11 DEBUG send_request_headers.complete
2026-07-08T05:58:11.647464565Z 2026-07-08 05:58:11,647 httpcore.http11 DEBUG send_request_body.started request=<Request [b'POST']>
2026-07-08T05:58:11.647751482Z 2026-07-08 05:58:11,647 httpcore.http11 DEBUG send_request_body.complete
2026-07-08T05:58:11.647765107Z 2026-07-08 05:58:11,647 httpcore.http11 DEBUG receive_response_headers.started request=<Request [b'POST']>
2026-07-08T05:58:12.014332124Z 2026-07-08 05:58:12,013 httpcore.http11 DEBUG receive_response_headers.complete return_value=(b'HTTP/1.1', 429, b'Too Many Requests', [(b'Date', b'Wed, 08 Jul 2026 05:58:11 GMT'), (b'Content-Type', b'application/json; charset=utf-8'), (b'Content-Length', b'232'), (b'Connection', b'keep-alive'), (b'Trace-Id', b'069d19f3f25fe7440d08426ed3a01660'), (b'X-Session-Id', b'6fb9d55d2f9debcab02ec0ab3dfa9223'), (b'X-Mm-Request-Id', b'2024653756481675725_1783490291hanamj'), (b'Minimax-Request-Id', b'413041073679883cc228a982607d7f76'), (b'alb_receive_time', b'1783490291.781'), (b'alb_request_id', b'f0312beb5a4adc4b43bfb56a2c5344fe4fa54552')])
2026-07-08T05:58:12.014732833Z 2026-07-08 05:58:12,014 httpx INFO HTTP Request: POST https://api.minimaxi.com/v1/chat/completions "HTTP/1.1 429 Too Many Requests"
2026-07-08T05:58:12.014818584Z 2026-07-08 05:58:12,014 httpcore.http11 DEBUG receive_response_body.started request=<Request [b'POST']>
2026-07-08T05:58:12.015114335Z 2026-07-08 05:58:12,014 httpcore.http11 DEBUG receive_response_body.complete
2026-07-08T05:58:12.015296294Z 2026-07-08 05:58:12,015 httpcore.http11 DEBUG response_closed.started
2026-07-08T05:58:12.015307669Z 2026-07-08 05:58:12,015 httpcore.http11 DEBUG response_closed.complete
2026-07-08T05:58:12.016495924Z 2026-07-08 05:58:12,016 forwin.director.arc_director WARNING ArcDirector JSON call failed on attempt 3/3: Client error '429 Too Many Requests' for url 'https://api.minimaxi.com/v1/chat/completions'
2026-07-08T05:58:12.016514507Z For more information check: https://developer.mozilla.org/en-US/docs/Web/HTTP/Status/429
2026-07-08T05:58:12.016516924Z 2026-07-08 05:58:12,016 forwin.director.arc_director WARNING ArcDirector falling back to deterministic scaffold: Client error '429 Too Many Requests' for url 'https://api.minimaxi.com/v1/chat/completions'
2026-07-08T05:58:12.016519174Z For more information check: https://developer.mozilla.org/en-US/docs/Web/HTTP/Status/429
2026-07-08T05:58:13.646723549Z 2026-07-08 05:58:13,646 httpcore.connection DEBUG connect_tcp.started host='10.0.0.150' port=8895 local_address=None timeout=10.0 socket_options=None
2026-07-08T05:58:13.656036044Z 2026-07-08 05:58:13,655 httpcore.connection DEBUG connect_tcp.failed exception=ConnectError(ConnectionRefusedError(111, 'Connection refused'))
2026-07-08T05:58:13.656711880Z 2026-07-08 05:58:13,656 forwin.writer.llm.adapter DEBUG LLMClient.chat attempt=1/2 model=kimi-k2.5 messages=2 max_tokens=1800
2026-07-08T05:58:13.658050218Z 2026-07-08 05:58:13,657 httpcore.http11 DEBUG send_request_headers.started request=<Request [b'POST']>
2026-07-08T05:58:13.658433762Z 2026-07-08 05:58:13,658 httpcore.http11 DEBUG send_request_headers.complete
2026-07-08T05:58:13.658443303Z 2026-07-08 05:58:13,658 httpcore.http11 DEBUG send_request_body.started request=<Request [b'POST']>
2026-07-08T05:58:13.658629971Z 2026-07-08 05:58:13,658 httpcore.http11 DEBUG send_request_body.complete
2026-07-08T05:58:13.658636971Z 2026-07-08 05:58:13,658 httpcore.http11 DEBUG receive_response_headers.started request=<Request [b'POST']>
2026-07-08T05:58:13.880078379Z 2026-07-08 05:58:13,879 httpcore.http11 DEBUG receive_response_headers.complete return_value=(b'HTTP/1.1', 429, b'Too Many Requests', [(b'Date', b'Wed, 08 Jul 2026 05:58:13 GMT'), (b'Content-Type', b'application/json; charset=utf-8'), (b'Content-Length', b'257'), (b'Connection', b'keep-alive'), (b'Msh-Gid', b'enterprise-tier-2'), (b'Msh-Org-Id', b'org-4783af77d82146eb9cdb963ca303699f'), (b'Msh-Project-Id', b'proj-b38ca7c5b03d4098a2e2d407f387adc1'), (b'Msh-Request-Id', b'01b8bff4-7a92-11f1-9816-be3a637e2348'), (b'Msh-Trace-Mode', b'on'), (b'Msh-Uid', b'd79a43tqip65nogbrrkg'), (b'Vary', b'Origin'), (b'Strict-Transport-Security', b'max-age=31536000; includeSubDomains')])
2026-07-08T05:58:13.880501339Z 2026-07-08 05:58:13,880 httpx INFO HTTP Request: POST https://api.moonshot.cn/v1/chat/completions "HTTP/1.1 429 Too Many Requests"
2026-07-08T05:58:13.880651672Z 2026-07-08 05:58:13,880 httpcore.http11 DEBUG receive_response_body.started request=<Request [b'POST']>
2026-07-08T05:58:13.880778090Z 2026-07-08 05:58:13,880 httpcore.http11 DEBUG receive_response_body.complete
2026-07-08T05:58:13.880919882Z 2026-07-08 05:58:13,880 httpcore.http11 DEBUG response_closed.started
2026-07-08T05:58:13.880932590Z 2026-07-08 05:58:13,880 httpcore.http11 DEBUG response_closed.complete
2026-07-08T05:58:13.882164678Z 2026-07-08 05:58:13,881 forwin.writer.llm.adapter WARNING Transient LLM HTTP status 429. Waiting 2.0 s before retry 2/2.
2026-07-08T05:58:15.892414297Z 2026-07-08 05:58:15,891 forwin.writer.llm.adapter DEBUG LLMClient.chat attempt=2/2 model=kimi-k2.5 messages=2 max_tokens=1800
2026-07-08T05:58:15.895509725Z 2026-07-08 05:58:15,895 httpcore.http11 DEBUG send_request_headers.started request=<Request [b'POST']>
2026-07-08T05:58:15.896053811Z 2026-07-08 05:58:15,895 httpcore.http11 DEBUG send_request_headers.complete
2026-07-08T05:58:15.896071019Z 2026-07-08 05:58:15,895 httpcore.http11 DEBUG send_request_body.started request=<Request [b'POST']>
2026-07-08T05:58:15.896358562Z 2026-07-08 05:58:15,896 httpcore.http11 DEBUG send_request_body.complete
2026-07-08T05:58:15.896373020Z 2026-07-08 05:58:15,896 httpcore.http11 DEBUG receive_response_headers.started request=<Request [b'POST']>
2026-07-08T05:58:16.120703941Z 2026-07-08 05:58:16,120 httpcore.http11 DEBUG receive_response_headers.complete return_value=(b'HTTP/1.1', 429, b'Too Many Requests', [(b'Date', b'Wed, 08 Jul 2026 05:58:16 GMT'), (b'Content-Type', b'application/json; charset=utf-8'), (b'Content-Length', b'257'), (b'Connection', b'keep-alive'), (b'Msh-Gid', b'enterprise-tier-2'), (b'Msh-Org-Id', b'org-4783af77d82146eb9cdb963ca303699f'), (b'Msh-Project-Id', b'proj-b38ca7c5b03d4098a2e2d407f387adc1'), (b'Msh-Request-Id', b'030e86fd-7a92-11f1-a3d3-725e822ba761'), (b'Msh-Trace-Mode', b'on'), (b'Msh-Uid', b'd79a43tqip65nogbrrkg'), (b'Vary', b'Origin'), (b'Strict-Transport-Security', b'max-age=31536000; includeSubDomains')])
2026-07-08T05:58:16.121089775Z 2026-07-08 05:58:16,120 httpx INFO HTTP Request: POST https://api.moonshot.cn/v1/chat/completions "HTTP/1.1 429 Too Many Requests"
2026-07-08T05:58:16.121221568Z 2026-07-08 05:58:16,121 httpcore.http11 DEBUG receive_response_body.started request=<Request [b'POST']>
2026-07-08T05:58:16.121309568Z 2026-07-08 05:58:16,121 httpcore.http11 DEBUG receive_response_body.complete
2026-07-08T05:58:16.121363151Z 2026-07-08 05:58:16,121 httpcore.http11 DEBUG response_closed.started
2026-07-08T05:58:16.121453735Z 2026-07-08 05:58:16,121 httpcore.http11 DEBUG response_closed.complete
2026-07-08T05:58:16.122237197Z 2026-07-08 05:58:16,122 forwin.director.arc_director WARNING ArcDirector JSON call failed on attempt 1/3: Client error '429 Too Many Requests' for url 'https://api.moonshot.cn/v1/chat/completions'
2026-07-08T05:58:16.122256488Z For more information check: https://developer.mozilla.org/en-US/docs/Web/HTTP/Status/429
2026-07-08T05:58:16.123016408Z 2026-07-08 05:58:16,122 httpcore.connection DEBUG connect_tcp.started host='10.0.0.150' port=8895 local_address=None timeout=10.0 socket_options=None
2026-07-08T05:58:16.130820313Z 2026-07-08 05:58:16,130 httpcore.connection DEBUG connect_tcp.failed exception=ConnectError(ConnectionRefusedError(111, 'Connection refused'))
2026-07-08T05:58:16.131150231Z 2026-07-08 05:58:16,131 forwin.writer.llm.adapter DEBUG LLMClient.chat attempt=1/2 model=kimi-k2.5 messages=2 max_tokens=1800
2026-07-08T05:58:16.132915238Z 2026-07-08 05:58:16,132 httpcore.http11 DEBUG send_request_headers.started request=<Request [b'POST']>
2026-07-08T05:58:16.133064781Z 2026-07-08 05:58:16,132 httpcore.http11 DEBUG send_request_headers.complete
2026-07-08T05:58:16.133074822Z 2026-07-08 05:58:16,132 httpcore.http11 DEBUG send_request_body.started request=<Request [b'POST']>
2026-07-08T05:58:16.133077739Z 2026-07-08 05:58:16,132 httpcore.http11 DEBUG send_request_body.complete
2026-07-08T05:58:16.133079781Z 2026-07-08 05:58:16,132 httpcore.http11 DEBUG receive_response_headers.started request=<Request [b'POST']>
2026-07-08T05:58:16.351849804Z 2026-07-08 05:58:16,351 httpcore.http11 DEBUG receive_response_headers.complete return_value=(b'HTTP/1.1', 429, b'Too Many Requests', [(b'Date', b'Wed, 08 Jul 2026 05:58:16 GMT'), (b'Content-Type', b'application/json; charset=utf-8'), (b'Content-Length', b'257'), (b'Connection', b'keep-alive'), (b'Msh-Gid', b'enterprise-tier-2'), (b'Msh-Org-Id', b'org-4783af77d82146eb9cdb963ca303699f'), (b'Msh-Project-Id', b'proj-b38ca7c5b03d4098a2e2d407f387adc1'), (b'Msh-Request-Id', b'0331e484-7a92-11f1-9584-265318ebc90a'), (b'Msh-Trace-Mode', b'on'), (b'Msh-Uid', b'd79a43tqip65nogbrrkg'), (b'Vary', b'Origin'), (b'Strict-Transport-Security', b'max-age=31536000; includeSubDomains')])
2026-07-08T05:58:16.351868513Z 2026-07-08 05:58:16,351 httpx INFO HTTP Request: POST https://api.moonshot.cn/v1/chat/completions "HTTP/1.1 429 Too Many Requests"
2026-07-08T05:58:16.351877346Z 2026-07-08 05:58:16,351 httpcore.http11 DEBUG receive_response_body.started request=<Request [b'POST']>
2026-07-08T05:58:16.351878554Z 2026-07-08 05:58:16,351 httpcore.http11 DEBUG receive_response_body.complete
2026-07-08T05:58:16.351879304Z 2026-07-08 05:58:16,351 httpcore.http11 DEBUG response_closed.started
2026-07-08T05:58:16.351880013Z 2026-07-08 05:58:16,351 httpcore.http11 DEBUG response_closed.complete
2026-07-08T05:58:16.352002971Z 2026-07-08 05:58:16,351 forwin.writer.llm.adapter WARNING Transient LLM HTTP status 429. Waiting 2.0 s before retry 2/2.
2026-07-08T05:58:18.359394379Z 2026-07-08 05:58:18,358 forwin.writer.llm.adapter DEBUG LLMClient.chat attempt=2/2 model=kimi-k2.5 messages=2 max_tokens=1800
2026-07-08T05:58:18.361281761Z 2026-07-08 05:58:18,361 httpcore.connection DEBUG close.started
2026-07-08T05:58:18.361722554Z 2026-07-08 05:58:18,361 httpcore.connection DEBUG close.complete
2026-07-08T05:58:18.361740096Z 2026-07-08 05:58:18,361 httpcore.http11 DEBUG send_request_headers.started request=<Request [b'POST']>
2026-07-08T05:58:18.362302432Z 2026-07-08 05:58:18,362 httpcore.http11 DEBUG send_request_headers.complete
2026-07-08T05:58:18.362324307Z 2026-07-08 05:58:18,362 httpcore.http11 DEBUG send_request_body.started request=<Request [b'POST']>
2026-07-08T05:58:18.362550349Z 2026-07-08 05:58:18,362 httpcore.http11 DEBUG send_request_body.complete
2026-07-08T05:58:18.362565141Z 2026-07-08 05:58:18,362 httpcore.http11 DEBUG receive_response_headers.started request=<Request [b'POST']>
2026-07-08T05:58:18.597833063Z 2026-07-08 05:58:18,597 httpcore.http11 DEBUG receive_response_headers.complete return_value=(b'HTTP/1.1', 429, b'Too Many Requests', [(b'Date', b'Wed, 08 Jul 2026 05:58:18 GMT'), (b'Content-Type', b'application/json; charset=utf-8'), (b'Content-Length', b'257'), (b'Connection', b'keep-alive'), (b'Msh-Gid', b'enterprise-tier-2'), (b'Msh-Org-Id', b'org-4783af77d82146eb9cdb963ca303699f'), (b'Msh-Project-Id', b'proj-b38ca7c5b03d4098a2e2d407f387adc1'), (b'Msh-Request-Id', b'048856c1-7a92-11f1-8e5c-8afd11b01472'), (b'Msh-Trace-Mode', b'on'), (b'Msh-Uid', b'd79a43tqip65nogbrrkg'), (b'Vary', b'Origin'), (b'Strict-Transport-Security', b'max-age=31536000; includeSubDomains')])
2026-07-08T05:58:18.598361607Z 2026-07-08 05:58:18,598 httpx INFO HTTP Request: POST https://api.moonshot.cn/v1/chat/completions "HTTP/1.1 429 Too Many Requests"
2026-07-08T05:58:18.598422524Z 2026-07-08 05:58:18,598 httpcore.http11 DEBUG receive_response_body.started request=<Request [b'POST']>
2026-07-08T05:58:18.598550774Z 2026-07-08 05:58:18,598 httpcore.http11 DEBUG receive_response_body.complete
2026-07-08T05:58:18.598619191Z 2026-07-08 05:58:18,598 httpcore.http11 DEBUG response_closed.started
2026-07-08T05:58:18.598627608Z 2026-07-08 05:58:18,598 httpcore.http11 DEBUG response_closed.complete
2026-07-08T05:58:18.599595778Z 2026-07-08 05:58:18,599 forwin.director.arc_director WARNING ArcDirector JSON call failed on attempt 2/3: Client error '429 Too Many Requests' for url 'https://api.moonshot.cn/v1/chat/completions'
2026-07-08T05:58:18.599607737Z For more information check: https://developer.mozilla.org/en-US/docs/Web/HTTP/Status/429
2026-07-08T05:58:18.600431698Z 2026-07-08 05:58:18,600 httpcore.connection DEBUG connect_tcp.started host='10.0.0.150' port=8895 local_address=None timeout=10.0 socket_options=None
2026-07-08T05:58:18.611722743Z 2026-07-08 05:58:18,611 httpcore.connection DEBUG connect_tcp.failed exception=ConnectError(ConnectionRefusedError(111, 'Connection refused'))
2026-07-08T05:58:18.612252703Z 2026-07-08 05:58:18,612 forwin.writer.llm.adapter DEBUG LLMClient.chat attempt=1/2 model=kimi-k2.5 messages=2 max_tokens=1800
2026-07-08T05:58:18.613267499Z 2026-07-08 05:58:18,613 httpcore.http11 DEBUG send_request_headers.started request=<Request [b'POST']>
2026-07-08T05:58:18.613581833Z 2026-07-08 05:58:18,613 httpcore.http11 DEBUG send_request_headers.complete
2026-07-08T05:58:18.613589500Z 2026-07-08 05:58:18,613 httpcore.http11 DEBUG send_request_body.started request=<Request [b'POST']>
2026-07-08T05:58:18.613767334Z 2026-07-08 05:58:18,613 httpcore.http11 DEBUG send_request_body.complete
2026-07-08T05:58:18.613773626Z 2026-07-08 05:58:18,613 httpcore.http11 DEBUG receive_response_headers.started request=<Request [b'POST']>
2026-07-08T05:58:18.834116781Z 2026-07-08 05:58:18,833 httpcore.http11 DEBUG receive_response_headers.complete return_value=(b'HTTP/1.1', 429, b'Too Many Requests', [(b'Date', b'Wed, 08 Jul 2026 05:58:18 GMT'), (b'Content-Type', b'application/json; charset=utf-8'), (b'Content-Length', b'257'), (b'Connection', b'keep-alive'), (b'Msh-Gid', b'enterprise-tier-2'), (b'Msh-Org-Id', b'org-4783af77d82146eb9cdb963ca303699f'), (b'Msh-Project-Id', b'proj-b38ca7c5b03d4098a2e2d407f387adc1'), (b'Msh-Request-Id', b'04ad2c81-7a92-11f1-a1e6-663a6e45fe03'), (b'Msh-Trace-Mode', b'on'), (b'Msh-Uid', b'd79a43tqip65nogbrrkg'), (b'Vary', b'Origin'), (b'Strict-Transport-Security', b'max-age=31536000; includeSubDomains')])
2026-07-08T05:58:18.834244865Z 2026-07-08 05:58:18,834 httpx INFO HTTP Request: POST https://api.moonshot.cn/v1/chat/completions "HTTP/1.1 429 Too Many Requests"
2026-07-08T05:58:18.834313490Z 2026-07-08 05:58:18,834 httpcore.http11 DEBUG receive_response_body.started request=<Request [b'POST']>
2026-07-08T05:58:18.834317699Z 2026-07-08 05:58:18,834 httpcore.http11 DEBUG receive_response_body.complete
2026-07-08T05:58:18.834360324Z 2026-07-08 05:58:18,834 httpcore.http11 DEBUG response_closed.started
2026-07-08T05:58:18.834363699Z 2026-07-08 05:58:18,834 httpcore.http11 DEBUG response_closed.complete
2026-07-08T05:58:18.834655158Z 2026-07-08 05:58:18,834 forwin.writer.llm.adapter WARNING Transient LLM HTTP status 429. Waiting 2.0 s before retry 2/2.
2026-07-08T05:58:20.836150092Z 2026-07-08 05:58:20,835 forwin.writer.llm.adapter DEBUG LLMClient.chat attempt=2/2 model=kimi-k2.5 messages=2 max_tokens=1800
2026-07-08T05:58:20.838028308Z 2026-07-08 05:58:20,837 httpcore.http11 DEBUG send_request_headers.started request=<Request [b'POST']>
2026-07-08T05:58:20.838584227Z 2026-07-08 05:58:20,838 httpcore.http11 DEBUG send_request_headers.complete
2026-07-08T05:58:20.838609685Z 2026-07-08 05:58:20,838 httpcore.http11 DEBUG send_request_body.started request=<Request [b'POST']>
2026-07-08T05:58:20.838993478Z 2026-07-08 05:58:20,838 httpcore.http11 DEBUG send_request_body.complete
2026-07-08T05:58:20.839041728Z 2026-07-08 05:58:20,838 httpcore.http11 DEBUG receive_response_headers.started request=<Request [b'POST']>
2026-07-08T05:58:21.066553121Z 2026-07-08 05:58:21,066 httpcore.http11 DEBUG receive_response_headers.complete return_value=(b'HTTP/1.1', 429, b'Too Many Requests', [(b'Date', b'Wed, 08 Jul 2026 05:58:20 GMT'), (b'Content-Type', b'application/json; charset=utf-8'), (b'Content-Length', b'257'), (b'Connection', b'keep-alive'), (b'Msh-Gid', b'enterprise-tier-2'), (b'Msh-Org-Id', b'org-4783af77d82146eb9cdb963ca303699f'), (b'Msh-Project-Id', b'proj-b38ca7c5b03d4098a2e2d407f387adc1'), (b'Msh-Request-Id', b'0600ff37-7a92-11f1-9c26-362972d18c25'), (b'Msh-Trace-Mode', b'on'), (b'Msh-Uid', b'd79a43tqip65nogbrrkg'), (b'Vary', b'Origin'), (b'Strict-Transport-Security', b'max-age=31536000; includeSubDomains')])
2026-07-08T05:58:21.067067123Z 2026-07-08 05:58:21,066 httpx INFO HTTP Request: POST https://api.moonshot.cn/v1/chat/completions "HTTP/1.1 429 Too Many Requests"
2026-07-08T05:58:21.067195499Z 2026-07-08 05:58:21,067 httpcore.http11 DEBUG receive_response_body.started request=<Request [b'POST']>
2026-07-08T05:58:21.067254332Z 2026-07-08 05:58:21,067 httpcore.http11 DEBUG receive_response_body.complete
2026-07-08T05:58:21.067355999Z 2026-07-08 05:58:21,067 httpcore.http11 DEBUG response_closed.started
2026-07-08T05:58:21.067362708Z 2026-07-08 05:58:21,067 httpcore.http11 DEBUG response_closed.complete
2026-07-08T05:58:21.068359253Z 2026-07-08 05:58:21,068 forwin.director.arc_director WARNING ArcDirector JSON call failed on attempt 3/3: Client error '429 Too Many Requests' for url 'https://api.moonshot.cn/v1/chat/completions'
2026-07-08T05:58:21.068373545Z For more information check: https://developer.mozilla.org/en-US/docs/Web/HTTP/Status/429
2026-07-08T05:58:21.068375712Z 2026-07-08 05:58:21,068 forwin.director.arc_director WARNING ArcDirector falling back to deterministic scaffold: Client error '429 Too Many Requests' for url 'https://api.moonshot.cn/v1/chat/completions'
2026-07-08T05:58:21.068378045Z For more information check: https://developer.mozilla.org/en-US/docs/Web/HTTP/Status/429
2026-07-08T05:58:24.006126664Z 2026-07-08 05:58:24,005 httpcore.connection DEBUG close.started
2026-07-08T05:58:24.006188914Z 2026-07-08 05:58:24,006 httpcore.connection DEBUG close.complete
2026-07-08T05:58:24.006192498Z 2026-07-08 05:58:24,006 httpcore.connection DEBUG connect_tcp.started host='10.0.0.150' port=8080 local_address=None timeout=10.0 socket_options=None
2026-07-08T05:58:24.012646065Z 2026-07-08 05:58:24,012 httpcore.connection DEBUG connect_tcp.complete return_value=<httpcore._backends.sync.SyncStream object at 0xeb971a6658c0>
2026-07-08T05:58:24.012749774Z 2026-07-08 05:58:24,012 httpcore.http11 DEBUG send_request_headers.started request=<Request [b'POST']>
2026-07-08T05:58:24.012866191Z 2026-07-08 05:58:24,012 httpcore.http11 DEBUG send_request_headers.complete
2026-07-08T05:58:24.012917358Z 2026-07-08 05:58:24,012 httpcore.http11 DEBUG send_request_body.started request=<Request [b'POST']>
2026-07-08T05:58:24.013027858Z 2026-07-08 05:58:24,012 httpcore.http11 DEBUG send_request_body.complete
2026-07-08T05:58:24.013096025Z 2026-07-08 05:58:24,013 httpcore.http11 DEBUG receive_response_headers.started request=<Request [b'POST']>
2026-07-08T05:58:24.044686649Z 2026-07-08 05:58:24,044 httpcore.http11 DEBUG receive_response_headers.complete return_value=(b'HTTP/1.1', 200, b'OK', [(b'date', b'Wed, 08 Jul 2026 05:58:23 GMT'), (b'server', b'uvicorn'), (b'content-length', b'8130'), (b'content-type', b'application/json')])
2026-07-08T05:58:24.046032238Z 2026-07-08 05:58:24,045 httpx INFO HTTP Request: POST http://10.0.0.150:8080/embed "HTTP/1.1 200 OK"
2026-07-08T05:58:24.046037071Z 2026-07-08 05:58:24,045 httpcore.http11 DEBUG receive_response_body.started request=<Request [b'POST']>
2026-07-08T05:58:24.046127155Z 2026-07-08 05:58:24,045 httpcore.http11 DEBUG receive_response_body.complete
2026-07-08T05:58:24.046128155Z 2026-07-08 05:58:24,045 httpcore.http11 DEBUG response_closed.started
2026-07-08T05:58:24.046129155Z 2026-07-08 05:58:24,045 httpcore.http11 DEBUG response_closed.complete
2026-07-08T05:58:24.046129988Z 2026-07-08 05:58:24,045 httpcore.connection DEBUG close.started
2026-07-08T05:58:24.046130905Z 2026-07-08 05:58:24,045 httpcore.connection DEBUG close.complete
2026-07-08T05:58:24.046131738Z 2026-07-08 05:58:24,045 httpcore.connection DEBUG connect_tcp.started host='10.0.0.150' port=16335 local_address=None timeout=5.0 socket_options=None
2026-07-08T05:58:24.053242516Z 2026-07-08 05:58:24,053 httpcore.connection DEBUG connect_tcp.complete return_value=<httpcore._backends.sync.SyncStream object at 0xeb971986fa50>
2026-07-08T05:58:24.053251183Z 2026-07-08 05:58:24,053 httpcore.http11 DEBUG send_request_headers.started request=<Request [b'POST']>
2026-07-08T05:58:24.053252641Z 2026-07-08 05:58:24,053 httpcore.http11 DEBUG send_request_headers.complete
2026-07-08T05:58:24.053253516Z 2026-07-08 05:58:24,053 httpcore.http11 DEBUG send_request_body.started request=<Request [b'POST']>
2026-07-08T05:58:24.053254474Z 2026-07-08 05:58:24,053 httpcore.http11 DEBUG send_request_body.complete
2026-07-08T05:58:24.053255224Z 2026-07-08 05:58:24,053 httpcore.http11 DEBUG receive_response_headers.started request=<Request [b'POST']>
2026-07-08T05:58:24.086150479Z 2026-07-08 05:58:24,084 httpcore.http11 DEBUG receive_response_headers.complete return_value=(b'HTTP/1.1', 200, b'OK', [(b'transfer-encoding', b'chunked'), (b'content-type', b'application/json'), (b'content-encoding', b'gzip'), (b'vary', b'accept-encoding, Origin, Access-Control-Request-Method, Access-Control-Request-Headers'), (b'date', b'Wed, 08 Jul 2026 05:58:23 GMT')])
2026-07-08T05:58:24.086159895Z 2026-07-08 05:58:24,084 httpx INFO HTTP Request: POST http://10.0.0.150:16335/collections/chapter_memories_384d/points/query "HTTP/1.1 200 OK"
2026-07-08T05:58:24.086161062Z 2026-07-08 05:58:24,084 httpcore.http11 DEBUG receive_response_body.started request=<Request [b'POST']>
2026-07-08T05:58:24.086162062Z 2026-07-08 05:58:24,084 httpcore.http11 DEBUG receive_response_body.complete
2026-07-08T05:58:24.086162895Z 2026-07-08 05:58:24,084 httpcore.http11 DEBUG response_closed.started
2026-07-08T05:58:24.086163645Z 2026-07-08 05:58:24,084 httpcore.http11 DEBUG response_closed.complete
2026-07-08T05:58:24.498813017Z 2026-07-08 05:58:24,498 forwin.writer.chapter_writer INFO write_chapter(scene): chapter=1 title_plan='第1章'
2026-07-08T05:58:24.500989692Z 2026-07-08 05:58:24,500 httpcore.connection DEBUG connect_tcp.started host='10.0.0.150' port=8895 local_address=None timeout=10.0 socket_options=None
2026-07-08T05:58:24.507862678Z 2026-07-08 05:58:24,507 httpcore.connection DEBUG connect_tcp.failed exception=ConnectError(ConnectionRefusedError(111, 'Connection refused'))
2026-07-08T05:58:24.507999303Z 2026-07-08 05:58:24,507 forwin.writer.llm.adapter DEBUG LLMClient.chat attempt=1/2 model=kimi-k2.5 messages=5 max_tokens=1800
2026-07-08T05:58:24.508339263Z 2026-07-08 05:58:24,508 httpcore.http11 DEBUG send_request_headers.started request=<Request [b'POST']>
2026-07-08T05:58:24.508461597Z 2026-07-08 05:58:24,508 httpcore.http11 DEBUG send_request_headers.complete
2026-07-08T05:58:24.508464722Z 2026-07-08 05:58:24,508 httpcore.http11 DEBUG send_request_body.started request=<Request [b'POST']>
2026-07-08T05:58:24.508532264Z 2026-07-08 05:58:24,508 httpcore.http11 DEBUG send_request_body.complete
2026-07-08T05:58:24.508543014Z 2026-07-08 05:58:24,508 httpcore.http11 DEBUG receive_response_headers.started request=<Request [b'POST']>
2026-07-08T05:58:24.912725394Z 2026-07-08 05:58:24,912 httpcore.http11 DEBUG receive_response_headers.complete return_value=(b'HTTP/1.1', 429, b'Too Many Requests', [(b'Date', b'Wed, 08 Jul 2026 05:58:24 GMT'), (b'Content-Type', b'application/json; charset=utf-8'), (b'Content-Length', b'257'), (b'Connection', b'keep-alive'), (b'Msh-Gid', b'enterprise-tier-2'), (b'Msh-Org-Id', b'org-4783af77d82146eb9cdb963ca303699f'), (b'Msh-Project-Id', b'proj-b38ca7c5b03d4098a2e2d407f387adc1'), (b'Msh-Request-Id', b'084c2cf6-7a92-11f1-b176-86c5d37cdff6'), (b'Msh-Trace-Mode', b'on'), (b'Msh-Uid', b'd79a43tqip65nogbrrkg'), (b'Vary', b'Origin'), (b'Strict-Transport-Security', b'max-age=31536000; includeSubDomains')])
2026-07-08T05:58:24.913242813Z 2026-07-08 05:58:24,912 httpx INFO HTTP Request: POST https://api.moonshot.cn/v1/chat/completions "HTTP/1.1 429 Too Many Requests"
2026-07-08T05:58:24.913344896Z 2026-07-08 05:58:24,913 httpcore.http11 DEBUG receive_response_body.started request=<Request [b'POST']>
2026-07-08T05:58:24.913544814Z 2026-07-08 05:58:24,913 httpcore.http11 DEBUG receive_response_body.complete
2026-07-08T05:58:24.913554022Z 2026-07-08 05:58:24,913 httpcore.http11 DEBUG response_closed.started
2026-07-08T05:58:24.913805815Z 2026-07-08 05:58:24,913 httpcore.http11 DEBUG response_closed.complete
2026-07-08T05:58:24.914651651Z 2026-07-08 05:58:24,914 forwin.writer.llm.adapter WARNING Transient LLM HTTP status 429. Waiting 2.0 s before retry 2/2.
2026-07-08T05:58:26.915088976Z 2026-07-08 05:58:26,914 forwin.writer.llm.adapter DEBUG LLMClient.chat attempt=2/2 model=kimi-k2.5 messages=5 max_tokens=1800
2026-07-08T05:58:26.916573065Z 2026-07-08 05:58:26,915 httpcore.http11 DEBUG send_request_headers.started request=<Request [b'POST']>
2026-07-08T05:58:26.916588315Z 2026-07-08 05:58:26,916 httpcore.http11 DEBUG send_request_headers.complete
2026-07-08T05:58:26.916590482Z 2026-07-08 05:58:26,916 httpcore.http11 DEBUG send_request_body.started request=<Request [b'POST']>
2026-07-08T05:58:26.916603607Z 2026-07-08 05:58:26,916 httpcore.http11 DEBUG send_request_body.complete
2026-07-08T05:58:26.916605232Z 2026-07-08 05:58:26,916 httpcore.http11 DEBUG receive_response_headers.started request=<Request [b'POST']>
2026-07-08T05:58:28.360949708Z 2026-07-08 05:58:28,360 httpcore.http11 DEBUG receive_response_headers.complete return_value=(b'HTTP/1.1', 429, b'Too Many Requests', [(b'Date', b'Wed, 08 Jul 2026 05:58:28 GMT'), (b'Content-Type', b'application/json; charset=utf-8'), (b'Content-Length', b'257'), (b'Connection', b'keep-alive'), (b'Msh-Gid', b'enterprise-tier-2'), (b'Msh-Org-Id', b'org-4783af77d82146eb9cdb963ca303699f'), (b'Msh-Project-Id', b'proj-b38ca7c5b03d4098a2e2d407f387adc1'), (b'Msh-Request-Id', b'0a5a7079-7a92-11f1-8cd6-b6e5351f2ad1'), (b'Msh-Trace-Mode', b'on'), (b'Msh-Uid', b'd79a43tqip65nogbrrkg'), (b'Vary', b'Origin'), (b'Strict-Transport-Security', b'max-age=31536000; includeSubDomains')])
2026-07-08T05:58:28.361454210Z 2026-07-08 05:58:28,361 httpx INFO HTTP Request: POST https://api.moonshot.cn/v1/chat/completions "HTTP/1.1 429 Too Many Requests"
2026-07-08T05:58:28.361569293Z 2026-07-08 05:58:28,361 httpcore.http11 DEBUG receive_response_body.started request=<Request [b'POST']>
2026-07-08T05:58:28.361781919Z 2026-07-08 05:58:28,361 httpcore.http11 DEBUG receive_response_body.complete
2026-07-08T05:58:28.361863461Z 2026-07-08 05:58:28,361 httpcore.http11 DEBUG response_closed.started
2026-07-08T05:58:28.361871211Z 2026-07-08 05:58:28,361 httpcore.http11 DEBUG response_closed.complete
2026-07-08T05:58:28.363416759Z 2026-07-08 05:58:28,363 forwin.writer.llm.adapter WARNING LLM profile fallback: kimi-k2.5 (https://api.moonshot.cn/v1) -> MiniMax-M2.7 (https://api.minimaxi.com/v1) after retries failed: Client error '429 Too Many Requests' for url 'https://api.moonshot.cn/v1/chat/completions'
2026-07-08T05:58:28.363433676Z For more information check: https://developer.mozilla.org/en-US/docs/Web/HTTP/Status/429
2026-07-08T05:58:28.363484093Z 2026-07-08 05:58:28,363 forwin.writer.llm.adapter DEBUG LLMClient.chat attempt=1/2 model=MiniMax-M2.7 messages=5 max_tokens=1260
2026-07-08T05:58:28.364455972Z 2026-07-08 05:58:28,364 httpcore.connection DEBUG connect_tcp.started host='api.minimaxi.com' port=443 local_address=None timeout=10.0 socket_options=None
2026-07-08T05:58:28.582025286Z 2026-07-08 05:58:28,581 httpcore.connection DEBUG connect_tcp.complete return_value=<httpcore._backends.sync.SyncStream object at 0xeb971986fe50>
2026-07-08T05:58:28.582077120Z 2026-07-08 05:58:28,581 httpcore.connection DEBUG start_tls.started ssl_context=<ssl.SSLContext object at 0xeb972c94bd90> server_hostname='api.minimaxi.com' timeout=10.0
2026-07-08T05:58:29.027365248Z 2026-07-08 05:58:29,027 httpcore.connection DEBUG start_tls.complete return_value=<httpcore._backends.sync.SyncStream object at 0xeb9719973e30>
2026-07-08T05:58:29.027389331Z 2026-07-08 05:58:29,027 httpcore.http11 DEBUG send_request_headers.started request=<Request [b'POST']>
2026-07-08T05:58:29.027665166Z 2026-07-08 05:58:29,027 httpcore.http11 DEBUG send_request_headers.complete
2026-07-08T05:58:29.027671582Z 2026-07-08 05:58:29,027 httpcore.http11 DEBUG send_request_body.started request=<Request [b'POST']>
2026-07-08T05:58:29.027691791Z 2026-07-08 05:58:29,027 httpcore.http11 DEBUG send_request_body.complete
2026-07-08T05:58:29.027731583Z 2026-07-08 05:58:29,027 httpcore.http11 DEBUG receive_response_headers.started request=<Request [b'POST']>
2026-07-08T05:58:29.407140910Z 2026-07-08 05:58:29,407 httpcore.http11 DEBUG receive_response_headers.complete return_value=(b'HTTP/1.1', 429, b'Too Many Requests', [(b'Date', b'Wed, 08 Jul 2026 05:58:29 GMT'), (b'Content-Type', b'application/json; charset=utf-8'), (b'Content-Length', b'232'), (b'Connection', b'keep-alive'), (b'Trace-Id', b'069d1a05a529f9459cc4fed56152c701'), (b'X-Session-Id', b'35e3672a8dd2c8188e4111f5b45ca7b8'), (b'X-Mm-Request-Id', b'2024653756481675725_1783490309diqiqb'), (b'Minimax-Request-Id', b'fbfc679c6eaa84a9234feef644b16ba4'), (b'alb_receive_time', b'1783490309.17'), (b'alb_request_id', b'0b048a6f161fbb800fe5b8e907c20399eaaf2e39')])
2026-07-08T05:58:29.407245244Z 2026-07-08 05:58:29,407 httpx INFO HTTP Request: POST https://api.minimaxi.com/v1/chat/completions "HTTP/1.1 429 Too Many Requests"
2026-07-08T05:58:29.407282744Z 2026-07-08 05:58:29,407 httpcore.http11 DEBUG receive_response_body.started request=<Request [b'POST']>
2026-07-08T05:58:29.407323619Z 2026-07-08 05:58:29,407 httpcore.http11 DEBUG receive_response_body.complete
2026-07-08T05:58:29.407343703Z 2026-07-08 05:58:29,407 httpcore.http11 DEBUG response_closed.started
2026-07-08T05:58:29.407345494Z 2026-07-08 05:58:29,407 httpcore.http11 DEBUG response_closed.complete
2026-07-08T05:58:29.407675412Z 2026-07-08 05:58:29,407 forwin.writer.llm.adapter WARNING Transient LLM HTTP status 429. Waiting 2.0 s before retry 2/2.
2026-07-08T05:58:31.412662520Z 2026-07-08 05:58:31,412 forwin.writer.llm.adapter DEBUG LLMClient.chat attempt=2/2 model=MiniMax-M2.7 messages=5 max_tokens=1260
2026-07-08T05:58:31.414637902Z 2026-07-08 05:58:31,414 httpcore.http11 DEBUG send_request_headers.started request=<Request [b'POST']>
2026-07-08T05:58:31.415319655Z 2026-07-08 05:58:31,415 httpcore.http11 DEBUG send_request_headers.complete
2026-07-08T05:58:31.415341155Z 2026-07-08 05:58:31,415 httpcore.http11 DEBUG send_request_body.started request=<Request [b'POST']>
2026-07-08T05:58:31.415690365Z 2026-07-08 05:58:31,415 httpcore.http11 DEBUG send_request_body.complete
2026-07-08T05:58:31.415779657Z 2026-07-08 05:58:31,415 httpcore.http11 DEBUG receive_response_headers.started request=<Request [b'POST']>
2026-07-08T05:58:31.828405117Z 2026-07-08 05:58:31,828 httpcore.http11 DEBUG receive_response_headers.complete return_value=(b'HTTP/1.1', 429, b'Too Many Requests', [(b'Date', b'Wed, 08 Jul 2026 05:58:31 GMT'), (b'Content-Type', b'application/json; charset=utf-8'), (b'Content-Length', b'232'), (b'Connection', b'keep-alive'), (b'Trace-Id', b'069d1a07f63507369f069e4e0e4c8d67'), (b'X-Session-Id', b'35e3672a8dd2c8188e4111f5b45ca7b8'), (b'X-Mm-Request-Id', b'2024653756481675725_1783490311jrq4m6'), (b'Minimax-Request-Id', b'a79edfc25d340a54affb2fabecd21bcf'), (b'alb_receive_time', b'1783490311.55'), (b'alb_request_id', b'e870e7ed35ffdb807b31f6b8cfdedcbc6f5f568f')])
2026-07-08T05:58:31.828574951Z 2026-07-08 05:58:31,828 httpx INFO HTTP Request: POST https://api.minimaxi.com/v1/chat/completions "HTTP/1.1 429 Too Many Requests"
2026-07-08T05:58:31.828706826Z 2026-07-08 05:58:31,828 httpcore.http11 DEBUG receive_response_body.started request=<Request [b'POST']>
2026-07-08T05:58:31.828724951Z 2026-07-08 05:58:31,828 httpcore.http11 DEBUG receive_response_body.complete
2026-07-08T05:58:31.828809368Z 2026-07-08 05:58:31,828 httpcore.http11 DEBUG response_closed.started
2026-07-08T05:58:31.828813118Z 2026-07-08 05:58:31,828 httpcore.http11 DEBUG response_closed.complete
2026-07-08T05:58:31.829431746Z 2026-07-08 05:58:31,829 forwin.writer.chapter_writer WARNING ChapterWriter JSON call failed on attempt 1/1: Client error '429 Too Many Requests' for url 'https://api.minimaxi.com/v1/chat/completions'
2026-07-08T05:58:31.829445996Z For more information check: https://developer.mozilla.org/en-US/docs/Web/HTTP/Status/429
2026-07-08T05:58:31.829617330Z 2026-07-08 05:58:31,829 forwin.writer.chapter_writer WARNING scene breakdown failed, falling back to heuristic scenes: ChapterWriter JSON generation failed after retries: Client error '429 Too Many Requests' for url 'https://api.minimaxi.com/v1/chat/completions'
2026-07-08T05:58:31.829621746Z For more information check: https://developer.mozilla.org/en-US/docs/Web/HTTP/Status/429
2026-07-08T05:58:31.830125373Z 2026-07-08 05:58:31,829 forwin.writer.llm.adapter DEBUG LLMClient.chat attempt=1/2 model=kimi-k2.5 messages=5 max_tokens=1800
2026-07-08T05:58:31.830673917Z 2026-07-08 05:58:31,830 httpcore.http11 DEBUG send_request_headers.started request=<Request [b'POST']>
2026-07-08T05:58:31.830881626Z 2026-07-08 05:58:31,830 httpcore.http11 DEBUG send_request_headers.complete
2026-07-08T05:58:31.830884960Z 2026-07-08 05:58:31,830 httpcore.http11 DEBUG send_request_body.started request=<Request [b'POST']>
2026-07-08T05:58:31.831056377Z 2026-07-08 05:58:31,830 httpcore.http11 DEBUG send_request_body.complete
2026-07-08T05:58:31.831064794Z 2026-07-08 05:58:31,830 httpcore.http11 DEBUG receive_response_headers.started request=<Request [b'POST']>
2026-07-08T05:58:32.435490718Z 2026-07-08 05:58:32,435 httpcore.http11 DEBUG receive_response_headers.complete return_value=(b'HTTP/1.1', 429, b'Too Many Requests', [(b'Date', b'Wed, 08 Jul 2026 05:58:32 GMT'), (b'Content-Type', b'application/json; charset=utf-8'), (b'Content-Length', b'257'), (b'Connection', b'keep-alive'), (b'Msh-Gid', b'enterprise-tier-2'), (b'Msh-Org-Id', b'org-4783af77d82146eb9cdb963ca303699f'), (b'Msh-Project-Id', b'proj-b38ca7c5b03d4098a2e2d407f387adc1'), (b'Msh-Request-Id', b'0cc7fae9-7a92-11f1-877f-5e9c1d2f00c2'), (b'Msh-Trace-Mode', b'on'), (b'Msh-Uid', b'd79a43tqip65nogbrrkg'), (b'Vary', b'Origin'), (b'Strict-Transport-Security', b'max-age=31536000; includeSubDomains')])
2026-07-08T05:58:32.435903887Z 2026-07-08 05:58:32,435 httpx INFO HTTP Request: POST https://api.moonshot.cn/v1/chat/completions "HTTP/1.1 429 Too Many Requests"
2026-07-08T05:58:32.436166888Z 2026-07-08 05:58:32,435 httpcore.http11 DEBUG receive_response_body.started request=<Request [b'POST']>
2026-07-08T05:58:32.436295805Z 2026-07-08 05:58:32,436 httpcore.http11 DEBUG receive_response_body.complete
2026-07-08T05:58:32.436311763Z 2026-07-08 05:58:32,436 httpcore.http11 DEBUG response_closed.started
2026-07-08T05:58:32.436462097Z 2026-07-08 05:58:32,436 httpcore.http11 DEBUG response_closed.complete
2026-07-08T05:58:32.437368268Z 2026-07-08 05:58:32,437 forwin.writer.llm.adapter WARNING Transient LLM HTTP status 429. Waiting 2.0 s before retry 2/2.
2026-07-08T05:58:34.438117826Z 2026-07-08 05:58:34,438 forwin.writer.llm.adapter DEBUG LLMClient.chat attempt=2/2 model=kimi-k2.5 messages=5 max_tokens=1800
2026-07-08T05:58:34.438516036Z 2026-07-08 05:58:34,438 httpcore.http11 DEBUG send_request_headers.started request=<Request [b'POST']>
2026-07-08T05:58:34.438658953Z 2026-07-08 05:58:34,438 httpcore.http11 DEBUG send_request_headers.complete
2026-07-08T05:58:34.438662620Z 2026-07-08 05:58:34,438 httpcore.http11 DEBUG send_request_body.started request=<Request [b'POST']>
2026-07-08T05:58:34.438775204Z 2026-07-08 05:58:34,438 httpcore.http11 DEBUG send_request_body.complete
2026-07-08T05:58:34.438780704Z 2026-07-08 05:58:34,438 httpcore.http11 DEBUG receive_response_headers.started request=<Request [b'POST']>
2026-07-08T05:58:34.837287610Z 2026-07-08 05:58:34,836 httpcore.http11 DEBUG receive_response_headers.complete return_value=(b'HTTP/1.1', 429, b'Too Many Requests', [(b'Date', b'Wed, 08 Jul 2026 05:58:34 GMT'), (b'Content-Type', b'application/json; charset=utf-8'), (b'Content-Length', b'257'), (b'Connection', b'keep-alive'), (b'Msh-Gid', b'enterprise-tier-2'), (b'Msh-Org-Id', b'org-4783af77d82146eb9cdb963ca303699f'), (b'Msh-Project-Id', b'proj-b38ca7c5b03d4098a2e2d407f387adc1'), (b'Msh-Request-Id', b'0e35cc7d-7a92-11f1-a1fa-5641ea53e1c6'), (b'Msh-Trace-Mode', b'on'), (b'Msh-Uid', b'd79a43tqip65nogbrrkg'), (b'Vary', b'Origin'), (b'Strict-Transport-Security', b'max-age=31536000; includeSubDomains')])
2026-07-08T05:58:34.837603278Z 2026-07-08 05:58:34,837 httpx INFO HTTP Request: POST https://api.moonshot.cn/v1/chat/completions "HTTP/1.1 429 Too Many Requests"
2026-07-08T05:58:34.837731112Z 2026-07-08 05:58:34,837 httpcore.http11 DEBUG receive_response_body.started request=<Request [b'POST']>
2026-07-08T05:58:34.837801154Z 2026-07-08 05:58:34,837 httpcore.http11 DEBUG receive_response_body.complete
2026-07-08T05:58:34.837858945Z 2026-07-08 05:58:34,837 httpcore.http11 DEBUG response_closed.started
2026-07-08T05:58:34.837903321Z 2026-07-08 05:58:34,837 httpcore.http11 DEBUG response_closed.complete
2026-07-08T05:58:34.838873658Z 2026-07-08 05:58:34,838 forwin.writer.llm.adapter WARNING LLM profile fallback: kimi-k2.5 (https://api.moonshot.cn/v1) -> deepseek-chat (https://api.deepseek.com/v1) after retries failed: Client error '429 Too Many Requests' for url 'https://api.moonshot.cn/v1/chat/completions'
2026-07-08T05:58:34.838886783Z For more information check: https://developer.mozilla.org/en-US/docs/Web/HTTP/Status/429
2026-07-08T05:58:34.838964325Z 2026-07-08 05:58:34,838 forwin.writer.llm.adapter DEBUG LLMClient.chat attempt=1/2 model=deepseek-chat messages=5 max_tokens=1679
2026-07-08T05:58:34.839921495Z 2026-07-08 05:58:34,839 httpcore.connection DEBUG connect_tcp.started host='api.deepseek.com' port=443 local_address=None timeout=10.0 socket_options=None
2026-07-08T05:58:34.903083453Z 2026-07-08 05:58:34,902 httpcore.connection DEBUG connect_tcp.complete return_value=<httpcore._backends.sync.SyncStream object at 0xeb9719700410>
2026-07-08T05:58:34.903129120Z 2026-07-08 05:58:34,902 httpcore.connection DEBUG start_tls.started ssl_context=<ssl.SSLContext object at 0xeb972c94bd90> server_hostname='api.deepseek.com' timeout=10.0
2026-07-08T05:58:34.936138667Z 2026-07-08 05:58:34,935 httpcore.connection DEBUG start_tls.complete return_value=<httpcore._backends.sync.SyncStream object at 0xeb97198ad550>
2026-07-08T05:58:34.936187375Z 2026-07-08 05:58:34,935 httpcore.http11 DEBUG send_request_headers.started request=<Request [b'POST']>
2026-07-08T05:58:34.936587043Z 2026-07-08 05:58:34,936 httpcore.http11 DEBUG send_request_headers.complete
2026-07-08T05:58:34.936600210Z 2026-07-08 05:58:34,936 httpcore.http11 DEBUG send_request_body.started request=<Request [b'POST']>
2026-07-08T05:58:34.937070045Z 2026-07-08 05:58:34,936 httpcore.http11 DEBUG send_request_body.complete
2026-07-08T05:58:34.937096129Z 2026-07-08 05:58:34,936 httpcore.http11 DEBUG receive_response_headers.started request=<Request [b'POST']>
2026-07-08T05:58:35.264829589Z 2026-07-08 05:58:35,264 httpcore.http11 DEBUG receive_response_headers.complete return_value=(b'HTTP/1.1', 200, b'OK', [(b'Content-Type', b'application/json'), (b'Transfer-Encoding', b'chunked'), (b'Connection', b'keep-alive'), (b'Date', b'Wed, 08 Jul 2026 05:58:35 GMT'), (b'Server', b'elb'), (b'Content-Encoding', b'gzip'), (b'vary', b'origin, access-control-request-method, access-control-request-headers'), (b'access-control-allow-credentials', b'true'), (b'x-ds-trace-id', b'78c2a284aee560d02c292c87988d0f27'), (b'Strict-Transport-Security', b'max-age=31536000; includeSubDomains; preload'), (b'X-Content-Type-Options', b'nosniff'), (b'X-Cache', b'Miss from cloudfront'), (b'Via', b'1.1 e4c1621d1a01ac203cab18901cb7540a.cloudfront.net (CloudFront)'), (b'X-Amz-Cf-Pop', b'SFO53-P1'), (b'X-Amz-Cf-Id', b'zyV32ljduGEnjsePYLAVxB2qWg76zWHCs3k2FpvYGYQIjnW8Xh7X8g==')])
2026-07-08T05:58:35.265399133Z 2026-07-08 05:58:35,265 httpx INFO HTTP Request: POST https://api.deepseek.com/v1/chat/completions "HTTP/1.1 200 OK"
2026-07-08T05:58:35.265573175Z 2026-07-08 05:58:35,265 httpcore.http11 DEBUG receive_response_body.started request=<Request [b'POST']>
2026-07-08T05:59:01.799341434Z 2026-07-08 05:59:01,798 httpcore.http11 DEBUG receive_response_body.complete
2026-07-08T05:59:01.799424601Z 2026-07-08 05:59:01,799 httpcore.http11 DEBUG response_closed.started
2026-07-08T05:59:01.799439726Z 2026-07-08 05:59:01,799 httpcore.http11 DEBUG response_closed.complete
2026-07-08T05:59:01.799576769Z 2026-07-08 05:59:01,799 httpcore.connection DEBUG close.started
2026-07-08T05:59:01.799988104Z 2026-07-08 05:59:01,799 httpcore.connection DEBUG close.complete
2026-07-08T05:59:01.800010854Z 2026-07-08 05:59:01,799 httpcore.connection DEBUG close.started
2026-07-08T05:59:01.800168854Z 2026-07-08 05:59:01,800 httpcore.connection DEBUG close.complete
2026-07-08T05:59:01.801351942Z 2026-07-08 05:59:01,801 forwin.writer.llm.adapter DEBUG LLMClient.chat success: 2780 chars returned in 26.96s
2026-07-08T05:59:01.803787035Z 2026-07-08 05:59:01,803 forwin.writer.llm.adapter DEBUG LLMClient.chat attempt=1/2 model=kimi-k2.5 messages=5 max_tokens=1800
2026-07-08T05:59:01.804818956Z 2026-07-08 05:59:01,804 httpcore.connection DEBUG connect_tcp.started host='api.moonshot.cn' port=443 local_address=None timeout=10.0 socket_options=None
2026-07-08T05:59:02.199634490Z 2026-07-08 05:59:02,199 httpcore.connection DEBUG connect_tcp.complete return_value=<httpcore._backends.sync.SyncStream object at 0xeb97198ae970>
2026-07-08T05:59:02.199729115Z 2026-07-08 05:59:02,199 httpcore.connection DEBUG start_tls.started ssl_context=<ssl.SSLContext object at 0xeb972c94bd90> server_hostname='api.moonshot.cn' timeout=10.0
2026-07-08T05:59:02.599485418Z 2026-07-08 05:59:02,599 httpcore.connection DEBUG start_tls.complete return_value=<httpcore._backends.sync.SyncStream object at 0xeb97196b21a0>
2026-07-08T05:59:02.599506002Z 2026-07-08 05:59:02,599 httpcore.http11 DEBUG send_request_headers.started request=<Request [b'POST']>
2026-07-08T05:59:02.599624127Z 2026-07-08 05:59:02,599 httpcore.http11 DEBUG send_request_headers.complete
2026-07-08T05:59:02.599628919Z 2026-07-08 05:59:02,599 httpcore.http11 DEBUG send_request_body.started request=<Request [b'POST']>
2026-07-08T05:59:02.599722919Z 2026-07-08 05:59:02,599 httpcore.http11 DEBUG send_request_body.complete
2026-07-08T05:59:02.599728003Z 2026-07-08 05:59:02,599 httpcore.http11 DEBUG receive_response_headers.started request=<Request [b'POST']>
2026-07-08T05:59:05.192387645Z 2026-07-08 05:59:05,192 httpcore.http11 DEBUG receive_response_headers.complete return_value=(b'HTTP/1.1', 429, b'Too Many Requests', [(b'Date', b'Wed, 08 Jul 2026 05:59:05 GMT'), (b'Content-Type', b'application/json; charset=utf-8'), (b'Content-Length', b'257'), (b'Connection', b'keep-alive'), (b'Msh-Gid', b'enterprise-tier-2'), (b'Msh-Org-Id', b'org-4783af77d82146eb9cdb963ca303699f'), (b'Msh-Project-Id', b'proj-b38ca7c5b03d4098a2e2d407f387adc1'), (b'Msh-Request-Id', b'204ac07d-7a92-11f1-942e-72e62042d062'), (b'Msh-Trace-Mode', b'on'), (b'Msh-Uid', b'd79a43tqip65nogbrrkg'), (b'Vary', b'Origin'), (b'Strict-Transport-Security', b'max-age=31536000; includeSubDomains')])
2026-07-08T05:59:05.192696480Z 2026-07-08 05:59:05,192 httpx INFO HTTP Request: POST https://api.moonshot.cn/v1/chat/completions "HTTP/1.1 429 Too Many Requests"
2026-07-08T05:59:05.192842272Z 2026-07-08 05:59:05,192 httpcore.http11 DEBUG receive_response_body.started request=<Request [b'POST']>
2026-07-08T05:59:05.192907106Z 2026-07-08 05:59:05,192 httpcore.http11 DEBUG receive_response_body.complete
2026-07-08T05:59:05.193004231Z 2026-07-08 05:59:05,192 httpcore.http11 DEBUG response_closed.started
2026-07-08T05:59:05.193017023Z 2026-07-08 05:59:05,192 httpcore.http11 DEBUG response_closed.complete
2026-07-08T05:59:05.193953902Z 2026-07-08 05:59:05,193 forwin.writer.llm.adapter WARNING Transient LLM HTTP status 429. Waiting 2.0 s before retry 2/2.
2026-07-08T05:59:07.195184982Z 2026-07-08 05:59:07,194 forwin.writer.llm.adapter DEBUG LLMClient.chat attempt=2/2 model=kimi-k2.5 messages=5 max_tokens=1800
2026-07-08T05:59:07.196114069Z 2026-07-08 05:59:07,195 httpcore.connection DEBUG close.started
2026-07-08T05:59:07.196437028Z 2026-07-08 05:59:07,196 httpcore.connection DEBUG close.complete
2026-07-08T05:59:07.196446820Z 2026-07-08 05:59:07,196 httpcore.http11 DEBUG send_request_headers.started request=<Request [b'POST']>
2026-07-08T05:59:07.196693529Z 2026-07-08 05:59:07,196 httpcore.http11 DEBUG send_request_headers.complete
2026-07-08T05:59:07.196698446Z 2026-07-08 05:59:07,196 httpcore.http11 DEBUG send_request_body.started request=<Request [b'POST']>
2026-07-08T05:59:07.196842238Z 2026-07-08 05:59:07,196 httpcore.http11 DEBUG send_request_body.complete
2026-07-08T05:59:07.196848155Z 2026-07-08 05:59:07,196 httpcore.http11 DEBUG receive_response_headers.started request=<Request [b'POST']>
2026-07-08T05:59:08.013742087Z 2026-07-08 05:59:08,013 httpcore.http11 DEBUG receive_response_headers.complete return_value=(b'HTTP/1.1', 429, b'Too Many Requests', [(b'Date', b'Wed, 08 Jul 2026 05:59:07 GMT'), (b'Content-Type', b'application/json; charset=utf-8'), (b'Content-Length', b'257'), (b'Connection', b'keep-alive'), (b'Msh-Gid', b'enterprise-tier-2'), (b'Msh-Org-Id', b'org-4783af77d82146eb9cdb963ca303699f'), (b'Msh-Project-Id', b'proj-b38ca7c5b03d4098a2e2d407f387adc1'), (b'Msh-Request-Id', b'21f9c38a-7a92-11f1-a1e6-663a6e45fe03'), (b'Msh-Trace-Mode', b'on'), (b'Msh-Uid', b'd79a43tqip65nogbrrkg'), (b'Vary', b'Origin'), (b'Strict-Transport-Security', b'max-age=31536000; includeSubDomains')])
2026-07-08T05:59:08.013908421Z 2026-07-08 05:59:08,013 httpx INFO HTTP Request: POST https://api.moonshot.cn/v1/chat/completions "HTTP/1.1 429 Too Many Requests"
2026-07-08T05:59:08.013947172Z 2026-07-08 05:59:08,013 httpcore.http11 DEBUG receive_response_body.started request=<Request [b'POST']>
2026-07-08T05:59:08.013996755Z 2026-07-08 05:59:08,013 httpcore.http11 DEBUG receive_response_body.complete
2026-07-08T05:59:08.014086755Z 2026-07-08 05:59:08,014 httpcore.http11 DEBUG response_closed.started
2026-07-08T05:59:08.014091839Z 2026-07-08 05:59:08,014 httpcore.http11 DEBUG response_closed.complete
2026-07-08T05:59:08.014540257Z 2026-07-08 05:59:08,014 forwin.writer.llm.adapter WARNING LLM profile fallback: kimi-k2.5 (https://api.moonshot.cn/v1) -> deepseek-chat (https://api.deepseek.com/v1) after retries failed: Client error '429 Too Many Requests' for url 'https://api.moonshot.cn/v1/chat/completions'
2026-07-08T05:59:08.014544799Z For more information check: https://developer.mozilla.org/en-US/docs/Web/HTTP/Status/429
2026-07-08T05:59:08.014589257Z 2026-07-08 05:59:08,014 forwin.writer.llm.adapter DEBUG LLMClient.chat attempt=1/2 model=deepseek-chat messages=5 max_tokens=1679
2026-07-08T05:59:08.015166885Z 2026-07-08 05:59:08,015 httpcore.connection DEBUG connect_tcp.started host='api.deepseek.com' port=443 local_address=None timeout=10.0 socket_options=None
2026-07-08T05:59:08.046686219Z 2026-07-08 05:59:08,046 httpcore.connection DEBUG connect_tcp.complete return_value=<httpcore._backends.sync.SyncStream object at 0xeb97196c3650>
2026-07-08T05:59:08.046696261Z 2026-07-08 05:59:08,046 httpcore.connection DEBUG start_tls.started ssl_context=<ssl.SSLContext object at 0xeb972c94bd90> server_hostname='api.deepseek.com' timeout=10.0
2026-07-08T05:59:08.071047650Z 2026-07-08 05:59:08,070 httpcore.connection DEBUG start_tls.complete return_value=<httpcore._backends.sync.SyncStream object at 0xeb97196c3710>
2026-07-08T05:59:08.071091358Z 2026-07-08 05:59:08,071 httpcore.http11 DEBUG send_request_headers.started request=<Request [b'POST']>
2026-07-08T05:59:08.071346401Z 2026-07-08 05:59:08,071 httpcore.http11 DEBUG send_request_headers.complete
2026-07-08T05:59:08.071351193Z 2026-07-08 05:59:08,071 httpcore.http11 DEBUG send_request_body.started request=<Request [b'POST']>
2026-07-08T05:59:08.071425693Z 2026-07-08 05:59:08,071 httpcore.http11 DEBUG send_request_body.complete
2026-07-08T05:59:08.071446526Z 2026-07-08 05:59:08,071 httpcore.http11 DEBUG receive_response_headers.started request=<Request [b'POST']>
2026-07-08T05:59:08.393936275Z 2026-07-08 05:59:08,393 httpcore.http11 DEBUG receive_response_headers.complete return_value=(b'HTTP/1.1', 200, b'OK', [(b'Content-Type', b'application/json'), (b'Transfer-Encoding', b'chunked'), (b'Connection', b'keep-alive'), (b'Date', b'Wed, 08 Jul 2026 05:59:08 GMT'), (b'Server', b'elb'), (b'Content-Encoding', b'gzip'), (b'vary', b'origin, access-control-request-method, access-control-request-headers'), (b'access-control-allow-credentials', b'true'), (b'x-ds-trace-id', b'52aff6863e3e1158c706157700661966'), (b'Strict-Transport-Security', b'max-age=31536000; includeSubDomains; preload'), (b'X-Content-Type-Options', b'nosniff'), (b'X-Cache', b'Miss from cloudfront'), (b'Via', b'1.1 a82744d73a9589befe4efdd723d94198.cloudfront.net (CloudFront)'), (b'X-Amz-Cf-Pop', b'SFO53-P4'), (b'X-Amz-Cf-Id', b'1u4jNRJYkh3W3D-jRlhMFoUX0pGQ3CU4DFOFDPPLG37fx8BrC0yCBQ==')])
2026-07-08T05:59:08.394169275Z 2026-07-08 05:59:08,394 httpx INFO HTTP Request: POST https://api.deepseek.com/v1/chat/completions "HTTP/1.1 200 OK"
2026-07-08T05:59:08.394304401Z 2026-07-08 05:59:08,394 httpcore.http11 DEBUG receive_response_body.started request=<Request [b'POST']>
2026-07-08T05:59:25.688191078Z 2026-07-08 05:59:25,687 httpcore.http11 DEBUG receive_response_body.complete
2026-07-08T05:59:25.688297370Z 2026-07-08 05:59:25,688 httpcore.http11 DEBUG response_closed.started
2026-07-08T05:59:25.688321328Z 2026-07-08 05:59:25,688 httpcore.http11 DEBUG response_closed.complete
2026-07-08T05:59:25.688550662Z 2026-07-08 05:59:25,688 httpcore.connection DEBUG close.started
2026-07-08T05:59:25.689088623Z 2026-07-08 05:59:25,688 httpcore.connection DEBUG close.complete
2026-07-08T05:59:25.690472920Z 2026-07-08 05:59:25,690 forwin.writer.llm.adapter DEBUG LLMClient.chat success: 1849 chars returned in 17.68s
2026-07-08T05:59:25.691849009Z 2026-07-08 05:59:25,691 forwin.writer.llm.adapter DEBUG LLMClient.chat attempt=1/2 model=kimi-k2.5 messages=5 max_tokens=1800
2026-07-08T05:59:25.693061306Z 2026-07-08 05:59:25,692 httpcore.connection DEBUG connect_tcp.started host='api.moonshot.cn' port=443 local_address=None timeout=10.0 socket_options=None
2026-07-08T05:59:26.059934949Z 2026-07-08 05:59:26,059 httpcore.connection DEBUG connect_tcp.complete return_value=<httpcore._backends.sync.SyncStream object at 0xeb9719950c00>
2026-07-08T05:59:26.059952532Z 2026-07-08 05:59:26,059 httpcore.connection DEBUG start_tls.started ssl_context=<ssl.SSLContext object at 0xeb972c94bd90> server_hostname='api.moonshot.cn' timeout=10.0
2026-07-08T05:59:27.775928484Z 2026-07-08 05:59:27,775 httpcore.connection DEBUG start_tls.complete return_value=<httpcore._backends.sync.SyncStream object at 0xeb9719950cb0>
2026-07-08T05:59:27.775941192Z 2026-07-08 05:59:27,775 httpcore.http11 DEBUG send_request_headers.started request=<Request [b'POST']>
2026-07-08T05:59:27.776073818Z 2026-07-08 05:59:27,776 httpcore.http11 DEBUG send_request_headers.complete
2026-07-08T05:59:27.776078276Z 2026-07-08 05:59:27,776 httpcore.http11 DEBUG send_request_body.started request=<Request [b'POST']>
2026-07-08T05:59:27.776137235Z 2026-07-08 05:59:27,776 httpcore.http11 DEBUG send_request_body.complete
2026-07-08T05:59:27.776139235Z 2026-07-08 05:59:27,776 httpcore.http11 DEBUG receive_response_headers.started request=<Request [b'POST']>
2026-07-08T05:59:28.580424516Z 2026-07-08 05:59:28,580 httpcore.http11 DEBUG receive_response_headers.complete return_value=(b'HTTP/1.1', 429, b'Too Many Requests', [(b'Date', b'Wed, 08 Jul 2026 05:59:28 GMT'), (b'Content-Type', b'application/json; charset=utf-8'), (b'Content-Length', b'257'), (b'Connection', b'keep-alive'), (b'Msh-Gid', b'enterprise-tier-2'), (b'Msh-Org-Id', b'org-4783af77d82146eb9cdb963ca303699f'), (b'Msh-Project-Id', b'proj-b38ca7c5b03d4098a2e2d407f387adc1'), (b'Msh-Request-Id', b'2e3b9919-7a92-11f1-a431-ba5ca075d1b6'), (b'Msh-Trace-Mode', b'on'), (b'Msh-Uid', b'd79a43tqip65nogbrrkg'), (b'Vary', b'Origin'), (b'Strict-Transport-Security', b'max-age=31536000; includeSubDomains')])
2026-07-08T05:59:28.580615017Z 2026-07-08 05:59:28,580 httpx INFO HTTP Request: POST https://api.moonshot.cn/v1/chat/completions "HTTP/1.1 429 Too Many Requests"
2026-07-08T05:59:28.580671184Z 2026-07-08 05:59:28,580 httpcore.http11 DEBUG receive_response_body.started request=<Request [b'POST']>
2026-07-08T05:59:28.580748226Z 2026-07-08 05:59:28,580 httpcore.http11 DEBUG receive_response_body.complete
2026-07-08T05:59:28.580804018Z 2026-07-08 05:59:28,580 httpcore.http11 DEBUG response_closed.started
2026-07-08T05:59:28.580806893Z 2026-07-08 05:59:28,580 httpcore.http11 DEBUG response_closed.complete
2026-07-08T05:59:28.581455145Z 2026-07-08 05:59:28,581 forwin.writer.llm.adapter WARNING Transient LLM HTTP status 429. Waiting 2.0 s before retry 2/2.
2026-07-08T05:59:30.582702087Z 2026-07-08 05:59:30,582 forwin.writer.llm.adapter DEBUG LLMClient.chat attempt=2/2 model=kimi-k2.5 messages=5 max_tokens=1800
2026-07-08T05:59:30.583165130Z 2026-07-08 05:59:30,583 httpcore.http11 DEBUG send_request_headers.started request=<Request [b'POST']>
2026-07-08T05:59:30.583331631Z 2026-07-08 05:59:30,583 httpcore.http11 DEBUG send_request_headers.complete
2026-07-08T05:59:30.583338047Z 2026-07-08 05:59:30,583 httpcore.http11 DEBUG send_request_body.started request=<Request [b'POST']>
2026-07-08T05:59:30.583523423Z 2026-07-08 05:59:30,583 httpcore.http11 DEBUG send_request_body.complete
2026-07-08T05:59:30.583528590Z 2026-07-08 05:59:30,583 httpcore.http11 DEBUG receive_response_headers.started request=<Request [b'POST']>
2026-07-08T05:59:31.012757362Z 2026-07-08 05:59:31,012 httpcore.http11 DEBUG receive_response_headers.complete return_value=(b'HTTP/1.1', 429, b'Too Many Requests', [(b'Date', b'Wed, 08 Jul 2026 05:59:30 GMT'), (b'Content-Type', b'application/json; charset=utf-8'), (b'Content-Length', b'257'), (b'Connection', b'keep-alive'), (b'Msh-Gid', b'enterprise-tier-2'), (b'Msh-Org-Id', b'org-4783af77d82146eb9cdb963ca303699f'), (b'Msh-Project-Id', b'proj-b38ca7c5b03d4098a2e2d407f387adc1'), (b'Msh-Request-Id', b'2fad03c3-7a92-11f1-b5da-9e3cb10ae713'), (b'Msh-Trace-Mode', b'on'), (b'Msh-Uid', b'd79a43tqip65nogbrrkg'), (b'Vary', b'Origin'), (b'Strict-Transport-Security', b'max-age=31536000; includeSubDomains')])
2026-07-08T05:59:31.013262948Z 2026-07-08 05:59:31,013 httpx INFO HTTP Request: POST https://api.moonshot.cn/v1/chat/completions "HTTP/1.1 429 Too Many Requests"
2026-07-08T05:59:31.013397531Z 2026-07-08 05:59:31,013 httpcore.http11 DEBUG receive_response_body.started request=<Request [b'POST']>
2026-07-08T05:59:31.013548074Z 2026-07-08 05:59:31,013 httpcore.http11 DEBUG receive_response_body.complete
2026-07-08T05:59:31.013634074Z 2026-07-08 05:59:31,013 httpcore.http11 DEBUG response_closed.started
2026-07-08T05:59:31.013749825Z 2026-07-08 05:59:31,013 httpcore.http11 DEBUG response_closed.complete
2026-07-08T05:59:31.013916825Z 2026-07-08 05:59:31,013 httpcore.connection DEBUG close.started
2026-07-08T05:59:31.014523244Z 2026-07-08 05:59:31,014 httpcore.connection DEBUG close.complete
2026-07-08T05:59:31.015552040Z 2026-07-08 05:59:31,015 forwin.writer.llm.adapter WARNING LLM profile fallback: kimi-k2.5 (https://api.moonshot.cn/v1) -> deepseek-chat (https://api.deepseek.com/v1) after retries failed: Client error '429 Too Many Requests' for url 'https://api.moonshot.cn/v1/chat/completions'
2026-07-08T05:59:31.015571999Z For more information check: https://developer.mozilla.org/en-US/docs/Web/HTTP/Status/429
2026-07-08T05:59:31.015655082Z 2026-07-08 05:59:31,015 forwin.writer.llm.adapter DEBUG LLMClient.chat attempt=1/2 model=deepseek-chat messages=5 max_tokens=1679
2026-07-08T05:59:31.016779253Z 2026-07-08 05:59:31,016 httpcore.connection DEBUG connect_tcp.started host='api.deepseek.com' port=443 local_address=None timeout=10.0 socket_options=None
2026-07-08T05:59:31.064488612Z 2026-07-08 05:59:31,064 httpcore.connection DEBUG connect_tcp.complete return_value=<httpcore._backends.sync.SyncStream object at 0xeb97196b9310>
2026-07-08T05:59:31.064529404Z 2026-07-08 05:59:31,064 httpcore.connection DEBUG start_tls.started ssl_context=<ssl.SSLContext object at 0xeb972c94bd90> server_hostname='api.deepseek.com' timeout=10.0
2026-07-08T05:59:31.088647210Z 2026-07-08 05:59:31,088 httpcore.connection DEBUG start_tls.complete return_value=<httpcore._backends.sync.SyncStream object at 0xeb97196b8190>
2026-07-08T05:59:31.088827461Z 2026-07-08 05:59:31,088 httpcore.http11 DEBUG send_request_headers.started request=<Request [b'POST']>
2026-07-08T05:59:31.089189962Z 2026-07-08 05:59:31,089 httpcore.http11 DEBUG send_request_headers.complete
2026-07-08T05:59:31.089204879Z 2026-07-08 05:59:31,089 httpcore.http11 DEBUG send_request_body.started request=<Request [b'POST']>
2026-07-08T05:59:31.089472505Z 2026-07-08 05:59:31,089 httpcore.http11 DEBUG send_request_body.complete
2026-07-08T05:59:31.089481713Z 2026-07-08 05:59:31,089 httpcore.http11 DEBUG receive_response_headers.started request=<Request [b'POST']>
2026-07-08T05:59:31.469781830Z 2026-07-08 05:59:31,469 httpcore.http11 DEBUG receive_response_headers.complete return_value=(b'HTTP/1.1', 200, b'OK', [(b'Content-Type', b'application/json'), (b'Transfer-Encoding', b'chunked'), (b'Connection', b'keep-alive'), (b'Date', b'Wed, 08 Jul 2026 05:59:31 GMT'), (b'Server', b'elb'), (b'Content-Encoding', b'gzip'), (b'vary', b'origin, access-control-request-method, access-control-request-headers'), (b'access-control-allow-credentials', b'true'), (b'x-ds-trace-id', b'd8c0e0d35845628b005fd3ffe9673af3'), (b'Strict-Transport-Security', b'max-age=31536000; includeSubDomains; preload'), (b'X-Content-Type-Options', b'nosniff'), (b'X-Cache', b'Miss from cloudfront'), (b'Via', b'1.1 946b9edb2009c5508a0fbbd636f95014.cloudfront.net (CloudFront)'), (b'X-Amz-Cf-Pop', b'SFO5-P2'), (b'X-Amz-Cf-Id', b'W5M0q78t-o8Jv-G4c5qfia5omvAXBckLTB-skj-SsJWqW7AyaHIlZQ==')])
2026-07-08T05:59:31.470287458Z 2026-07-08 05:59:31,470 httpx INFO HTTP Request: POST https://api.deepseek.com/v1/chat/completions "HTTP/1.1 200 OK"
2026-07-08T05:59:31.470419208Z 2026-07-08 05:59:31,470 httpcore.http11 DEBUG receive_response_body.started request=<Request [b'POST']>
2026-07-08T05:59:51.083516378Z 2026-07-08 05:59:51,083 httpcore.http11 DEBUG receive_response_body.complete
2026-07-08T05:59:51.083579504Z 2026-07-08 05:59:51,083 httpcore.http11 DEBUG response_closed.started
2026-07-08T05:59:51.083586712Z 2026-07-08 05:59:51,083 httpcore.http11 DEBUG response_closed.complete
2026-07-08T05:59:51.083612962Z 2026-07-08 05:59:51,083 httpcore.connection DEBUG close.started
2026-07-08T05:59:51.084000130Z 2026-07-08 05:59:51,083 httpcore.connection DEBUG close.complete
2026-07-08T05:59:51.085168593Z 2026-07-08 05:59:51,084 forwin.writer.llm.adapter DEBUG LLMClient.chat success: 2003 chars returned in 20.07s
2026-07-08T05:59:51.086496640Z 2026-07-08 05:59:51,086 forwin.writer.llm.adapter DEBUG LLMClient.chat attempt=1/2 model=kimi-k2.5 messages=5 max_tokens=5600
2026-07-08T05:59:51.087662978Z 2026-07-08 05:59:51,087 httpcore.connection DEBUG connect_tcp.started host='api.moonshot.cn' port=443 local_address=None timeout=10.0 socket_options=None
2026-07-08T05:59:51.500933990Z 2026-07-08 05:59:51,500 httpcore.connection DEBUG connect_tcp.complete return_value=<httpcore._backends.sync.SyncStream object at 0xeb971a66fad0>
2026-07-08T05:59:51.501040699Z 2026-07-08 05:59:51,500 httpcore.connection DEBUG start_tls.started ssl_context=<ssl.SSLContext object at 0xeb972c94bd90> server_hostname='api.moonshot.cn' timeout=10.0
2026-07-08T05:59:51.924050334Z 2026-07-08 05:59:51,923 httpcore.connection DEBUG start_tls.complete return_value=<httpcore._backends.sync.SyncStream object at 0xeb971970ce50>
2026-07-08T05:59:51.924122084Z 2026-07-08 05:59:51,923 httpcore.http11 DEBUG send_request_headers.started request=<Request [b'POST']>
2026-07-08T05:59:51.924755378Z 2026-07-08 05:59:51,924 httpcore.http11 DEBUG send_request_headers.complete
2026-07-08T05:59:51.924788629Z 2026-07-08 05:59:51,924 httpcore.http11 DEBUG send_request_body.started request=<Request [b'POST']>
2026-07-08T05:59:51.925667132Z 2026-07-08 05:59:51,925 httpcore.http11 DEBUG send_request_body.complete
2026-07-08T05:59:51.925694841Z 2026-07-08 05:59:51,925 httpcore.http11 DEBUG receive_response_headers.started request=<Request [b'POST']>
2026-07-08T05:59:52.985632147Z 2026-07-08 05:59:52,985 httpcore.http11 DEBUG receive_response_headers.complete return_value=(b'HTTP/1.1', 429, b'Too Many Requests', [(b'Date', b'Wed, 08 Jul 2026 05:59:52 GMT'), (b'Content-Type', b'application/json; charset=utf-8'), (b'Content-Length', b'257'), (b'Connection', b'keep-alive'), (b'Msh-Gid', b'enterprise-tier-2'), (b'Msh-Org-Id', b'org-4783af77d82146eb9cdb963ca303699f'), (b'Msh-Project-Id', b'proj-b38ca7c5b03d4098a2e2d407f387adc1'), (b'Msh-Request-Id', b'3cc52110-7a92-11f1-95ab-96ec7e34e8b5'), (b'Msh-Trace-Mode', b'on'), (b'Msh-Uid', b'd79a43tqip65nogbrrkg'), (b'Vary', b'Origin'), (b'Strict-Transport-Security', b'max-age=31536000; includeSubDomains')])
2026-07-08T05:59:52.986104482Z 2026-07-08 05:59:52,985 httpx INFO HTTP Request: POST https://api.moonshot.cn/v1/chat/completions "HTTP/1.1 429 Too Many Requests"
2026-07-08T05:59:52.986282233Z 2026-07-08 05:59:52,986 httpcore.http11 DEBUG receive_response_body.started request=<Request [b'POST']>
2026-07-08T05:59:52.986381025Z 2026-07-08 05:59:52,986 httpcore.http11 DEBUG receive_response_body.complete
2026-07-08T05:59:52.986462317Z 2026-07-08 05:59:52,986 httpcore.http11 DEBUG response_closed.started
2026-07-08T05:59:52.986469900Z 2026-07-08 05:59:52,986 httpcore.http11 DEBUG response_closed.complete
2026-07-08T05:59:52.987799031Z 2026-07-08 05:59:52,987 forwin.writer.llm.adapter WARNING Transient LLM HTTP status 429. Waiting 2.0 s before retry 2/2.
2026-07-08T05:59:54.998483538Z 2026-07-08 05:59:54,997 forwin.writer.llm.adapter DEBUG LLMClient.chat attempt=2/2 model=kimi-k2.5 messages=5 max_tokens=5600
2026-07-08T05:59:55.000526754Z 2026-07-08 05:59:55,000 httpcore.http11 DEBUG send_request_headers.started request=<Request [b'POST']>
2026-07-08T05:59:55.001084465Z 2026-07-08 05:59:55,000 httpcore.http11 DEBUG send_request_headers.complete
2026-07-08T05:59:55.001107298Z 2026-07-08 05:59:55,001 httpcore.http11 DEBUG send_request_body.started request=<Request [b'POST']>
2026-07-08T05:59:55.001736176Z 2026-07-08 05:59:55,001 httpcore.http11 DEBUG send_request_body.complete
2026-07-08T05:59:55.001751634Z 2026-07-08 05:59:55,001 httpcore.http11 DEBUG receive_response_headers.started request=<Request [b'POST']>
2026-07-08T05:59:56.269913126Z 2026-07-08 05:59:56,269 httpcore.http11 DEBUG receive_response_headers.complete return_value=(b'HTTP/1.1', 429, b'Too Many Requests', [(b'Date', b'Wed, 08 Jul 2026 05:59:56 GMT'), (b'Content-Type', b'application/json; charset=utf-8'), (b'Content-Length', b'257'), (b'Connection', b'keep-alive'), (b'Msh-Gid', b'enterprise-tier-2'), (b'Msh-Org-Id', b'org-4783af77d82146eb9cdb963ca303699f'), (b'Msh-Project-Id', b'proj-b38ca7c5b03d4098a2e2d407f387adc1'), (b'Msh-Request-Id', b'3ebb145f-7a92-11f1-a44c-6ad6e986dd4c'), (b'Msh-Trace-Mode', b'on'), (b'Msh-Uid', b'd79a43tqip65nogbrrkg'), (b'Vary', b'Origin'), (b'Strict-Transport-Security', b'max-age=31536000; includeSubDomains')])
2026-07-08T05:59:56.270191960Z 2026-07-08 05:59:56,270 httpx INFO HTTP Request: POST https://api.moonshot.cn/v1/chat/completions "HTTP/1.1 429 Too Many Requests"
2026-07-08T05:59:56.270300419Z 2026-07-08 05:59:56,270 httpcore.http11 DEBUG receive_response_body.started request=<Request [b'POST']>
2026-07-08T05:59:56.270404878Z 2026-07-08 05:59:56,270 httpcore.http11 DEBUG receive_response_body.complete
2026-07-08T05:59:56.270458586Z 2026-07-08 05:59:56,270 httpcore.http11 DEBUG response_closed.started
2026-07-08T05:59:56.270498253Z 2026-07-08 05:59:56,270 httpcore.http11 DEBUG response_closed.complete
2026-07-08T05:59:56.270601295Z 2026-07-08 05:59:56,270 httpcore.connection DEBUG close.started
2026-07-08T05:59:56.270951797Z 2026-07-08 05:59:56,270 httpcore.connection DEBUG close.complete
2026-07-08T05:59:56.271962134Z 2026-07-08 05:59:56,271 forwin.writer.llm.adapter WARNING LLM profile fallback: kimi-k2.5 (https://api.moonshot.cn/v1) -> deepseek-chat (https://api.deepseek.com/v1) after retries failed: Client error '429 Too Many Requests' for url 'https://api.moonshot.cn/v1/chat/completions'
2026-07-08T05:59:56.272022843Z For more information check: https://developer.mozilla.org/en-US/docs/Web/HTTP/Status/429
2026-07-08T05:59:56.272113385Z 2026-07-08 05:59:56,271 forwin.writer.llm.adapter DEBUG LLMClient.chat attempt=1/2 model=deepseek-chat messages=5 max_tokens=5600
2026-07-08T05:59:56.273130722Z 2026-07-08 05:59:56,272 httpcore.connection DEBUG connect_tcp.started host='api.deepseek.com' port=443 local_address=None timeout=10.0 socket_options=None
2026-07-08T05:59:56.371957291Z 2026-07-08 05:59:56,371 httpcore.connection DEBUG connect_tcp.complete return_value=<httpcore._backends.sync.SyncStream object at 0xeb971970ea50>
2026-07-08T05:59:56.372056208Z 2026-07-08 05:59:56,371 httpcore.connection DEBUG start_tls.started ssl_context=<ssl.SSLContext object at 0xeb972c94bd90> server_hostname='api.deepseek.com' timeout=10.0
2026-07-08T05:59:56.421604201Z 2026-07-08 05:59:56,421 httpcore.connection DEBUG start_tls.complete return_value=<httpcore._backends.sync.SyncStream object at 0xeb97196f2510>
2026-07-08T05:59:56.421639826Z 2026-07-08 05:59:56,421 httpcore.http11 DEBUG send_request_headers.started request=<Request [b'POST']>
2026-07-08T05:59:56.422315704Z 2026-07-08 05:59:56,421 httpcore.http11 DEBUG send_request_headers.complete
2026-07-08T05:59:56.422345204Z 2026-07-08 05:59:56,422 httpcore.http11 DEBUG send_request_body.started request=<Request [b'POST']>
2026-07-08T05:59:56.422895665Z 2026-07-08 05:59:56,422 httpcore.http11 DEBUG send_request_body.complete
2026-07-08T05:59:56.422911707Z 2026-07-08 05:59:56,422 httpcore.http11 DEBUG receive_response_headers.started request=<Request [b'POST']>
2026-07-08T05:59:56.883740498Z 2026-07-08 05:59:56,883 httpcore.http11 DEBUG receive_response_headers.complete return_value=(b'HTTP/1.1', 200, b'OK', [(b'Content-Type', b'application/json'), (b'Transfer-Encoding', b'chunked'), (b'Connection', b'keep-alive'), (b'Date', b'Wed, 08 Jul 2026 05:59:56 GMT'), (b'Server', b'elb'), (b'Content-Encoding', b'gzip'), (b'vary', b'origin, access-control-request-method, access-control-request-headers'), (b'access-control-allow-credentials', b'true'), (b'x-ds-trace-id', b'2bb9445a8c9186c61e87aefe07dcc15c'), (b'Strict-Transport-Security', b'max-age=31536000; includeSubDomains; preload'), (b'X-Content-Type-Options', b'nosniff'), (b'X-Cache', b'Miss from cloudfront'), (b'Via', b'1.1 442d080ad536f368b087d8fa4ff33ee6.cloudfront.net (CloudFront)'), (b'X-Amz-Cf-Pop', b'SFO5-P2'), (b'X-Amz-Cf-Id', b'dTPR_JL7hluny9GZfeNZxwxv4HXoMe_C2gF4YzcTpyck8NqFeDRJgg==')])
2026-07-08T05:59:56.884270875Z 2026-07-08 05:59:56,884 httpx INFO HTTP Request: POST https://api.deepseek.com/v1/chat/completions "HTTP/1.1 200 OK"
2026-07-08T05:59:56.884400626Z 2026-07-08 05:59:56,884 httpcore.http11 DEBUG receive_response_body.started request=<Request [b'POST']>
2026-07-08T06:00:28.811321556Z 2026-07-08 06:00:28,811 httpcore.http11 DEBUG receive_response_body.complete
2026-07-08T06:00:28.811347389Z 2026-07-08 06:00:28,811 httpcore.http11 DEBUG response_closed.started
2026-07-08T06:00:28.811391598Z 2026-07-08 06:00:28,811 httpcore.http11 DEBUG response_closed.complete
2026-07-08T06:00:28.811403848Z 2026-07-08 06:00:28,811 httpcore.connection DEBUG close.started
2026-07-08T06:00:28.811630516Z 2026-07-08 06:00:28,811 httpcore.connection DEBUG close.complete
2026-07-08T06:00:28.812424227Z 2026-07-08 06:00:28,812 forwin.writer.llm.adapter DEBUG LLMClient.chat success: 5834 chars returned in 32.54s
2026-07-08T06:00:28.813134355Z 2026-07-08 06:00:28,813 httpcore.connection DEBUG connect_tcp.started host='10.0.0.150' port=8895 local_address=None timeout=10.0 socket_options=None
2026-07-08T06:00:28.820190134Z 2026-07-08 06:00:28,820 httpcore.connection DEBUG connect_tcp.failed exception=ConnectError(ConnectionRefusedError(111, 'Connection refused'))
2026-07-08T06:00:28.820428135Z 2026-07-08 06:00:28,820 forwin.writer.llm.adapter DEBUG LLMClient.chat attempt=1/2 model=kimi-k2.5 messages=2 max_tokens=2200
2026-07-08T06:00:28.820953887Z 2026-07-08 06:00:28,820 httpcore.connection DEBUG connect_tcp.started host='api.moonshot.cn' port=443 local_address=None timeout=10.0 socket_options=None
2026-07-08T06:00:29.258321394Z 2026-07-08 06:00:29,257 httpcore.connection DEBUG connect_tcp.complete return_value=<httpcore._backends.sync.SyncStream object at 0xeb97196f2580>
2026-07-08T06:00:29.258369061Z 2026-07-08 06:00:29,258 httpcore.connection DEBUG start_tls.started ssl_context=<ssl.SSLContext object at 0xeb972c94bd90> server_hostname='api.moonshot.cn' timeout=10.0
2026-07-08T06:00:30.175111998Z 2026-07-08 06:00:30,174 httpcore.connection DEBUG start_tls.complete return_value=<httpcore._backends.sync.SyncStream object at 0xeb97196edc10>
2026-07-08T06:00:30.175202498Z 2026-07-08 06:00:30,175 httpcore.http11 DEBUG send_request_headers.started request=<Request [b'POST']>
2026-07-08T06:00:30.175887251Z 2026-07-08 06:00:30,175 httpcore.http11 DEBUG send_request_headers.complete
2026-07-08T06:00:30.175908709Z 2026-07-08 06:00:30,175 httpcore.http11 DEBUG send_request_body.started request=<Request [b'POST']>
2026-07-08T06:00:30.176509170Z 2026-07-08 06:00:30,176 httpcore.http11 DEBUG send_request_body.complete
2026-07-08T06:00:30.176544420Z 2026-07-08 06:00:30,176 httpcore.http11 DEBUG receive_response_headers.started request=<Request [b'POST']>
2026-07-08T06:00:31.459733200Z 2026-07-08 06:00:31,459 httpcore.http11 DEBUG receive_response_headers.complete return_value=(b'HTTP/1.1', 429, b'Too Many Requests', [(b'Date', b'Wed, 08 Jul 2026 06:00:31 GMT'), (b'Content-Type', b'application/json; charset=utf-8'), (b'Content-Length', b'257'), (b'Connection', b'keep-alive'), (b'Msh-Gid', b'enterprise-tier-2'), (b'Msh-Org-Id', b'org-4783af77d82146eb9cdb963ca303699f'), (b'Msh-Project-Id', b'proj-b38ca7c5b03d4098a2e2d407f387adc1'), (b'Msh-Request-Id', b'53b92d41-7a92-11f1-a1e6-663a6e45fe03'), (b'Msh-Trace-Mode', b'on'), (b'Msh-Uid', b'd79a43tqip65nogbrrkg'), (b'Vary', b'Origin'), (b'Strict-Transport-Security', b'max-age=31536000; includeSubDomains')])
2026-07-08T06:00:31.459894742Z 2026-07-08 06:00:31,459 httpx INFO HTTP Request: POST https://api.moonshot.cn/v1/chat/completions "HTTP/1.1 429 Too Many Requests"
2026-07-08T06:00:31.459948325Z 2026-07-08 06:00:31,459 httpcore.http11 DEBUG receive_response_body.started request=<Request [b'POST']>
2026-07-08T06:00:31.460000659Z 2026-07-08 06:00:31,459 httpcore.http11 DEBUG receive_response_body.complete
2026-07-08T06:00:31.460067993Z 2026-07-08 06:00:31,459 httpcore.http11 DEBUG response_closed.started
2026-07-08T06:00:31.460085576Z 2026-07-08 06:00:31,460 httpcore.http11 DEBUG response_closed.complete
2026-07-08T06:00:31.460542245Z 2026-07-08 06:00:31,460 forwin.writer.llm.adapter WARNING Transient LLM HTTP status 429. Waiting 2.0 s before retry 2/2.
2026-07-08T06:00:33.462483027Z 2026-07-08 06:00:33,462 forwin.writer.llm.adapter DEBUG LLMClient.chat attempt=2/2 model=kimi-k2.5 messages=2 max_tokens=2200
2026-07-08T06:00:33.464375659Z 2026-07-08 06:00:33,464 httpcore.http11 DEBUG send_request_headers.started request=<Request [b'POST']>
2026-07-08T06:00:33.464907495Z 2026-07-08 06:00:33,464 httpcore.http11 DEBUG send_request_headers.complete
2026-07-08T06:00:33.464927828Z 2026-07-08 06:00:33,464 httpcore.http11 DEBUG send_request_body.started request=<Request [b'POST']>
2026-07-08T06:00:33.465303538Z 2026-07-08 06:00:33,465 httpcore.http11 DEBUG send_request_body.complete
2026-07-08T06:00:33.465322580Z 2026-07-08 06:00:33,465 httpcore.http11 DEBUG receive_response_headers.started request=<Request [b'POST']>
2026-07-08T06:00:34.348095840Z 2026-07-08 06:00:34,347 httpcore.http11 DEBUG receive_response_headers.complete return_value=(b'HTTP/1.1', 429, b'Too Many Requests', [(b'Date', b'Wed, 08 Jul 2026 06:00:34 GMT'), (b'Content-Type', b'application/json; charset=utf-8'), (b'Content-Length', b'257'), (b'Connection', b'keep-alive'), (b'Msh-Gid', b'enterprise-tier-2'), (b'Msh-Org-Id', b'org-4783af77d82146eb9cdb963ca303699f'), (b'Msh-Project-Id', b'proj-b38ca7c5b03d4098a2e2d407f387adc1'), (b'Msh-Request-Id', b'5572224d-7a92-11f1-9e67-d218258b9108'), (b'Msh-Trace-Mode', b'on'), (b'Msh-Uid', b'd79a43tqip65nogbrrkg'), (b'Vary', b'Origin'), (b'Strict-Transport-Security', b'max-age=31536000; includeSubDomains')])
2026-07-08T06:00:34.348543634Z 2026-07-08 06:00:34,348 httpx INFO HTTP Request: POST https://api.moonshot.cn/v1/chat/completions "HTTP/1.1 429 Too Many Requests"
2026-07-08T06:00:34.348679051Z 2026-07-08 06:00:34,348 httpcore.http11 DEBUG receive_response_body.started request=<Request [b'POST']>
2026-07-08T06:00:34.348867135Z 2026-07-08 06:00:34,348 httpcore.http11 DEBUG receive_response_body.complete
2026-07-08T06:00:34.348877302Z 2026-07-08 06:00:34,348 httpcore.http11 DEBUG response_closed.started
2026-07-08T06:00:34.349042011Z 2026-07-08 06:00:34,348 httpcore.http11 DEBUG response_closed.complete
2026-07-08T06:00:34.349220095Z 2026-07-08 06:00:34,349 httpcore.connection DEBUG close.started
2026-07-08T06:00:34.349699347Z 2026-07-08 06:00:34,349 httpcore.connection DEBUG close.complete
2026-07-08T06:00:34.350823060Z 2026-07-08 06:00:34,350 forwin.writer.chapter_writer WARNING ChapterWriter JSON call failed on attempt 1/2: Client error '429 Too Many Requests' for url 'https://api.moonshot.cn/v1/chat/completions'
2026-07-08T06:00:34.350839643Z For more information check: https://developer.mozilla.org/en-US/docs/Web/HTTP/Status/429
2026-07-08T06:00:34.351634730Z 2026-07-08 06:00:34,351 httpcore.connection DEBUG connect_tcp.started host='10.0.0.150' port=8895 local_address=None timeout=10.0 socket_options=None
2026-07-08T06:00:34.363821155Z 2026-07-08 06:00:34,363 httpcore.connection DEBUG connect_tcp.failed exception=ConnectError(ConnectionRefusedError(111, 'Connection refused'))
2026-07-08T06:00:34.364471574Z 2026-07-08 06:00:34,364 forwin.writer.llm.adapter DEBUG LLMClient.chat attempt=1/2 model=kimi-k2.5 messages=2 max_tokens=1800
2026-07-08T06:00:34.365655663Z 2026-07-08 06:00:34,365 httpcore.http11 DEBUG send_request_headers.started request=<Request [b'POST']>
2026-07-08T06:00:34.366026872Z 2026-07-08 06:00:34,365 httpcore.http11 DEBUG send_request_headers.complete
2026-07-08T06:00:34.366041081Z 2026-07-08 06:00:34,365 httpcore.http11 DEBUG send_request_body.started request=<Request [b'POST']>
2026-07-08T06:00:34.366531541Z 2026-07-08 06:00:34,366 httpcore.http11 DEBUG send_request_body.complete
2026-07-08T06:00:34.366539291Z 2026-07-08 06:00:34,366 httpcore.http11 DEBUG receive_response_headers.started request=<Request [b'POST']>
2026-07-08T06:00:36.099254304Z 2026-07-08 06:00:36,098 httpcore.http11 DEBUG receive_response_headers.complete return_value=(b'HTTP/1.1', 429, b'Too Many Requests', [(b'Date', b'Wed, 08 Jul 2026 06:00:36 GMT'), (b'Content-Type', b'application/json; charset=utf-8'), (b'Content-Length', b'257'), (b'Connection', b'keep-alive'), (b'Msh-Gid', b'enterprise-tier-2'), (b'Msh-Org-Id', b'org-4783af77d82146eb9cdb963ca303699f'), (b'Msh-Project-Id', b'proj-b38ca7c5b03d4098a2e2d407f387adc1'), (b'Msh-Request-Id', b'567d09fa-7a92-11f1-bc2e-7efca2670f36'), (b'Msh-Trace-Mode', b'on'), (b'Msh-Uid', b'd79a43tqip65nogbrrkg'), (b'Vary', b'Origin'), (b'Strict-Transport-Security', b'max-age=31536000; includeSubDomains')])
2026-07-08T06:00:36.099563014Z 2026-07-08 06:00:36,099 httpx INFO HTTP Request: POST https://api.moonshot.cn/v1/chat/completions "HTTP/1.1 429 Too Many Requests"
2026-07-08T06:00:36.099711056Z 2026-07-08 06:00:36,099 httpcore.http11 DEBUG receive_response_body.started request=<Request [b'POST']>
2026-07-08T06:00:36.099782390Z 2026-07-08 06:00:36,099 httpcore.http11 DEBUG receive_response_body.complete
2026-07-08T06:00:36.099846849Z 2026-07-08 06:00:36,099 httpcore.http11 DEBUG response_closed.started
2026-07-08T06:00:36.099917641Z 2026-07-08 06:00:36,099 httpcore.http11 DEBUG response_closed.complete
2026-07-08T06:00:36.102342192Z 2026-07-08 06:00:36,102 forwin.writer.llm.adapter WARNING Transient LLM HTTP status 429. Waiting 2.0 s before retry 2/2.
2026-07-08T06:00:38.109830551Z 2026-07-08 06:00:38,109 forwin.writer.llm.adapter DEBUG LLMClient.chat attempt=2/2 model=kimi-k2.5 messages=2 max_tokens=1800
2026-07-08T06:00:38.111206973Z 2026-07-08 06:00:38,111 httpcore.http11 DEBUG send_request_headers.started request=<Request [b'POST']>
2026-07-08T06:00:38.111623183Z 2026-07-08 06:00:38,111 httpcore.http11 DEBUG send_request_headers.complete
2026-07-08T06:00:38.111633183Z 2026-07-08 06:00:38,111 httpcore.http11 DEBUG send_request_body.started request=<Request [b'POST']>
2026-07-08T06:00:38.111828476Z 2026-07-08 06:00:38,111 httpcore.http11 DEBUG send_request_body.complete
2026-07-08T06:00:38.111840851Z 2026-07-08 06:00:38,111 httpcore.http11 DEBUG receive_response_headers.started request=<Request [b'POST']>
2026-07-08T06:00:39.491108748Z 2026-07-08 06:00:39,490 httpcore.http11 DEBUG receive_response_headers.complete return_value=(b'HTTP/1.1', 429, b'Too Many Requests', [(b'Date', b'Wed, 08 Jul 2026 06:00:39 GMT'), (b'Content-Type', b'application/json; charset=utf-8'), (b'Content-Length', b'257'), (b'Connection', b'keep-alive'), (b'Msh-Gid', b'enterprise-tier-2'), (b'Msh-Org-Id', b'org-4783af77d82146eb9cdb963ca303699f'), (b'Msh-Project-Id', b'proj-b38ca7c5b03d4098a2e2d407f387adc1'), (b'Msh-Request-Id', b'58832cbe-7a92-11f1-a1e6-663a6e45fe03'), (b'Msh-Trace-Mode', b'on'), (b'Msh-Uid', b'd79a43tqip65nogbrrkg'), (b'Vary', b'Origin'), (b'Strict-Transport-Security', b'max-age=31536000; includeSubDomains')])
2026-07-08T06:00:39.491649583Z 2026-07-08 06:00:39,491 httpx INFO HTTP Request: POST https://api.moonshot.cn/v1/chat/completions "HTTP/1.1 429 Too Many Requests"
2026-07-08T06:00:39.491822167Z 2026-07-08 06:00:39,491 httpcore.http11 DEBUG receive_response_body.started request=<Request [b'POST']>
2026-07-08T06:00:39.492024585Z 2026-07-08 06:00:39,491 httpcore.http11 DEBUG receive_response_body.complete
2026-07-08T06:00:39.492056543Z 2026-07-08 06:00:39,491 httpcore.http11 DEBUG response_closed.started
2026-07-08T06:00:39.492179419Z 2026-07-08 06:00:39,492 httpcore.http11 DEBUG response_closed.complete
2026-07-08T06:00:39.493568258Z 2026-07-08 06:00:39,493 forwin.writer.chapter_writer WARNING ChapterWriter JSON call failed on attempt 2/2: Client error '429 Too Many Requests' for url 'https://api.moonshot.cn/v1/chat/completions'
2026-07-08T06:00:39.493584424Z For more information check: https://developer.mozilla.org/en-US/docs/Web/HTTP/Status/429
2026-07-08T06:00:39.493586841Z 2026-07-08 06:00:39,493 forwin.writer.chapter_writer WARNING state_event_extraction primary pass failed, retrying with reduced body: ChapterWriter JSON generation failed after retries: Client error '429 Too Many Requests' for url 'https://api.moonshot.cn/v1/chat/completions'
2026-07-08T06:00:39.493589466Z For more information check: https://developer.mozilla.org/en-US/docs/Web/HTTP/Status/429
2026-07-08T06:00:39.494357511Z 2026-07-08 06:00:39,494 httpcore.connection DEBUG connect_tcp.started host='10.0.0.150' port=8895 local_address=None timeout=10.0 socket_options=None
2026-07-08T06:00:39.501862209Z 2026-07-08 06:00:39,501 httpcore.connection DEBUG connect_tcp.failed exception=ConnectError(ConnectionRefusedError(111, 'Connection refused'))
2026-07-08T06:00:39.502503045Z 2026-07-08 06:00:39,502 forwin.writer.llm.adapter DEBUG LLMClient.chat attempt=1/2 model=kimi-k2.5 messages=2 max_tokens=1800
2026-07-08T06:00:39.503677091Z 2026-07-08 06:00:39,503 httpcore.http11 DEBUG send_request_headers.started request=<Request [b'POST']>
2026-07-08T06:00:39.504023509Z 2026-07-08 06:00:39,503 httpcore.http11 DEBUG send_request_headers.complete
2026-07-08T06:00:39.504039509Z 2026-07-08 06:00:39,503 httpcore.http11 DEBUG send_request_body.started request=<Request [b'POST']>
2026-07-08T06:00:39.504237968Z 2026-07-08 06:00:39,504 httpcore.http11 DEBUG send_request_body.complete
2026-07-08T06:00:39.504248135Z 2026-07-08 06:00:39,504 httpcore.http11 DEBUG receive_response_headers.started request=<Request [b'POST']>
2026-07-08T06:00:40.666285054Z 2026-07-08 06:00:40,665 httpcore.http11 DEBUG receive_response_headers.complete return_value=(b'HTTP/1.1', 429, b'Too Many Requests', [(b'Date', b'Wed, 08 Jul 2026 06:00:40 GMT'), (b'Content-Type', b'application/json; charset=utf-8'), (b'Content-Length', b'257'), (b'Connection', b'keep-alive'), (b'Msh-Gid', b'enterprise-tier-2'), (b'Msh-Org-Id', b'org-4783af77d82146eb9cdb963ca303699f'), (b'Msh-Project-Id', b'proj-b38ca7c5b03d4098a2e2d407f387adc1'), (b'Msh-Request-Id', b'59356502-7a92-11f1-9f31-16f91790909e'), (b'Msh-Trace-Mode', b'on'), (b'Msh-Uid', b'd79a43tqip65nogbrrkg'), (b'Vary', b'Origin'), (b'Strict-Transport-Security', b'max-age=31536000; includeSubDomains')])
2026-07-08T06:00:40.666750765Z 2026-07-08 06:00:40,666 httpx INFO HTTP Request: POST https://api.moonshot.cn/v1/chat/completions "HTTP/1.1 429 Too Many Requests"
2026-07-08T06:00:40.666879724Z 2026-07-08 06:00:40,666 httpcore.http11 DEBUG receive_response_body.started request=<Request [b'POST']>
2026-07-08T06:00:40.666989141Z 2026-07-08 06:00:40,666 httpcore.http11 DEBUG receive_response_body.complete
2026-07-08T06:00:40.667117766Z 2026-07-08 06:00:40,667 httpcore.http11 DEBUG response_closed.started
2026-07-08T06:00:40.667124225Z 2026-07-08 06:00:40,667 httpcore.http11 DEBUG response_closed.complete
2026-07-08T06:00:40.668010353Z 2026-07-08 06:00:40,667 forwin.writer.llm.adapter WARNING Transient LLM HTTP status 429. Waiting 2.0 s before retry 2/2.
2026-07-08T06:00:42.674303052Z 2026-07-08 06:00:42,673 forwin.writer.llm.adapter DEBUG LLMClient.chat attempt=2/2 model=kimi-k2.5 messages=2 max_tokens=1800
2026-07-08T06:00:42.676388685Z 2026-07-08 06:00:42,676 httpcore.http11 DEBUG send_request_headers.started request=<Request [b'POST']>
2026-07-08T06:00:42.677074980Z 2026-07-08 06:00:42,676 httpcore.http11 DEBUG send_request_headers.complete
2026-07-08T06:00:42.677106647Z 2026-07-08 06:00:42,676 httpcore.http11 DEBUG send_request_body.started request=<Request [b'POST']>
2026-07-08T06:00:42.677537565Z 2026-07-08 06:00:42,677 httpcore.http11 DEBUG send_request_body.complete
2026-07-08T06:00:42.677556565Z 2026-07-08 06:00:42,677 httpcore.http11 DEBUG receive_response_headers.started request=<Request [b'POST']>
2026-07-08T06:00:43.227924838Z 2026-07-08 06:00:43,227 httpcore.http11 DEBUG receive_response_headers.complete return_value=(b'HTTP/1.1', 429, b'Too Many Requests', [(b'Date', b'Wed, 08 Jul 2026 06:00:43 GMT'), (b'Content-Type', b'application/json; charset=utf-8'), (b'Content-Length', b'257'), (b'Connection', b'keep-alive'), (b'Msh-Gid', b'enterprise-tier-2'), (b'Msh-Org-Id', b'org-4783af77d82146eb9cdb963ca303699f'), (b'Msh-Project-Id', b'proj-b38ca7c5b03d4098a2e2d407f387adc1'), (b'Msh-Request-Id', b'5abd5b93-7a92-11f1-a990-5a51eb6ac3aa'), (b'Msh-Trace-Mode', b'on'), (b'Msh-Uid', b'd79a43tqip65nogbrrkg'), (b'Vary', b'Origin'), (b'Strict-Transport-Security', b'max-age=31536000; includeSubDomains')])
2026-07-08T06:00:43.228033130Z 2026-07-08 06:00:43,227 httpx INFO HTTP Request: POST https://api.moonshot.cn/v1/chat/completions "HTTP/1.1 429 Too Many Requests"
2026-07-08T06:00:43.228159339Z 2026-07-08 06:00:43,228 httpcore.http11 DEBUG receive_response_body.started request=<Request [b'POST']>
2026-07-08T06:00:43.228161339Z 2026-07-08 06:00:43,228 httpcore.http11 DEBUG receive_response_body.complete
2026-07-08T06:00:43.228162130Z 2026-07-08 06:00:43,228 httpcore.http11 DEBUG response_closed.started
2026-07-08T06:00:43.228162839Z 2026-07-08 06:00:43,228 httpcore.http11 DEBUG response_closed.complete
2026-07-08T06:00:43.228401131Z 2026-07-08 06:00:43,228 forwin.writer.chapter_writer WARNING ChapterWriter JSON call failed on attempt 1/1: Client error '429 Too Many Requests' for url 'https://api.moonshot.cn/v1/chat/completions'
2026-07-08T06:00:43.228405673Z For more information check: https://developer.mozilla.org/en-US/docs/Web/HTTP/Status/429
2026-07-08T06:00:43.228605549Z 2026-07-08 06:00:43,228 httpcore.connection DEBUG connect_tcp.started host='10.0.0.150' port=8895 local_address=None timeout=10.0 socket_options=None
2026-07-08T06:00:43.239021884Z 2026-07-08 06:00:43,238 httpcore.connection DEBUG connect_tcp.failed exception=ConnectError(ConnectionRefusedError(111, 'Connection refused'))
2026-07-08T06:00:43.239031342Z 2026-07-08 06:00:43,238 forwin.writer.llm.adapter DEBUG LLMClient.chat attempt=1/2 model=kimi-k2.5 messages=2 max_tokens=1800
2026-07-08T06:00:43.239337927Z 2026-07-08 06:00:43,239 httpcore.http11 DEBUG send_request_headers.started request=<Request [b'POST']>
2026-07-08T06:00:43.239469677Z 2026-07-08 06:00:43,239 httpcore.http11 DEBUG send_request_headers.complete
2026-07-08T06:00:43.239477761Z 2026-07-08 06:00:43,239 httpcore.http11 DEBUG send_request_body.started request=<Request [b'POST']>
2026-07-08T06:00:43.239560011Z 2026-07-08 06:00:43,239 httpcore.http11 DEBUG send_request_body.complete
2026-07-08T06:00:43.239564344Z 2026-07-08 06:00:43,239 httpcore.http11 DEBUG receive_response_headers.started request=<Request [b'POST']>
2026-07-08T06:00:44.022773912Z 2026-07-08 06:00:44,022 httpcore.http11 DEBUG receive_response_headers.complete return_value=(b'HTTP/1.1', 429, b'Too Many Requests', [(b'Date', b'Wed, 08 Jul 2026 06:00:43 GMT'), (b'Content-Type', b'application/json; charset=utf-8'), (b'Content-Length', b'257'), (b'Connection', b'keep-alive'), (b'Msh-Gid', b'enterprise-tier-2'), (b'Msh-Org-Id', b'org-4783af77d82146eb9cdb963ca303699f'), (b'Msh-Project-Id', b'proj-b38ca7c5b03d4098a2e2d407f387adc1'), (b'Msh-Request-Id', b'5b367135-7a92-11f1-877f-5e9c1d2f00c2'), (b'Msh-Trace-Mode', b'on'), (b'Msh-Uid', b'd79a43tqip65nogbrrkg'), (b'Vary', b'Origin'), (b'Strict-Transport-Security', b'max-age=31536000; includeSubDomains')])
2026-07-08T06:00:44.023302331Z 2026-07-08 06:00:44,023 httpx INFO HTTP Request: POST https://api.moonshot.cn/v1/chat/completions "HTTP/1.1 429 Too Many Requests"
2026-07-08T06:00:44.023453040Z 2026-07-08 06:00:44,023 httpcore.http11 DEBUG receive_response_body.started request=<Request [b'POST']>
2026-07-08T06:00:44.023608791Z 2026-07-08 06:00:44,023 httpcore.http11 DEBUG receive_response_body.complete
2026-07-08T06:00:44.023729250Z 2026-07-08 06:00:44,023 httpcore.http11 DEBUG response_closed.started
2026-07-08T06:00:44.023737833Z 2026-07-08 06:00:44,023 httpcore.http11 DEBUG response_closed.complete
2026-07-08T06:00:44.024841921Z 2026-07-08 06:00:44,024 forwin.writer.llm.adapter WARNING Transient LLM HTTP status 429. Waiting 2.0 s before retry 2/2.
2026-07-08T06:00:46.025619230Z 2026-07-08 06:00:46,025 forwin.writer.llm.adapter DEBUG LLMClient.chat attempt=2/2 model=kimi-k2.5 messages=2 max_tokens=1800
2026-07-08T06:00:46.027504363Z 2026-07-08 06:00:46,027 httpcore.http11 DEBUG send_request_headers.started request=<Request [b'POST']>
2026-07-08T06:00:46.028157491Z 2026-07-08 06:00:46,027 httpcore.http11 DEBUG send_request_headers.complete
2026-07-08T06:00:46.028182324Z 2026-07-08 06:00:46,028 httpcore.http11 DEBUG send_request_body.started request=<Request [b'POST']>
2026-07-08T06:00:46.028498325Z 2026-07-08 06:00:46,028 httpcore.http11 DEBUG send_request_body.complete
2026-07-08T06:00:46.028510367Z 2026-07-08 06:00:46,028 httpcore.http11 DEBUG receive_response_headers.started request=<Request [b'POST']>
2026-07-08T06:00:46.260480201Z 2026-07-08 06:00:46,260 httpcore.http11 DEBUG receive_response_headers.complete return_value=(b'HTTP/1.1', 429, b'Too Many Requests', [(b'Date', b'Wed, 08 Jul 2026 06:00:46 GMT'), (b'Content-Type', b'application/json; charset=utf-8'), (b'Content-Length', b'257'), (b'Connection', b'keep-alive'), (b'Msh-Gid', b'enterprise-tier-2'), (b'Msh-Org-Id', b'org-4783af77d82146eb9cdb963ca303699f'), (b'Msh-Project-Id', b'proj-b38ca7c5b03d4098a2e2d407f387adc1'), (b'Msh-Request-Id', b'5c8aa037-7a92-11f1-96fd-4a76cf7986d4'), (b'Msh-Trace-Mode', b'on'), (b'Msh-Uid', b'd79a43tqip65nogbrrkg'), (b'Vary', b'Origin'), (b'Strict-Transport-Security', b'max-age=31536000; includeSubDomains')])
2026-07-08T06:00:46.260634118Z 2026-07-08 06:00:46,260 httpx INFO HTTP Request: POST https://api.moonshot.cn/v1/chat/completions "HTTP/1.1 429 Too Many Requests"
2026-07-08T06:00:46.260682452Z 2026-07-08 06:00:46,260 httpcore.http11 DEBUG receive_response_body.started request=<Request [b'POST']>
2026-07-08T06:00:46.260751160Z 2026-07-08 06:00:46,260 httpcore.http11 DEBUG receive_response_body.complete
2026-07-08T06:00:46.260763160Z 2026-07-08 06:00:46,260 httpcore.http11 DEBUG response_closed.started
2026-07-08T06:00:46.260767910Z 2026-07-08 06:00:46,260 httpcore.http11 DEBUG response_closed.complete
2026-07-08T06:00:46.261265371Z 2026-07-08 06:00:46,261 forwin.writer.chapter_writer WARNING ChapterWriter JSON call failed on attempt 1/1: Client error '429 Too Many Requests' for url 'https://api.moonshot.cn/v1/chat/completions'
2026-07-08T06:00:46.261276329Z For more information check: https://developer.mozilla.org/en-US/docs/Web/HTTP/Status/429
2026-07-08T06:00:46.261629206Z 2026-07-08 06:00:46,261 httpcore.connection DEBUG connect_tcp.started host='10.0.0.150' port=8895 local_address=None timeout=10.0 socket_options=None
2026-07-08T06:00:46.267924565Z 2026-07-08 06:00:46,267 httpcore.connection DEBUG connect_tcp.failed exception=ConnectError(ConnectionRefusedError(111, 'Connection refused'))
2026-07-08T06:00:46.268140191Z 2026-07-08 06:00:46,268 forwin.writer.llm.adapter DEBUG LLMClient.chat attempt=1/2 model=kimi-k2.5 messages=2 max_tokens=1800
2026-07-08T06:00:46.268600568Z 2026-07-08 06:00:46,268 httpcore.http11 DEBUG send_request_headers.started request=<Request [b'POST']>
2026-07-08T06:00:46.268757152Z 2026-07-08 06:00:46,268 httpcore.http11 DEBUG send_request_headers.complete
2026-07-08T06:00:46.268760402Z 2026-07-08 06:00:46,268 httpcore.http11 DEBUG send_request_body.started request=<Request [b'POST']>
2026-07-08T06:00:46.268893319Z 2026-07-08 06:00:46,268 httpcore.http11 DEBUG send_request_body.complete
2026-07-08T06:00:46.268900319Z 2026-07-08 06:00:46,268 httpcore.http11 DEBUG receive_response_headers.started request=<Request [b'POST']>
2026-07-08T06:00:46.669516100Z 2026-07-08 06:00:46,669 httpcore.http11 DEBUG receive_response_headers.complete return_value=(b'HTTP/1.1', 429, b'Too Many Requests', [(b'Date', b'Wed, 08 Jul 2026 06:00:46 GMT'), (b'Content-Type', b'application/json; charset=utf-8'), (b'Content-Length', b'257'), (b'Connection', b'keep-alive'), (b'Msh-Gid', b'enterprise-tier-2'), (b'Msh-Org-Id', b'org-4783af77d82146eb9cdb963ca303699f'), (b'Msh-Project-Id', b'proj-b38ca7c5b03d4098a2e2d407f387adc1'), (b'Msh-Request-Id', b'5cca7728-7a92-11f1-96fd-4a76cf7986d4'), (b'Msh-Trace-Mode', b'on'), (b'Msh-Uid', b'd79a43tqip65nogbrrkg'), (b'Vary', b'Origin'), (b'Strict-Transport-Security', b'max-age=31536000; includeSubDomains')])
2026-07-08T06:00:46.670012311Z 2026-07-08 06:00:46,669 httpx INFO HTTP Request: POST https://api.moonshot.cn/v1/chat/completions "HTTP/1.1 429 Too Many Requests"
2026-07-08T06:00:46.670095769Z 2026-07-08 06:00:46,669 httpcore.http11 DEBUG receive_response_body.started request=<Request [b'POST']>
2026-07-08T06:00:46.670352145Z 2026-07-08 06:00:46,670 httpcore.http11 DEBUG receive_response_body.complete
2026-07-08T06:00:46.670367729Z 2026-07-08 06:00:46,670 httpcore.http11 DEBUG response_closed.started
2026-07-08T06:00:46.670436146Z 2026-07-08 06:00:46,670 httpcore.http11 DEBUG response_closed.complete
2026-07-08T06:00:46.671507650Z 2026-07-08 06:00:46,671 forwin.writer.llm.adapter WARNING Transient LLM HTTP status 429. Waiting 2.0 s before retry 2/2.
2026-07-08T06:00:48.676647734Z 2026-07-08 06:00:48,676 forwin.writer.llm.adapter DEBUG LLMClient.chat attempt=2/2 model=kimi-k2.5 messages=2 max_tokens=1800
2026-07-08T06:00:48.677503071Z 2026-07-08 06:00:48,677 httpcore.http11 DEBUG send_request_headers.started request=<Request [b'POST']>
2026-07-08T06:00:48.677841739Z 2026-07-08 06:00:48,677 httpcore.http11 DEBUG send_request_headers.complete
2026-07-08T06:00:48.677849989Z 2026-07-08 06:00:48,677 httpcore.http11 DEBUG send_request_body.started request=<Request [b'POST']>
2026-07-08T06:00:48.678008739Z 2026-07-08 06:00:48,677 httpcore.http11 DEBUG send_request_body.complete
2026-07-08T06:00:48.678016656Z 2026-07-08 06:00:48,677 httpcore.http11 DEBUG receive_response_headers.started request=<Request [b'POST']>
2026-07-08T06:00:48.887654523Z 2026-07-08 06:00:48,887 httpcore.http11 DEBUG receive_response_headers.complete return_value=(b'HTTP/1.1', 429, b'Too Many Requests', [(b'Date', b'Wed, 08 Jul 2026 06:00:48 GMT'), (b'Content-Type', b'application/json; charset=utf-8'), (b'Content-Length', b'257'), (b'Connection', b'keep-alive'), (b'Msh-Gid', b'enterprise-tier-2'), (b'Msh-Org-Id', b'org-4783af77d82146eb9cdb963ca303699f'), (b'Msh-Project-Id', b'proj-b38ca7c5b03d4098a2e2d407f387adc1'), (b'Msh-Request-Id', b'5e1d0827-7a92-11f1-9bcd-8af07f2675cd'), (b'Msh-Trace-Mode', b'on'), (b'Msh-Uid', b'd79a43tqip65nogbrrkg'), (b'Vary', b'Origin'), (b'Strict-Transport-Security', b'max-age=31536000; includeSubDomains')])
2026-07-08T06:00:48.887723899Z 2026-07-08 06:00:48,887 httpx INFO HTTP Request: POST https://api.moonshot.cn/v1/chat/completions "HTTP/1.1 429 Too Many Requests"
2026-07-08T06:00:48.887766107Z 2026-07-08 06:00:48,887 httpcore.http11 DEBUG receive_response_body.started request=<Request [b'POST']>
2026-07-08T06:00:48.887799024Z 2026-07-08 06:00:48,887 httpcore.http11 DEBUG receive_response_body.complete
2026-07-08T06:00:48.887819482Z 2026-07-08 06:00:48,887 httpcore.http11 DEBUG response_closed.started
2026-07-08T06:00:48.887820941Z 2026-07-08 06:00:48,887 httpcore.http11 DEBUG response_closed.complete
2026-07-08T06:00:48.888077858Z 2026-07-08 06:00:48,888 forwin.writer.chapter_writer WARNING ChapterWriter JSON call failed on attempt 1/1: Client error '429 Too Many Requests' for url 'https://api.moonshot.cn/v1/chat/completions'
2026-07-08T06:00:48.888080525Z For more information check: https://developer.mozilla.org/en-US/docs/Web/HTTP/Status/429
2026-07-08T06:00:48.888098400Z 2026-07-08 06:00:48,888 forwin.writer.chapter_writer WARNING state_event_extraction degraded to empty metadata after retry: ChapterWriter JSON generation failed after retries: Client error '429 Too Many Requests' for url 'https://api.moonshot.cn/v1/chat/completions'
2026-07-08T06:00:48.888099983Z For more information check: https://developer.mozilla.org/en-US/docs/Web/HTTP/Status/429
2026-07-08T06:00:48.888318359Z 2026-07-08 06:00:48,888 httpcore.connection DEBUG connect_tcp.started host='10.0.0.150' port=8895 local_address=None timeout=10.0 socket_options=None
2026-07-08T06:00:48.894575927Z 2026-07-08 06:00:48,894 httpcore.connection DEBUG connect_tcp.failed exception=ConnectError(ConnectionRefusedError(111, 'Connection refused'))
2026-07-08T06:00:48.894672636Z 2026-07-08 06:00:48,894 forwin.writer.llm.adapter DEBUG LLMClient.chat attempt=1/2 model=kimi-k2.5 messages=2 max_tokens=1800
2026-07-08T06:00:48.894980637Z 2026-07-08 06:00:48,894 httpcore.http11 DEBUG send_request_headers.started request=<Request [b'POST']>
2026-07-08T06:00:48.895098637Z 2026-07-08 06:00:48,895 httpcore.http11 DEBUG send_request_headers.complete
2026-07-08T06:00:48.895100221Z 2026-07-08 06:00:48,895 httpcore.http11 DEBUG send_request_body.started request=<Request [b'POST']>
2026-07-08T06:00:48.895221888Z 2026-07-08 06:00:48,895 httpcore.http11 DEBUG send_request_body.complete
2026-07-08T06:00:48.895224763Z 2026-07-08 06:00:48,895 httpcore.http11 DEBUG receive_response_headers.started request=<Request [b'POST']>
2026-07-08T06:00:49.452917904Z 2026-07-08 06:00:49,452 httpcore.http11 DEBUG receive_response_headers.complete return_value=(b'HTTP/1.1', 429, b'Too Many Requests', [(b'Date', b'Wed, 08 Jul 2026 06:00:49 GMT'), (b'Content-Type', b'application/json; charset=utf-8'), (b'Content-Length', b'257'), (b'Connection', b'keep-alive'), (b'Msh-Gid', b'enterprise-tier-2'), (b'Msh-Org-Id', b'org-4783af77d82146eb9cdb963ca303699f'), (b'Msh-Project-Id', b'proj-b38ca7c5b03d4098a2e2d407f387adc1'), (b'Msh-Request-Id', b'5e72e797-7a92-11f1-9119-4e6a1d434369'), (b'Msh-Trace-Mode', b'on'), (b'Msh-Uid', b'd79a43tqip65nogbrrkg'), (b'Vary', b'Origin'), (b'Strict-Transport-Security', b'max-age=31536000; includeSubDomains')])
2026-07-08T06:00:49.453429281Z 2026-07-08 06:00:49,453 httpx INFO HTTP Request: POST https://api.moonshot.cn/v1/chat/completions "HTTP/1.1 429 Too Many Requests"
2026-07-08T06:00:49.453544906Z 2026-07-08 06:00:49,453 httpcore.http11 DEBUG receive_response_body.started request=<Request [b'POST']>
2026-07-08T06:00:49.453614907Z 2026-07-08 06:00:49,453 httpcore.http11 DEBUG receive_response_body.complete
2026-07-08T06:00:49.453828324Z 2026-07-08 06:00:49,453 httpcore.http11 DEBUG response_closed.started
2026-07-08T06:00:49.453837033Z 2026-07-08 06:00:49,453 httpcore.http11 DEBUG response_closed.complete
2026-07-08T06:00:49.454835245Z 2026-07-08 06:00:49,454 forwin.writer.llm.adapter WARNING Transient LLM HTTP status 429. Waiting 2.0 s before retry 2/2.
2026-07-08T06:00:51.465586317Z 2026-07-08 06:00:51,465 forwin.writer.llm.adapter DEBUG LLMClient.chat attempt=2/2 model=kimi-k2.5 messages=2 max_tokens=1800
2026-07-08T06:00:51.467557575Z 2026-07-08 06:00:51,467 httpcore.http11 DEBUG send_request_headers.started request=<Request [b'POST']>
2026-07-08T06:00:51.468313662Z 2026-07-08 06:00:51,467 httpcore.http11 DEBUG send_request_headers.complete
2026-07-08T06:00:51.468370787Z 2026-07-08 06:00:51,468 httpcore.http11 DEBUG send_request_body.started request=<Request [b'POST']>
2026-07-08T06:00:51.468716205Z 2026-07-08 06:00:51,468 httpcore.http11 DEBUG send_request_body.complete
2026-07-08T06:00:51.468727122Z 2026-07-08 06:00:51,468 httpcore.http11 DEBUG receive_response_headers.started request=<Request [b'POST']>
2026-07-08T06:00:53.009936587Z 2026-07-08 06:00:53,009 httpcore.http11 DEBUG receive_response_headers.complete return_value=(b'HTTP/1.1', 429, b'Too Many Requests', [(b'Date', b'Wed, 08 Jul 2026 06:00:52 GMT'), (b'Content-Type', b'application/json; charset=utf-8'), (b'Content-Length', b'257'), (b'Connection', b'keep-alive'), (b'Msh-Gid', b'enterprise-tier-2'), (b'Msh-Org-Id', b'org-4783af77d82146eb9cdb963ca303699f'), (b'Msh-Project-Id', b'proj-b38ca7c5b03d4098a2e2d407f387adc1'), (b'Msh-Request-Id', b'6091ccdd-7a92-11f1-a615-8e2403f78477'), (b'Msh-Trace-Mode', b'on'), (b'Msh-Uid', b'd79a43tqip65nogbrrkg'), (b'Vary', b'Origin'), (b'Strict-Transport-Security', b'max-age=31536000; includeSubDomains')])
2026-07-08T06:00:53.010179213Z 2026-07-08 06:00:53,010 httpx INFO HTTP Request: POST https://api.moonshot.cn/v1/chat/completions "HTTP/1.1 429 Too Many Requests"
2026-07-08T06:00:53.010232838Z 2026-07-08 06:00:53,010 httpcore.http11 DEBUG receive_response_body.started request=<Request [b'POST']>
2026-07-08T06:00:53.010313047Z 2026-07-08 06:00:53,010 httpcore.http11 DEBUG receive_response_body.complete
2026-07-08T06:00:53.010324131Z 2026-07-08 06:00:53,010 httpcore.http11 DEBUG response_closed.started
2026-07-08T06:00:53.010329006Z 2026-07-08 06:00:53,010 httpcore.http11 DEBUG response_closed.complete
2026-07-08T06:00:53.010990467Z 2026-07-08 06:00:53,010 forwin.writer.chapter_writer WARNING ChapterWriter JSON call failed on attempt 1/2: Client error '429 Too Many Requests' for url 'https://api.moonshot.cn/v1/chat/completions'
2026-07-08T06:00:53.010998967Z For more information check: https://developer.mozilla.org/en-US/docs/Web/HTTP/Status/429
2026-07-08T06:00:53.011407968Z 2026-07-08 06:00:53,011 httpcore.connection DEBUG connect_tcp.started host='10.0.0.150' port=8895 local_address=None timeout=10.0 socket_options=None
2026-07-08T06:00:53.020818382Z 2026-07-08 06:00:53,020 httpcore.connection DEBUG connect_tcp.failed exception=ConnectError(ConnectionRefusedError(111, 'Connection refused'))
2026-07-08T06:00:53.021108884Z 2026-07-08 06:00:53,020 forwin.writer.llm.adapter DEBUG LLMClient.chat attempt=1/2 model=kimi-k2.5 messages=2 max_tokens=1800
2026-07-08T06:00:53.021742761Z 2026-07-08 06:00:53,021 httpcore.http11 DEBUG send_request_headers.started request=<Request [b'POST']>
2026-07-08T06:00:53.022017971Z 2026-07-08 06:00:53,021 httpcore.http11 DEBUG send_request_headers.complete
2026-07-08T06:00:53.022041887Z 2026-07-08 06:00:53,021 httpcore.http11 DEBUG send_request_body.started request=<Request [b'POST']>
2026-07-08T06:00:53.022143054Z 2026-07-08 06:00:53,022 httpcore.http11 DEBUG send_request_body.complete
2026-07-08T06:00:53.022148221Z 2026-07-08 06:00:53,022 httpcore.http11 DEBUG receive_response_headers.started request=<Request [b'POST']>
2026-07-08T06:00:54.416154788Z 2026-07-08 06:00:54,415 httpcore.http11 DEBUG receive_response_headers.complete return_value=(b'HTTP/1.1', 429, b'Too Many Requests', [(b'Date', b'Wed, 08 Jul 2026 06:00:54 GMT'), (b'Content-Type', b'application/json; charset=utf-8'), (b'Content-Length', b'257'), (b'Connection', b'keep-alive'), (b'Msh-Gid', b'enterprise-tier-2'), (b'Msh-Org-Id', b'org-4783af77d82146eb9cdb963ca303699f'), (b'Msh-Project-Id', b'proj-b38ca7c5b03d4098a2e2d407f387adc1'), (b'Msh-Request-Id', b'6167f196-7a92-11f1-af67-52b9bffae822'), (b'Msh-Trace-Mode', b'on'), (b'Msh-Uid', b'd79a43tqip65nogbrrkg'), (b'Vary', b'Origin'), (b'Strict-Transport-Security', b'max-age=31536000; includeSubDomains')])
2026-07-08T06:00:54.416680332Z 2026-07-08 06:00:54,416 httpx INFO HTTP Request: POST https://api.moonshot.cn/v1/chat/completions "HTTP/1.1 429 Too Many Requests"
2026-07-08T06:00:54.416709749Z 2026-07-08 06:00:54,416 httpcore.http11 DEBUG receive_response_body.started request=<Request [b'POST']>
2026-07-08T06:00:54.417041959Z 2026-07-08 06:00:54,416 httpcore.http11 DEBUG receive_response_body.complete
2026-07-08T06:00:54.417073500Z 2026-07-08 06:00:54,416 httpcore.http11 DEBUG response_closed.started
2026-07-08T06:00:54.417183709Z 2026-07-08 06:00:54,417 httpcore.http11 DEBUG response_closed.complete
2026-07-08T06:00:54.418484714Z 2026-07-08 06:00:54,418 forwin.writer.llm.adapter WARNING Transient LLM HTTP status 429. Waiting 2.0 s before retry 2/2.
2026-07-08T06:00:56.427037498Z 2026-07-08 06:00:56,426 forwin.writer.llm.adapter DEBUG LLMClient.chat attempt=2/2 model=kimi-k2.5 messages=2 max_tokens=1800
2026-07-08T06:00:56.428737672Z 2026-07-08 06:00:56,428 httpcore.http11 DEBUG send_request_headers.started request=<Request [b'POST']>
2026-07-08T06:00:56.429306758Z 2026-07-08 06:00:56,429 httpcore.http11 DEBUG send_request_headers.complete
2026-07-08T06:00:56.429326424Z 2026-07-08 06:00:56,429 httpcore.http11 DEBUG send_request_body.started request=<Request [b'POST']>
2026-07-08T06:00:56.429642426Z 2026-07-08 06:00:56,429 httpcore.http11 DEBUG send_request_body.complete
2026-07-08T06:00:56.429655467Z 2026-07-08 06:00:56,429 httpcore.http11 DEBUG receive_response_headers.started request=<Request [b'POST']>
2026-07-08T06:00:57.169929412Z 2026-07-08 06:00:57,169 httpcore.http11 DEBUG receive_response_headers.complete return_value=(b'HTTP/1.1', 429, b'Too Many Requests', [(b'Date', b'Wed, 08 Jul 2026 06:00:57 GMT'), (b'Content-Type', b'application/json; charset=utf-8'), (b'Content-Length', b'257'), (b'Connection', b'keep-alive'), (b'Msh-Gid', b'enterprise-tier-2'), (b'Msh-Org-Id', b'org-4783af77d82146eb9cdb963ca303699f'), (b'Msh-Project-Id', b'proj-b38ca7c5b03d4098a2e2d407f387adc1'), (b'Msh-Request-Id', b'630c44e8-7a92-11f1-aa8c-c2f4c33fed95'), (b'Msh-Trace-Mode', b'on'), (b'Msh-Uid', b'd79a43tqip65nogbrrkg'), (b'Vary', b'Origin'), (b'Strict-Transport-Security', b'max-age=31536000; includeSubDomains')])
2026-07-08T06:00:57.170359539Z 2026-07-08 06:00:57,170 httpx INFO HTTP Request: POST https://api.moonshot.cn/v1/chat/completions "HTTP/1.1 429 Too Many Requests"
2026-07-08T06:00:57.170457914Z 2026-07-08 06:00:57,170 httpcore.http11 DEBUG receive_response_body.started request=<Request [b'POST']>
2026-07-08T06:00:57.170636915Z 2026-07-08 06:00:57,170 httpcore.http11 DEBUG receive_response_body.complete
2026-07-08T06:00:57.170695540Z 2026-07-08 06:00:57,170 httpcore.http11 DEBUG response_closed.started
2026-07-08T06:00:57.170730540Z 2026-07-08 06:00:57,170 httpcore.http11 DEBUG response_closed.complete
2026-07-08T06:00:57.171687003Z 2026-07-08 06:00:57,171 forwin.writer.chapter_writer WARNING ChapterWriter JSON call failed on attempt 2/2: Client error '429 Too Many Requests' for url 'https://api.moonshot.cn/v1/chat/completions'
2026-07-08T06:00:57.171698586Z For more information check: https://developer.mozilla.org/en-US/docs/Web/HTTP/Status/429
2026-07-08T06:00:57.171701169Z 2026-07-08 06:00:57,171 forwin.writer.chapter_writer WARNING thread_time_extraction primary pass failed, retrying with reduced body: ChapterWriter JSON generation failed after retries: Client error '429 Too Many Requests' for url 'https://api.moonshot.cn/v1/chat/completions'
2026-07-08T06:00:57.171703669Z For more information check: https://developer.mozilla.org/en-US/docs/Web/HTTP/Status/429
2026-07-08T06:00:57.172381464Z 2026-07-08 06:00:57,172 httpcore.connection DEBUG connect_tcp.started host='10.0.0.150' port=8895 local_address=None timeout=10.0 socket_options=None
2026-07-08T06:00:57.183319384Z 2026-07-08 06:00:57,183 httpcore.connection DEBUG connect_tcp.failed exception=ConnectError(ConnectionRefusedError(111, 'Connection refused'))
2026-07-08T06:00:57.183721261Z 2026-07-08 06:00:57,183 forwin.writer.llm.adapter DEBUG LLMClient.chat attempt=1/2 model=kimi-k2.5 messages=2 max_tokens=1800
2026-07-08T06:00:57.184578098Z 2026-07-08 06:00:57,184 httpcore.http11 DEBUG send_request_headers.started request=<Request [b'POST']>
2026-07-08T06:00:57.184917141Z 2026-07-08 06:00:57,184 httpcore.http11 DEBUG send_request_headers.complete
2026-07-08T06:00:57.184924099Z 2026-07-08 06:00:57,184 httpcore.http11 DEBUG send_request_body.started request=<Request [b'POST']>
2026-07-08T06:00:57.185173517Z 2026-07-08 06:00:57,184 httpcore.http11 DEBUG send_request_body.complete
2026-07-08T06:00:57.185190142Z 2026-07-08 06:00:57,185 httpcore.http11 DEBUG receive_response_headers.started request=<Request [b'POST']>
2026-07-08T06:00:57.402042250Z 2026-07-08 06:00:57,401 httpcore.http11 DEBUG receive_response_headers.complete return_value=(b'HTTP/1.1', 429, b'Too Many Requests', [(b'Date', b'Wed, 08 Jul 2026 06:00:57 GMT'), (b'Content-Type', b'application/json; charset=utf-8'), (b'Content-Length', b'257'), (b'Connection', b'keep-alive'), (b'Msh-Gid', b'enterprise-tier-2'), (b'Msh-Org-Id', b'org-4783af77d82146eb9cdb963ca303699f'), (b'Msh-Project-Id', b'proj-b38ca7c5b03d4098a2e2d407f387adc1'), (b'Msh-Request-Id', b'63300f1b-7a92-11f1-a615-8e2403f78477'), (b'Msh-Trace-Mode', b'on'), (b'Msh-Uid', b'd79a43tqip65nogbrrkg'), (b'Vary', b'Origin'), (b'Strict-Transport-Security', b'max-age=31536000; includeSubDomains')])
2026-07-08T06:00:57.402477501Z 2026-07-08 06:00:57,402 httpx INFO HTTP Request: POST https://api.moonshot.cn/v1/chat/completions "HTTP/1.1 429 Too Many Requests"
2026-07-08T06:00:57.402573877Z 2026-07-08 06:00:57,402 httpcore.http11 DEBUG receive_response_body.started request=<Request [b'POST']>
2026-07-08T06:00:57.402736919Z 2026-07-08 06:00:57,402 httpcore.http11 DEBUG receive_response_body.complete
2026-07-08T06:00:57.402921003Z 2026-07-08 06:00:57,402 httpcore.http11 DEBUG response_closed.started
2026-07-08T06:00:57.402934628Z 2026-07-08 06:00:57,402 httpcore.http11 DEBUG response_closed.complete
2026-07-08T06:00:57.403872466Z 2026-07-08 06:00:57,403 forwin.writer.llm.adapter WARNING Transient LLM HTTP status 429. Waiting 2.0 s before retry 2/2.
2026-07-08T06:00:59.406797233Z 2026-07-08 06:00:59,406 forwin.writer.llm.adapter DEBUG LLMClient.chat attempt=2/2 model=kimi-k2.5 messages=2 max_tokens=1800
2026-07-08T06:00:59.408689699Z 2026-07-08 06:00:59,408 httpcore.http11 DEBUG send_request_headers.started request=<Request [b'POST']>
2026-07-08T06:00:59.409314994Z 2026-07-08 06:00:59,409 httpcore.http11 DEBUG send_request_headers.complete
2026-07-08T06:00:59.409336452Z 2026-07-08 06:00:59,409 httpcore.http11 DEBUG send_request_body.started request=<Request [b'POST']>
2026-07-08T06:00:59.409558745Z 2026-07-08 06:00:59,409 httpcore.http11 DEBUG send_request_body.complete
2026-07-08T06:00:59.409567745Z 2026-07-08 06:00:59,409 httpcore.http11 DEBUG receive_response_headers.started request=<Request [b'POST']>
2026-07-08T06:00:59.637027355Z 2026-07-08 06:00:59,636 httpcore.http11 DEBUG receive_response_headers.complete return_value=(b'HTTP/1.1', 429, b'Too Many Requests', [(b'Date', b'Wed, 08 Jul 2026 06:00:59 GMT'), (b'Content-Type', b'application/json; charset=utf-8'), (b'Content-Length', b'257'), (b'Connection', b'keep-alive'), (b'Msh-Gid', b'enterprise-tier-2'), (b'Msh-Org-Id', b'org-4783af77d82146eb9cdb963ca303699f'), (b'Msh-Project-Id', b'proj-b38ca7c5b03d4098a2e2d407f387adc1'), (b'Msh-Request-Id', b'64848691-7a92-11f1-a44c-6ad6e986dd4c'), (b'Msh-Trace-Mode', b'on'), (b'Msh-Uid', b'd79a43tqip65nogbrrkg'), (b'Vary', b'Origin'), (b'Strict-Transport-Security', b'max-age=31536000; includeSubDomains')])
2026-07-08T06:00:59.637272981Z 2026-07-08 06:00:59,637 httpx INFO HTTP Request: POST https://api.moonshot.cn/v1/chat/completions "HTTP/1.1 429 Too Many Requests"
2026-07-08T06:00:59.637359607Z 2026-07-08 06:00:59,637 httpcore.http11 DEBUG receive_response_body.started request=<Request [b'POST']>
2026-07-08T06:00:59.637442357Z 2026-07-08 06:00:59,637 httpcore.http11 DEBUG receive_response_body.complete
2026-07-08T06:00:59.637484607Z 2026-07-08 06:00:59,637 httpcore.http11 DEBUG response_closed.started
2026-07-08T06:00:59.637553733Z 2026-07-08 06:00:59,637 httpcore.http11 DEBUG response_closed.complete
2026-07-08T06:00:59.638335527Z 2026-07-08 06:00:59,638 forwin.writer.chapter_writer WARNING ChapterWriter JSON call failed on attempt 1/1: Client error '429 Too Many Requests' for url 'https://api.moonshot.cn/v1/chat/completions'
2026-07-08T06:00:59.638348653Z For more information check: https://developer.mozilla.org/en-US/docs/Web/HTTP/Status/429
2026-07-08T06:00:59.638869155Z 2026-07-08 06:00:59,638 httpcore.connection DEBUG connect_tcp.started host='10.0.0.150' port=8895 local_address=None timeout=10.0 socket_options=None
2026-07-08T06:00:59.646643187Z 2026-07-08 06:00:59,646 httpcore.connection DEBUG connect_tcp.failed exception=ConnectError(ConnectionRefusedError(111, 'Connection refused'))
2026-07-08T06:00:59.646943313Z 2026-07-08 06:00:59,646 forwin.writer.llm.adapter DEBUG LLMClient.chat attempt=1/2 model=kimi-k2.5 messages=2 max_tokens=1800
2026-07-08T06:00:59.647820025Z 2026-07-08 06:00:59,647 httpcore.http11 DEBUG send_request_headers.started request=<Request [b'POST']>
2026-07-08T06:00:59.648131651Z 2026-07-08 06:00:59,647 httpcore.http11 DEBUG send_request_headers.complete
2026-07-08T06:00:59.648140527Z 2026-07-08 06:00:59,648 httpcore.http11 DEBUG send_request_body.started request=<Request [b'POST']>
2026-07-08T06:00:59.648294277Z 2026-07-08 06:00:59,648 httpcore.http11 DEBUG send_request_body.complete
2026-07-08T06:00:59.648299944Z 2026-07-08 06:00:59,648 httpcore.http11 DEBUG receive_response_headers.started request=<Request [b'POST']>
2026-07-08T06:01:00.033410500Z 2026-07-08 06:01:00,032 httpcore.http11 DEBUG receive_response_headers.complete return_value=(b'HTTP/1.1', 429, b'Too Many Requests', [(b'Date', b'Wed, 08 Jul 2026 06:00:59 GMT'), (b'Content-Type', b'application/json; charset=utf-8'), (b'Content-Length', b'257'), (b'Connection', b'keep-alive'), (b'Msh-Gid', b'enterprise-tier-2'), (b'Msh-Org-Id', b'org-4783af77d82146eb9cdb963ca303699f'), (b'Msh-Project-Id', b'proj-b38ca7c5b03d4098a2e2d407f387adc1'), (b'Msh-Request-Id', b'64c1614f-7a92-11f1-9a41-b636b92d63ac'), (b'Msh-Trace-Mode', b'on'), (b'Msh-Uid', b'd79a43tqip65nogbrrkg'), (b'Vary', b'Origin'), (b'Strict-Transport-Security', b'max-age=31536000; includeSubDomains')])
2026-07-08T06:01:00.033863794Z 2026-07-08 06:01:00,033 httpx INFO HTTP Request: POST https://api.moonshot.cn/v1/chat/completions "HTTP/1.1 429 Too Many Requests"
2026-07-08T06:01:00.034081878Z 2026-07-08 06:01:00,033 httpcore.http11 DEBUG receive_response_body.started request=<Request [b'POST']>
2026-07-08T06:01:00.034215295Z 2026-07-08 06:01:00,034 httpcore.http11 DEBUG receive_response_body.complete
2026-07-08T06:01:00.034380421Z 2026-07-08 06:01:00,034 httpcore.http11 DEBUG response_closed.started
2026-07-08T06:01:00.034390254Z 2026-07-08 06:01:00,034 httpcore.http11 DEBUG response_closed.complete
2026-07-08T06:01:00.035457926Z 2026-07-08 06:01:00,035 forwin.writer.llm.adapter WARNING Transient LLM HTTP status 429. Waiting 2.0 s before retry 2/2.
2026-07-08T06:01:02.040181957Z 2026-07-08 06:01:02,039 forwin.writer.llm.adapter DEBUG LLMClient.chat attempt=2/2 model=kimi-k2.5 messages=2 max_tokens=1800
2026-07-08T06:01:02.042116048Z 2026-07-08 06:01:02,041 httpcore.http11 DEBUG send_request_headers.started request=<Request [b'POST']>
2026-07-08T06:01:02.042617842Z 2026-07-08 06:01:02,042 httpcore.http11 DEBUG send_request_headers.complete
2026-07-08T06:01:02.042630092Z 2026-07-08 06:01:02,042 httpcore.http11 DEBUG send_request_body.started request=<Request [b'POST']>
2026-07-08T06:01:02.042920260Z 2026-07-08 06:01:02,042 httpcore.http11 DEBUG send_request_body.complete
2026-07-08T06:01:02.042937677Z 2026-07-08 06:01:02,042 httpcore.http11 DEBUG receive_response_headers.started request=<Request [b'POST']>
2026-07-08T06:01:02.431125081Z 2026-07-08 06:01:02,430 httpcore.http11 DEBUG receive_response_headers.complete return_value=(b'HTTP/1.1', 429, b'Too Many Requests', [(b'Date', b'Wed, 08 Jul 2026 06:01:02 GMT'), (b'Content-Type', b'application/json; charset=utf-8'), (b'Content-Length', b'257'), (b'Connection', b'keep-alive'), (b'Msh-Gid', b'enterprise-tier-2'), (b'Msh-Org-Id', b'org-4783af77d82146eb9cdb963ca303699f'), (b'Msh-Project-Id', b'proj-b38ca7c5b03d4098a2e2d407f387adc1'), (b'Msh-Request-Id', b'662e9f62-7a92-11f1-bfeb-4e355da7f101'), (b'Msh-Trace-Mode', b'on'), (b'Msh-Uid', b'd79a43tqip65nogbrrkg'), (b'Vary', b'Origin'), (b'Strict-Transport-Security', b'max-age=31536000; includeSubDomains')])
2026-07-08T06:01:02.431587249Z 2026-07-08 06:01:02,431 httpx INFO HTTP Request: POST https://api.moonshot.cn/v1/chat/completions "HTTP/1.1 429 Too Many Requests"
2026-07-08T06:01:02.431640000Z 2026-07-08 06:01:02,431 httpcore.http11 DEBUG receive_response_body.started request=<Request [b'POST']>
2026-07-08T06:01:02.431776084Z 2026-07-08 06:01:02,431 httpcore.http11 DEBUG receive_response_body.complete
2026-07-08T06:01:02.431832709Z 2026-07-08 06:01:02,431 httpcore.http11 DEBUG response_closed.started
2026-07-08T06:01:02.431844251Z 2026-07-08 06:01:02,431 httpcore.http11 DEBUG response_closed.complete
2026-07-08T06:01:02.432882838Z 2026-07-08 06:01:02,432 forwin.writer.chapter_writer WARNING ChapterWriter JSON call failed on attempt 1/1: Client error '429 Too Many Requests' for url 'https://api.moonshot.cn/v1/chat/completions'
2026-07-08T06:01:02.432905130Z For more information check: https://developer.mozilla.org/en-US/docs/Web/HTTP/Status/429
2026-07-08T06:01:02.433602300Z 2026-07-08 06:01:02,433 httpcore.connection DEBUG connect_tcp.started host='10.0.0.150' port=8895 local_address=None timeout=10.0 socket_options=None
2026-07-08T06:01:02.438712029Z 2026-07-08 06:01:02,438 httpcore.connection DEBUG connect_tcp.failed exception=ConnectError(ConnectionRefusedError(111, 'Connection refused'))
2026-07-08T06:01:02.439119364Z 2026-07-08 06:01:02,439 forwin.writer.llm.adapter DEBUG LLMClient.chat attempt=1/2 model=kimi-k2.5 messages=2 max_tokens=1800
2026-07-08T06:01:02.440045951Z 2026-07-08 06:01:02,439 httpcore.http11 DEBUG send_request_headers.started request=<Request [b'POST']>
2026-07-08T06:01:02.440407453Z 2026-07-08 06:01:02,440 httpcore.http11 DEBUG send_request_headers.complete
2026-07-08T06:01:02.440414453Z 2026-07-08 06:01:02,440 httpcore.http11 DEBUG send_request_body.started request=<Request [b'POST']>
2026-07-08T06:01:02.440665037Z 2026-07-08 06:01:02,440 httpcore.http11 DEBUG send_request_body.complete
2026-07-08T06:01:02.440672037Z 2026-07-08 06:01:02,440 httpcore.http11 DEBUG receive_response_headers.started request=<Request [b'POST']>
2026-07-08T06:01:02.833224459Z 2026-07-08 06:01:02,832 httpcore.http11 DEBUG receive_response_headers.complete return_value=(b'HTTP/1.1', 429, b'Too Many Requests', [(b'Date', b'Wed, 08 Jul 2026 06:01:02 GMT'), (b'Content-Type', b'application/json; charset=utf-8'), (b'Content-Length', b'257'), (b'Connection', b'keep-alive'), (b'Msh-Gid', b'enterprise-tier-2'), (b'Msh-Org-Id', b'org-4783af77d82146eb9cdb963ca303699f'), (b'Msh-Project-Id', b'proj-b38ca7c5b03d4098a2e2d407f387adc1'), (b'Msh-Request-Id', b'666c971c-7a92-11f1-a990-5a51eb6ac3aa'), (b'Msh-Trace-Mode', b'on'), (b'Msh-Uid', b'd79a43tqip65nogbrrkg'), (b'Vary', b'Origin'), (b'Strict-Transport-Security', b'max-age=31536000; includeSubDomains')])
2026-07-08T06:01:02.833731836Z 2026-07-08 06:01:02,833 httpx INFO HTTP Request: POST https://api.moonshot.cn/v1/chat/completions "HTTP/1.1 429 Too Many Requests"
2026-07-08T06:01:02.833877587Z 2026-07-08 06:01:02,833 httpcore.http11 DEBUG receive_response_body.started request=<Request [b'POST']>
2026-07-08T06:01:02.834049129Z 2026-07-08 06:01:02,833 httpcore.http11 DEBUG receive_response_body.complete
2026-07-08T06:01:02.834361714Z 2026-07-08 06:01:02,833 httpcore.http11 DEBUG response_closed.started
2026-07-08T06:01:02.834371047Z 2026-07-08 06:01:02,834 httpcore.http11 DEBUG response_closed.complete
2026-07-08T06:01:02.835479969Z 2026-07-08 06:01:02,835 forwin.writer.llm.adapter WARNING Transient LLM HTTP status 429. Waiting 2.0 s before retry 2/2.
2026-07-08T06:01:04.840651301Z 2026-07-08 06:01:04,840 forwin.writer.llm.adapter DEBUG LLMClient.chat attempt=2/2 model=kimi-k2.5 messages=2 max_tokens=1800
2026-07-08T06:01:04.842648934Z 2026-07-08 06:01:04,842 httpcore.http11 DEBUG send_request_headers.started request=<Request [b'POST']>
2026-07-08T06:01:04.843456521Z 2026-07-08 06:01:04,843 httpcore.http11 DEBUG send_request_headers.complete
2026-07-08T06:01:04.843619771Z 2026-07-08 06:01:04,843 httpcore.http11 DEBUG send_request_body.started request=<Request [b'POST']>
2026-07-08T06:01:04.844149607Z 2026-07-08 06:01:04,843 httpcore.http11 DEBUG send_request_body.complete
2026-07-08T06:01:04.844177857Z 2026-07-08 06:01:04,843 httpcore.http11 DEBUG receive_response_headers.started request=<Request [b'POST']>
2026-07-08T06:01:05.565693856Z 2026-07-08 06:01:05,565 httpcore.http11 DEBUG receive_response_headers.complete return_value=(b'HTTP/1.1', 429, b'Too Many Requests', [(b'Date', b'Wed, 08 Jul 2026 06:01:05 GMT'), (b'Content-Type', b'application/json; charset=utf-8'), (b'Content-Length', b'257'), (b'Connection', b'keep-alive'), (b'Msh-Gid', b'enterprise-tier-2'), (b'Msh-Org-Id', b'org-4783af77d82146eb9cdb963ca303699f'), (b'Msh-Project-Id', b'proj-b38ca7c5b03d4098a2e2d407f387adc1'), (b'Msh-Request-Id', b'680dd6b2-7a92-11f1-a44c-6ad6e986dd4c'), (b'Msh-Trace-Mode', b'on'), (b'Msh-Uid', b'd79a43tqip65nogbrrkg'), (b'Vary', b'Origin'), (b'Strict-Transport-Security', b'max-age=31536000; includeSubDomains')])
2026-07-08T06:01:05.566129191Z 2026-07-08 06:01:05,565 httpx INFO HTTP Request: POST https://api.moonshot.cn/v1/chat/completions "HTTP/1.1 429 Too Many Requests"
2026-07-08T06:01:05.566316400Z 2026-07-08 06:01:05,566 httpcore.http11 DEBUG receive_response_body.started request=<Request [b'POST']>
2026-07-08T06:01:05.566438276Z 2026-07-08 06:01:05,566 httpcore.http11 DEBUG receive_response_body.complete
2026-07-08T06:01:05.566571485Z 2026-07-08 06:01:05,566 httpcore.http11 DEBUG response_closed.started
2026-07-08T06:01:05.566583152Z 2026-07-08 06:01:05,566 httpcore.http11 DEBUG response_closed.complete
2026-07-08T06:01:05.567904824Z 2026-07-08 06:01:05,567 forwin.writer.chapter_writer WARNING ChapterWriter JSON call failed on attempt 1/1: Client error '429 Too Many Requests' for url 'https://api.moonshot.cn/v1/chat/completions'
2026-07-08T06:01:05.567923824Z For more information check: https://developer.mozilla.org/en-US/docs/Web/HTTP/Status/429
2026-07-08T06:01:05.567926157Z 2026-07-08 06:01:05,567 forwin.writer.chapter_writer WARNING thread_time_extraction degraded to empty metadata after retry: ChapterWriter JSON generation failed after retries: Client error '429 Too Many Requests' for url 'https://api.moonshot.cn/v1/chat/completions'
2026-07-08T06:01:05.567957157Z For more information check: https://developer.mozilla.org/en-US/docs/Web/HTTP/Status/429
2026-07-08T06:01:05.568903078Z 2026-07-08 06:01:05,568 httpcore.connection DEBUG connect_tcp.started host='10.0.0.150' port=8895 local_address=None timeout=10.0 socket_options=None
2026-07-08T06:01:05.580846294Z 2026-07-08 06:01:05,580 httpcore.connection DEBUG connect_tcp.failed exception=ConnectError(ConnectionRefusedError(111, 'Connection refused'))
2026-07-08T06:01:05.583037303Z 2026-07-08 06:01:05,582 forwin.writer.llm.adapter DEBUG LLMClient.chat attempt=1/2 model=kimi-k2.5 messages=2 max_tokens=2400
2026-07-08T06:01:05.583931349Z 2026-07-08 06:01:05,583 httpcore.http11 DEBUG send_request_headers.started request=<Request [b'POST']>
2026-07-08T06:01:05.584391476Z 2026-07-08 06:01:05,584 httpcore.http11 DEBUG send_request_headers.complete
2026-07-08T06:01:05.584408601Z 2026-07-08 06:01:05,584 httpcore.http11 DEBUG send_request_body.started request=<Request [b'POST']>
2026-07-08T06:01:05.585430855Z 2026-07-08 06:01:05,584 httpcore.http11 DEBUG send_request_body.complete
2026-07-08T06:01:05.585449147Z 2026-07-08 06:01:05,584 httpcore.http11 DEBUG receive_response_headers.started request=<Request [b'POST']>
2026-07-08T06:01:08.426008919Z 2026-07-08 06:01:08,425 httpcore.http11 DEBUG receive_response_headers.complete return_value=(b'HTTP/1.1', 429, b'Too Many Requests', [(b'Date', b'Wed, 08 Jul 2026 06:01:08 GMT'), (b'Content-Type', b'application/json; charset=utf-8'), (b'Content-Length', b'257'), (b'Connection', b'keep-alive'), (b'Msh-Gid', b'enterprise-tier-2'), (b'Msh-Org-Id', b'org-4783af77d82146eb9cdb963ca303699f'), (b'Msh-Project-Id', b'proj-b38ca7c5b03d4098a2e2d407f387adc1'), (b'Msh-Request-Id', b'69c25aee-7a92-11f1-af67-52b9bffae822'), (b'Msh-Trace-Mode', b'on'), (b'Msh-Uid', b'd79a43tqip65nogbrrkg'), (b'Vary', b'Origin'), (b'Strict-Transport-Security', b'max-age=31536000; includeSubDomains')])
2026-07-08T06:01:08.426344337Z 2026-07-08 06:01:08,426 httpx INFO HTTP Request: POST https://api.moonshot.cn/v1/chat/completions "HTTP/1.1 429 Too Many Requests"
2026-07-08T06:01:08.426412629Z 2026-07-08 06:01:08,426 httpcore.http11 DEBUG receive_response_body.started request=<Request [b'POST']>
2026-07-08T06:01:08.426532213Z 2026-07-08 06:01:08,426 httpcore.http11 DEBUG receive_response_body.complete
2026-07-08T06:01:08.426541046Z 2026-07-08 06:01:08,426 httpcore.http11 DEBUG response_closed.started
2026-07-08T06:01:08.426585421Z 2026-07-08 06:01:08,426 httpcore.http11 DEBUG response_closed.complete
2026-07-08T06:01:08.427237924Z 2026-07-08 06:01:08,427 forwin.writer.llm.adapter WARNING Transient LLM HTTP status 429. Waiting 2.0 s before retry 2/2.
2026-07-08T06:01:10.428489045Z 2026-07-08 06:01:10,427 forwin.writer.llm.adapter DEBUG LLMClient.chat attempt=2/2 model=kimi-k2.5 messages=2 max_tokens=2400
2026-07-08T06:01:10.430377636Z 2026-07-08 06:01:10,430 httpcore.http11 DEBUG send_request_headers.started request=<Request [b'POST']>
2026-07-08T06:01:10.430939221Z 2026-07-08 06:01:10,430 httpcore.http11 DEBUG send_request_headers.complete
2026-07-08T06:01:10.431026972Z 2026-07-08 06:01:10,430 httpcore.http11 DEBUG send_request_body.started request=<Request [b'POST']>
2026-07-08T06:01:10.431403015Z 2026-07-08 06:01:10,431 httpcore.http11 DEBUG send_request_body.complete
2026-07-08T06:01:10.431413348Z 2026-07-08 06:01:10,431 httpcore.http11 DEBUG receive_response_headers.started request=<Request [b'POST']>
2026-07-08T06:01:11.499034669Z 2026-07-08 06:01:11,498 httpcore.http11 DEBUG receive_response_headers.complete return_value=(b'HTTP/1.1', 429, b'Too Many Requests', [(b'Date', b'Wed, 08 Jul 2026 06:01:11 GMT'), (b'Content-Type', b'application/json; charset=utf-8'), (b'Content-Length', b'257'), (b'Connection', b'keep-alive'), (b'Msh-Gid', b'enterprise-tier-2'), (b'Msh-Org-Id', b'org-4783af77d82146eb9cdb963ca303699f'), (b'Msh-Project-Id', b'proj-b38ca7c5b03d4098a2e2d407f387adc1'), (b'Msh-Request-Id', b'6b96ba87-7a92-11f1-a44c-6ad6e986dd4c'), (b'Msh-Trace-Mode', b'on'), (b'Msh-Uid', b'd79a43tqip65nogbrrkg'), (b'Vary', b'Origin'), (b'Strict-Transport-Security', b'max-age=31536000; includeSubDomains')])
2026-07-08T06:01:11.499523629Z 2026-07-08 06:01:11,499 httpx INFO HTTP Request: POST https://api.moonshot.cn/v1/chat/completions "HTTP/1.1 429 Too Many Requests"
2026-07-08T06:01:11.499613338Z 2026-07-08 06:01:11,499 httpcore.http11 DEBUG receive_response_body.started request=<Request [b'POST']>
2026-07-08T06:01:11.499756088Z 2026-07-08 06:01:11,499 httpcore.http11 DEBUG receive_response_body.complete
2026-07-08T06:01:11.500051548Z 2026-07-08 06:01:11,499 httpcore.http11 DEBUG response_closed.started
2026-07-08T06:01:11.500072631Z 2026-07-08 06:01:11,499 httpcore.http11 DEBUG response_closed.complete
2026-07-08T06:01:11.501395762Z 2026-07-08 06:01:11,501 forwin.writer.chapter_writer WARNING ChapterWriter JSON call failed on attempt 1/2: Client error '429 Too Many Requests' for url 'https://api.moonshot.cn/v1/chat/completions'
2026-07-08T06:01:11.501405762Z For more information check: https://developer.mozilla.org/en-US/docs/Web/HTTP/Status/429
2026-07-08T06:01:11.502145807Z 2026-07-08 06:01:11,501 httpcore.connection DEBUG connect_tcp.started host='10.0.0.150' port=8895 local_address=None timeout=10.0 socket_options=None
2026-07-08T06:01:11.513690063Z 2026-07-08 06:01:11,513 httpcore.connection DEBUG connect_tcp.failed exception=ConnectError(ConnectionRefusedError(111, 'Connection refused'))
2026-07-08T06:01:11.514306941Z 2026-07-08 06:01:11,514 forwin.writer.llm.adapter DEBUG LLMClient.chat attempt=1/2 model=kimi-k2.5 messages=2 max_tokens=1800
2026-07-08T06:01:11.515473529Z 2026-07-08 06:01:11,515 httpcore.http11 DEBUG send_request_headers.started request=<Request [b'POST']>
2026-07-08T06:01:11.515778113Z 2026-07-08 06:01:11,515 httpcore.http11 DEBUG send_request_headers.complete
2026-07-08T06:01:11.515786988Z 2026-07-08 06:01:11,515 httpcore.http11 DEBUG send_request_body.started request=<Request [b'POST']>
2026-07-08T06:01:11.516149073Z 2026-07-08 06:01:11,515 httpcore.http11 DEBUG send_request_body.complete
2026-07-08T06:01:11.516162948Z 2026-07-08 06:01:11,515 httpcore.http11 DEBUG receive_response_headers.started request=<Request [b'POST']>
2026-07-08T06:01:12.737283076Z 2026-07-08 06:01:12,736 httpcore.http11 DEBUG receive_response_headers.complete return_value=(b'HTTP/1.1', 429, b'Too Many Requests', [(b'Date', b'Wed, 08 Jul 2026 06:01:12 GMT'), (b'Content-Type', b'application/json; charset=utf-8'), (b'Content-Length', b'257'), (b'Connection', b'keep-alive'), (b'Msh-Gid', b'enterprise-tier-2'), (b'Msh-Org-Id', b'org-4783af77d82146eb9cdb963ca303699f'), (b'Msh-Project-Id', b'proj-b38ca7c5b03d4098a2e2d407f387adc1'), (b'Msh-Request-Id', b'6c53260e-7a92-11f1-a97f-faa1c8e90165'), (b'Msh-Trace-Mode', b'on'), (b'Msh-Uid', b'd79a43tqip65nogbrrkg'), (b'Vary', b'Origin'), (b'Strict-Transport-Security', b'max-age=31536000; includeSubDomains')])
2026-07-08T06:01:12.737731286Z 2026-07-08 06:01:12,737 httpx INFO HTTP Request: POST https://api.moonshot.cn/v1/chat/completions "HTTP/1.1 429 Too Many Requests"
2026-07-08T06:01:12.737938954Z 2026-07-08 06:01:12,737 httpcore.http11 DEBUG receive_response_body.started request=<Request [b'POST']>
2026-07-08T06:01:12.738087079Z 2026-07-08 06:01:12,737 httpcore.http11 DEBUG receive_response_body.complete
2026-07-08T06:01:12.738262163Z 2026-07-08 06:01:12,738 httpcore.http11 DEBUG response_closed.started
2026-07-08T06:01:12.738271913Z 2026-07-08 06:01:12,738 httpcore.http11 DEBUG response_closed.complete
2026-07-08T06:01:12.739567086Z 2026-07-08 06:01:12,739 forwin.writer.llm.adapter WARNING Transient LLM HTTP status 429. Waiting 2.0 s before retry 2/2.
2026-07-08T06:01:14.740222464Z 2026-07-08 06:01:14,739 forwin.writer.llm.adapter DEBUG LLMClient.chat attempt=2/2 model=kimi-k2.5 messages=2 max_tokens=1800
2026-07-08T06:01:14.741741470Z 2026-07-08 06:01:14,741 httpcore.http11 DEBUG send_request_headers.started request=<Request [b'POST']>
2026-07-08T06:01:14.742227847Z 2026-07-08 06:01:14,742 httpcore.http11 DEBUG send_request_headers.complete
2026-07-08T06:01:14.742247931Z 2026-07-08 06:01:14,742 httpcore.http11 DEBUG send_request_body.started request=<Request [b'POST']>
2026-07-08T06:01:14.742659516Z 2026-07-08 06:01:14,742 httpcore.http11 DEBUG send_request_body.complete
2026-07-08T06:01:14.742668932Z 2026-07-08 06:01:14,742 httpcore.http11 DEBUG receive_response_headers.started request=<Request [b'POST']>
2026-07-08T06:01:15.455834197Z 2026-07-08 06:01:15,455 httpcore.http11 DEBUG receive_response_headers.complete return_value=(b'HTTP/1.1', 429, b'Too Many Requests', [(b'Date', b'Wed, 08 Jul 2026 06:01:15 GMT'), (b'Content-Type', b'application/json; charset=utf-8'), (b'Content-Length', b'257'), (b'Connection', b'keep-alive'), (b'Msh-Gid', b'enterprise-tier-2'), (b'Msh-Org-Id', b'org-4783af77d82146eb9cdb963ca303699f'), (b'Msh-Project-Id', b'proj-b38ca7c5b03d4098a2e2d407f387adc1'), (b'Msh-Request-Id', b'6df2aef6-7a92-11f1-a5b0-eadf85b049ae'), (b'Msh-Trace-Mode', b'on'), (b'Msh-Uid', b'd79a43tqip65nogbrrkg'), (b'Vary', b'Origin'), (b'Strict-Transport-Security', b'max-age=31536000; includeSubDomains')])
2026-07-08T06:01:15.456310491Z 2026-07-08 06:01:15,456 httpx INFO HTTP Request: POST https://api.moonshot.cn/v1/chat/completions "HTTP/1.1 429 Too Many Requests"
2026-07-08T06:01:15.456416574Z 2026-07-08 06:01:15,456 httpcore.http11 DEBUG receive_response_body.started request=<Request [b'POST']>
2026-07-08T06:01:15.456557075Z 2026-07-08 06:01:15,456 httpcore.http11 DEBUG receive_response_body.complete
2026-07-08T06:01:15.456570533Z 2026-07-08 06:01:15,456 httpcore.http11 DEBUG response_closed.started
2026-07-08T06:01:15.456683284Z 2026-07-08 06:01:15,456 httpcore.http11 DEBUG response_closed.complete
2026-07-08T06:01:15.457703747Z 2026-07-08 06:01:15,457 forwin.writer.chapter_writer WARNING ChapterWriter JSON call failed on attempt 2/2: Client error '429 Too Many Requests' for url 'https://api.moonshot.cn/v1/chat/completions'
2026-07-08T06:01:15.457721913Z For more information check: https://developer.mozilla.org/en-US/docs/Web/HTTP/Status/429
2026-07-08T06:01:15.457725080Z 2026-07-08 06:01:15,457 forwin.writer.chapter_writer WARNING lore_timeline_notes_extraction primary pass failed, retrying with reduced body: ChapterWriter JSON generation failed after retries: Client error '429 Too Many Requests' for url 'https://api.moonshot.cn/v1/chat/completions'
2026-07-08T06:01:15.457727788Z For more information check: https://developer.mozilla.org/en-US/docs/Web/HTTP/Status/429
2026-07-08T06:01:15.458537542Z 2026-07-08 06:01:15,458 httpcore.connection DEBUG connect_tcp.started host='10.0.0.150' port=8895 local_address=None timeout=10.0 socket_options=None
2026-07-08T06:01:15.467640913Z 2026-07-08 06:01:15,467 httpcore.connection DEBUG connect_tcp.failed exception=ConnectError(ConnectionRefusedError(111, 'Connection refused'))
2026-07-08T06:01:15.468191249Z 2026-07-08 06:01:15,467 forwin.writer.llm.adapter DEBUG LLMClient.chat attempt=1/2 model=kimi-k2.5 messages=2 max_tokens=1800
2026-07-08T06:01:15.469154878Z 2026-07-08 06:01:15,468 httpcore.http11 DEBUG send_request_headers.started request=<Request [b'POST']>
2026-07-08T06:01:15.469448129Z 2026-07-08 06:01:15,469 httpcore.http11 DEBUG send_request_headers.complete
2026-07-08T06:01:15.469457129Z 2026-07-08 06:01:15,469 httpcore.http11 DEBUG send_request_body.started request=<Request [b'POST']>
2026-07-08T06:01:15.469783755Z 2026-07-08 06:01:15,469 httpcore.http11 DEBUG send_request_body.complete
2026-07-08T06:01:15.469792005Z 2026-07-08 06:01:15,469 httpcore.http11 DEBUG receive_response_headers.started request=<Request [b'POST']>
2026-07-08T06:01:16.259109463Z 2026-07-08 06:01:16,258 httpcore.http11 DEBUG receive_response_headers.complete return_value=(b'HTTP/1.1', 429, b'Too Many Requests', [(b'Date', b'Wed, 08 Jul 2026 06:01:16 GMT'), (b'Content-Type', b'application/json; charset=utf-8'), (b'Content-Length', b'257'), (b'Connection', b'keep-alive'), (b'Msh-Gid', b'enterprise-tier-2'), (b'Msh-Org-Id', b'org-4783af77d82146eb9cdb963ca303699f'), (b'Msh-Project-Id', b'proj-b38ca7c5b03d4098a2e2d407f387adc1'), (b'Msh-Request-Id', b'6e6d91cb-7a92-11f1-9119-4e6a1d434369'), (b'Msh-Trace-Mode', b'on'), (b'Msh-Uid', b'd79a43tqip65nogbrrkg'), (b'Vary', b'Origin'), (b'Strict-Transport-Security', b'max-age=31536000; includeSubDomains')])
2026-07-08T06:01:16.259192463Z 2026-07-08 06:01:16,259 httpx INFO HTTP Request: POST https://api.moonshot.cn/v1/chat/completions "HTTP/1.1 429 Too Many Requests"
2026-07-08T06:01:16.259228297Z 2026-07-08 06:01:16,259 httpcore.http11 DEBUG receive_response_body.started request=<Request [b'POST']>
2026-07-08T06:01:16.259263755Z 2026-07-08 06:01:16,259 httpcore.http11 DEBUG receive_response_body.complete
2026-07-08T06:01:16.259268380Z 2026-07-08 06:01:16,259 httpcore.http11 DEBUG response_closed.started
2026-07-08T06:01:16.259269339Z 2026-07-08 06:01:16,259 httpcore.http11 DEBUG response_closed.complete
2026-07-08T06:01:16.259525756Z 2026-07-08 06:01:16,259 forwin.writer.llm.adapter WARNING Transient LLM HTTP status 429. Waiting 2.0 s before retry 2/2.
2026-07-08T06:01:18.261014063Z 2026-07-08 06:01:18,260 forwin.writer.llm.adapter DEBUG LLMClient.chat attempt=2/2 model=kimi-k2.5 messages=2 max_tokens=1800
2026-07-08T06:01:18.262720487Z 2026-07-08 06:01:18,262 httpcore.http11 DEBUG send_request_headers.started request=<Request [b'POST']>
2026-07-08T06:01:18.263257573Z 2026-07-08 06:01:18,263 httpcore.http11 DEBUG send_request_headers.complete
2026-07-08T06:01:18.263272198Z 2026-07-08 06:01:18,263 httpcore.http11 DEBUG send_request_body.started request=<Request [b'POST']>
2026-07-08T06:01:18.263574990Z 2026-07-08 06:01:18,263 httpcore.http11 DEBUG send_request_body.complete
2026-07-08T06:01:18.263584282Z 2026-07-08 06:01:18,263 httpcore.http11 DEBUG receive_response_headers.started request=<Request [b'POST']>
2026-07-08T06:01:18.644235412Z 2026-07-08 06:01:18,643 httpcore.http11 DEBUG receive_response_headers.complete return_value=(b'HTTP/1.1', 429, b'Too Many Requests', [(b'Date', b'Wed, 08 Jul 2026 06:01:18 GMT'), (b'Content-Type', b'application/json; charset=utf-8'), (b'Content-Length', b'257'), (b'Connection', b'keep-alive'), (b'Msh-Gid', b'enterprise-tier-2'), (b'Msh-Org-Id', b'org-4783af77d82146eb9cdb963ca303699f'), (b'Msh-Project-Id', b'proj-b38ca7c5b03d4098a2e2d407f387adc1'), (b'Msh-Request-Id', b'6fd97215-7a92-11f1-ac4d-fea955c963b8'), (b'Msh-Trace-Mode', b'on'), (b'Msh-Uid', b'd79a43tqip65nogbrrkg'), (b'Vary', b'Origin'), (b'Strict-Transport-Security', b'max-age=31536000; includeSubDomains')])
2026-07-08T06:01:18.644641414Z 2026-07-08 06:01:18,644 httpx INFO HTTP Request: POST https://api.moonshot.cn/v1/chat/completions "HTTP/1.1 429 Too Many Requests"
2026-07-08T06:01:18.644745706Z 2026-07-08 06:01:18,644 httpcore.http11 DEBUG receive_response_body.started request=<Request [b'POST']>
2026-07-08T06:01:18.644866915Z 2026-07-08 06:01:18,644 httpcore.http11 DEBUG receive_response_body.complete
2026-07-08T06:01:18.644958832Z 2026-07-08 06:01:18,644 httpcore.http11 DEBUG response_closed.started
2026-07-08T06:01:18.644967332Z 2026-07-08 06:01:18,644 httpcore.http11 DEBUG response_closed.complete
2026-07-08T06:01:18.646046836Z 2026-07-08 06:01:18,645 forwin.writer.chapter_writer WARNING ChapterWriter JSON call failed on attempt 1/1: Client error '429 Too Many Requests' for url 'https://api.moonshot.cn/v1/chat/completions'
2026-07-08T06:01:18.646065295Z For more information check: https://developer.mozilla.org/en-US/docs/Web/HTTP/Status/429
2026-07-08T06:01:18.646722839Z 2026-07-08 06:01:18,646 httpcore.connection DEBUG connect_tcp.started host='10.0.0.150' port=8895 local_address=None timeout=10.0 socket_options=None
2026-07-08T06:01:18.653570284Z 2026-07-08 06:01:18,653 httpcore.connection DEBUG connect_tcp.failed exception=ConnectError(ConnectionRefusedError(111, 'Connection refused'))
2026-07-08T06:01:18.653965453Z 2026-07-08 06:01:18,653 forwin.writer.llm.adapter DEBUG LLMClient.chat attempt=1/2 model=kimi-k2.5 messages=2 max_tokens=1800
2026-07-08T06:01:18.654865707Z 2026-07-08 06:01:18,654 httpcore.http11 DEBUG send_request_headers.started request=<Request [b'POST']>
2026-07-08T06:01:18.655278042Z 2026-07-08 06:01:18,655 httpcore.http11 DEBUG send_request_headers.complete
2026-07-08T06:01:18.655290500Z 2026-07-08 06:01:18,655 httpcore.http11 DEBUG send_request_body.started request=<Request [b'POST']>
2026-07-08T06:01:18.655481167Z 2026-07-08 06:01:18,655 httpcore.http11 DEBUG send_request_body.complete
2026-07-08T06:01:18.655490959Z 2026-07-08 06:01:18,655 httpcore.http11 DEBUG receive_response_headers.started request=<Request [b'POST']>
2026-07-08T06:01:19.043938205Z 2026-07-08 06:01:19,043 httpcore.http11 DEBUG receive_response_headers.complete return_value=(b'HTTP/1.1', 429, b'Too Many Requests', [(b'Date', b'Wed, 08 Jul 2026 06:01:18 GMT'), (b'Content-Type', b'application/json; charset=utf-8'), (b'Content-Length', b'257'), (b'Connection', b'keep-alive'), (b'Msh-Gid', b'enterprise-tier-2'), (b'Msh-Org-Id', b'org-4783af77d82146eb9cdb963ca303699f'), (b'Msh-Project-Id', b'proj-b38ca7c5b03d4098a2e2d407f387adc1'), (b'Msh-Request-Id', b'70161844-7a92-11f1-9e67-d218258b9108'), (b'Msh-Trace-Mode', b'on'), (b'Msh-Uid', b'd79a43tqip65nogbrrkg'), (b'Vary', b'Origin'), (b'Strict-Transport-Security', b'max-age=31536000; includeSubDomains')])
2026-07-08T06:01:19.044414707Z 2026-07-08 06:01:19,044 httpx INFO HTTP Request: POST https://api.moonshot.cn/v1/chat/completions "HTTP/1.1 429 Too Many Requests"
2026-07-08T06:01:19.044551541Z 2026-07-08 06:01:19,044 httpcore.http11 DEBUG receive_response_body.started request=<Request [b'POST']>
2026-07-08T06:01:19.044746958Z 2026-07-08 06:01:19,044 httpcore.http11 DEBUG receive_response_body.complete
2026-07-08T06:01:19.044762458Z 2026-07-08 06:01:19,044 httpcore.http11 DEBUG response_closed.started
2026-07-08T06:01:19.044866417Z 2026-07-08 06:01:19,044 httpcore.http11 DEBUG response_closed.complete
2026-07-08T06:01:19.046084214Z 2026-07-08 06:01:19,045 forwin.writer.llm.adapter WARNING Transient LLM HTTP status 429. Waiting 2.0 s before retry 2/2.
2026-07-08T06:01:21.053095300Z 2026-07-08 06:01:21,052 forwin.writer.llm.adapter DEBUG LLMClient.chat attempt=2/2 model=kimi-k2.5 messages=2 max_tokens=1800
2026-07-08T06:01:21.054988058Z 2026-07-08 06:01:21,054 httpcore.http11 DEBUG send_request_headers.started request=<Request [b'POST']>
2026-07-08T06:01:21.055533269Z 2026-07-08 06:01:21,055 httpcore.http11 DEBUG send_request_headers.complete
2026-07-08T06:01:21.055558894Z 2026-07-08 06:01:21,055 httpcore.http11 DEBUG send_request_body.started request=<Request [b'POST']>
2026-07-08T06:01:21.055837395Z 2026-07-08 06:01:21,055 httpcore.http11 DEBUG send_request_body.complete
2026-07-08T06:01:21.055854520Z 2026-07-08 06:01:21,055 httpcore.http11 DEBUG receive_response_headers.started request=<Request [b'POST']>
2026-07-08T06:01:22.585526409Z 2026-07-08 06:01:22,585 httpcore.http11 DEBUG receive_response_headers.complete return_value=(b'HTTP/1.1', 429, b'Too Many Requests', [(b'Date', b'Wed, 08 Jul 2026 06:01:22 GMT'), (b'Content-Type', b'application/json; charset=utf-8'), (b'Content-Length', b'257'), (b'Connection', b'keep-alive'), (b'Msh-Gid', b'enterprise-tier-2'), (b'Msh-Org-Id', b'org-4783af77d82146eb9cdb963ca303699f'), (b'Msh-Project-Id', b'proj-b38ca7c5b03d4098a2e2d407f387adc1'), (b'Msh-Request-Id', b'72325a2e-7a92-11f1-bc2e-7efca2670f36'), (b'Msh-Trace-Mode', b'on'), (b'Msh-Uid', b'd79a43tqip65nogbrrkg'), (b'Vary', b'Origin'), (b'Strict-Transport-Security', b'max-age=31536000; includeSubDomains')])
2026-07-08T06:01:22.586025328Z 2026-07-08 06:01:22,585 httpx INFO HTTP Request: POST https://api.moonshot.cn/v1/chat/completions "HTTP/1.1 429 Too Many Requests"
2026-07-08T06:01:22.586180203Z 2026-07-08 06:01:22,585 httpcore.http11 DEBUG receive_response_body.started request=<Request [b'POST']>
2026-07-08T06:01:22.586339037Z 2026-07-08 06:01:22,586 httpcore.http11 DEBUG receive_response_body.complete
2026-07-08T06:01:22.586349662Z 2026-07-08 06:01:22,586 httpcore.http11 DEBUG response_closed.started
2026-07-08T06:01:22.586485996Z 2026-07-08 06:01:22,586 httpcore.http11 DEBUG response_closed.complete
2026-07-08T06:01:22.587785043Z 2026-07-08 06:01:22,587 forwin.writer.chapter_writer WARNING ChapterWriter JSON call failed on attempt 1/1: Client error '429 Too Many Requests' for url 'https://api.moonshot.cn/v1/chat/completions'
2026-07-08T06:01:22.587809960Z For more information check: https://developer.mozilla.org/en-US/docs/Web/HTTP/Status/429
2026-07-08T06:01:22.588542338Z 2026-07-08 06:01:22,588 httpcore.connection DEBUG connect_tcp.started host='10.0.0.150' port=8895 local_address=None timeout=10.0 socket_options=None
2026-07-08T06:01:22.598743881Z 2026-07-08 06:01:22,598 httpcore.connection DEBUG connect_tcp.failed exception=ConnectError(ConnectionRefusedError(111, 'Connection refused'))
2026-07-08T06:01:22.599393759Z 2026-07-08 06:01:22,599 forwin.writer.llm.adapter DEBUG LLMClient.chat attempt=1/2 model=kimi-k2.5 messages=2 max_tokens=1800
2026-07-08T06:01:22.600699389Z 2026-07-08 06:01:22,600 httpcore.http11 DEBUG send_request_headers.started request=<Request [b'POST']>
2026-07-08T06:01:22.601243100Z 2026-07-08 06:01:22,600 httpcore.http11 DEBUG send_request_headers.complete
2026-07-08T06:01:22.601268850Z 2026-07-08 06:01:22,601 httpcore.http11 DEBUG send_request_body.started request=<Request [b'POST']>
2026-07-08T06:01:22.601608018Z 2026-07-08 06:01:22,601 httpcore.http11 DEBUG send_request_body.complete
2026-07-08T06:01:22.601624018Z 2026-07-08 06:01:22,601 httpcore.http11 DEBUG receive_response_headers.started request=<Request [b'POST']>
2026-07-08T06:01:22.998905969Z 2026-07-08 06:01:22,998 httpcore.http11 DEBUG receive_response_headers.complete return_value=(b'HTTP/1.1', 429, b'Too Many Requests', [(b'Date', b'Wed, 08 Jul 2026 06:01:22 GMT'), (b'Content-Type', b'application/json; charset=utf-8'), (b'Content-Length', b'257'), (b'Connection', b'keep-alive'), (b'Msh-Gid', b'enterprise-tier-2'), (b'Msh-Org-Id', b'org-4783af77d82146eb9cdb963ca303699f'), (b'Msh-Project-Id', b'proj-b38ca7c5b03d4098a2e2d407f387adc1'), (b'Msh-Request-Id', b'7271af10-7a92-11f1-a97f-faa1c8e90165'), (b'Msh-Trace-Mode', b'on'), (b'Msh-Uid', b'd79a43tqip65nogbrrkg'), (b'Vary', b'Origin'), (b'Strict-Transport-Security', b'max-age=31536000; includeSubDomains')])
2026-07-08T06:01:22.999352763Z 2026-07-08 06:01:22,999 httpx INFO HTTP Request: POST https://api.moonshot.cn/v1/chat/completions "HTTP/1.1 429 Too Many Requests"
2026-07-08T06:01:22.999588014Z 2026-07-08 06:01:22,999 httpcore.http11 DEBUG receive_response_body.started request=<Request [b'POST']>
2026-07-08T06:01:22.999729223Z 2026-07-08 06:01:22,999 httpcore.http11 DEBUG receive_response_body.complete
2026-07-08T06:01:22.999778723Z 2026-07-08 06:01:22,999 httpcore.http11 DEBUG response_closed.started
2026-07-08T06:01:22.999863348Z 2026-07-08 06:01:22,999 httpcore.http11 DEBUG response_closed.complete
2026-07-08T06:01:23.000928144Z 2026-07-08 06:01:23,000 forwin.writer.llm.adapter WARNING Transient LLM HTTP status 429. Waiting 2.0 s before retry 2/2.
2026-07-08T06:01:25.003166553Z 2026-07-08 06:01:25,002 forwin.writer.llm.adapter DEBUG LLMClient.chat attempt=2/2 model=kimi-k2.5 messages=2 max_tokens=1800
2026-07-08T06:01:25.005044436Z 2026-07-08 06:01:25,004 httpcore.http11 DEBUG send_request_headers.started request=<Request [b'POST']>
2026-07-08T06:01:25.005560563Z 2026-07-08 06:01:25,005 httpcore.http11 DEBUG send_request_headers.complete
2026-07-08T06:01:25.005570438Z 2026-07-08 06:01:25,005 httpcore.http11 DEBUG send_request_body.started request=<Request [b'POST']>
2026-07-08T06:01:25.005873440Z 2026-07-08 06:01:25,005 httpcore.http11 DEBUG send_request_body.complete
2026-07-08T06:01:25.005882190Z 2026-07-08 06:01:25,005 httpcore.http11 DEBUG receive_response_headers.started request=<Request [b'POST']>
2026-07-08T06:01:25.215561983Z 2026-07-08 06:01:25,215 httpcore.http11 DEBUG receive_response_headers.complete return_value=(b'HTTP/1.1', 429, b'Too Many Requests', [(b'Date', b'Wed, 08 Jul 2026 06:01:25 GMT'), (b'Content-Type', b'application/json; charset=utf-8'), (b'Content-Length', b'257'), (b'Connection', b'keep-alive'), (b'Msh-Gid', b'enterprise-tier-2'), (b'Msh-Org-Id', b'org-4783af77d82146eb9cdb963ca303699f'), (b'Msh-Project-Id', b'proj-b38ca7c5b03d4098a2e2d407f387adc1'), (b'Msh-Request-Id', b'73c40d79-7a92-11f1-b575-f2f88a5337ba'), (b'Msh-Trace-Mode', b'on'), (b'Msh-Uid', b'd79a43tqip65nogbrrkg'), (b'Vary', b'Origin'), (b'Strict-Transport-Security', b'max-age=31536000; includeSubDomains')])
2026-07-08T06:01:25.216176735Z 2026-07-08 06:01:25,215 httpx INFO HTTP Request: POST https://api.moonshot.cn/v1/chat/completions "HTTP/1.1 429 Too Many Requests"
2026-07-08T06:01:25.216275528Z 2026-07-08 06:01:25,216 httpcore.http11 DEBUG receive_response_body.started request=<Request [b'POST']>
2026-07-08T06:01:25.216510487Z 2026-07-08 06:01:25,216 httpcore.http11 DEBUG receive_response_body.complete
2026-07-08T06:01:25.216672779Z 2026-07-08 06:01:25,216 httpcore.http11 DEBUG response_closed.started
2026-07-08T06:01:25.216688113Z 2026-07-08 06:01:25,216 httpcore.http11 DEBUG response_closed.complete
2026-07-08T06:01:25.218075868Z 2026-07-08 06:01:25,217 forwin.writer.chapter_writer WARNING ChapterWriter JSON call failed on attempt 1/1: Client error '429 Too Many Requests' for url 'https://api.moonshot.cn/v1/chat/completions'
2026-07-08T06:01:25.218113119Z For more information check: https://developer.mozilla.org/en-US/docs/Web/HTTP/Status/429
2026-07-08T06:01:25.218118952Z 2026-07-08 06:01:25,217 forwin.writer.chapter_writer WARNING lore_timeline_notes_extraction degraded to empty metadata after retry: ChapterWriter JSON generation failed after retries: Client error '429 Too Many Requests' for url 'https://api.moonshot.cn/v1/chat/completions'
2026-07-08T06:01:25.218123827Z For more information check: https://developer.mozilla.org/en-US/docs/Web/HTTP/Status/429
2026-07-08T06:01:25.218456870Z 2026-07-08 06:01:25,218 forwin.writer.chapter_writer INFO write_chapter: done – chapter=1 char_count=5589 state_changes=0 new_events=0 thread_beats=0
2026-07-08T06:01:25.968375005Z 2026-07-08 06:01:25,967 urllib3.connectionpool DEBUG Resetting dropped connection: 10.0.0.150
2026-07-08T06:01:25.992066646Z 2026-07-08 06:01:25,991 urllib3.connectionpool DEBUG http://10.0.0.150:19000 "PUT /forwin-artifacts/artifacts/projects/acde0ad10d544995b09e97a6f153f969/chapters/1/llm_traces/writer/subworld_delta/20260708T060125967000Z_2ba087a80f3642f1a2170e139e2ca51c_01_raw_prompt.json HTTP/1.1" 200 0
2026-07-08T06:01:26.007271168Z 2026-07-08 06:01:26,006 urllib3.connectionpool DEBUG http://10.0.0.150:19000 "PUT /forwin-artifacts/artifacts/projects/acde0ad10d544995b09e97a6f153f969/chapters/1/llm_traces/writer/subworld_delta/20260708T060125992448Z_2ba087a80f3642f1a2170e139e2ca51c_01_redacted_request.json HTTP/1.1" 200 0
2026-07-08T06:01:26.021350185Z 2026-07-08 06:01:26,020 urllib3.connectionpool DEBUG http://10.0.0.150:19000 "PUT /forwin-artifacts/artifacts/projects/acde0ad10d544995b09e97a6f153f969/chapters/1/llm_traces/writer/subworld_delta/20260708T060126007242Z_2ba087a80f3642f1a2170e139e2ca51c_01_raw_response.json HTTP/1.1" 200 0
2026-07-08T06:01:26.034445781Z 2026-07-08 06:01:26,034 urllib3.connectionpool DEBUG http://10.0.0.150:19000 "PUT /forwin-artifacts/artifacts/projects/acde0ad10d544995b09e97a6f153f969/chapters/1/llm_traces/writer/subworld_delta/20260708T060126021848Z_2ba087a80f3642f1a2170e139e2ca51c_02_raw_prompt.json HTTP/1.1" 200 0
2026-07-08T06:01:26.049511636Z 2026-07-08 06:01:26,049 urllib3.connectionpool DEBUG http://10.0.0.150:19000 "PUT /forwin-artifacts/artifacts/projects/acde0ad10d544995b09e97a6f153f969/chapters/1/llm_traces/writer/subworld_delta/20260708T060126034686Z_2ba087a80f3642f1a2170e139e2ca51c_02_redacted_request.json HTTP/1.1" 200 0
2026-07-08T06:01:26.063320944Z 2026-07-08 06:01:26,063 urllib3.connectionpool DEBUG http://10.0.0.150:19000 "PUT /forwin-artifacts/artifacts/projects/acde0ad10d544995b09e97a6f153f969/chapters/1/llm_traces/writer/subworld_delta/20260708T060126049446Z_2ba087a80f3642f1a2170e139e2ca51c_02_error_response.json HTTP/1.1" 200 0
2026-07-08T06:01:26.080849059Z 2026-07-08 06:01:26,080 urllib3.connectionpool DEBUG http://10.0.0.150:19000 "PUT /forwin-artifacts/artifacts/projects/acde0ad10d544995b09e97a6f153f969/chapters/1/llm_traces/writer/subworld_delta/20260708T060126063699Z_591ec50e665f40cba1e34cb73a15e072_01_raw_prompt.json HTTP/1.1" 200 0
2026-07-08T06:01:26.095856372Z 2026-07-08 06:01:26,095 urllib3.connectionpool DEBUG http://10.0.0.150:19000 "PUT /forwin-artifacts/artifacts/projects/acde0ad10d544995b09e97a6f153f969/chapters/1/llm_traces/writer/subworld_delta/20260708T060126081179Z_591ec50e665f40cba1e34cb73a15e072_01_redacted_request.json HTTP/1.1" 200 0
2026-07-08T06:01:26.108785551Z 2026-07-08 06:01:26,108 urllib3.connectionpool DEBUG http://10.0.0.150:19000 "PUT /forwin-artifacts/artifacts/projects/acde0ad10d544995b09e97a6f153f969/chapters/1/llm_traces/writer/subworld_delta/20260708T060126095781Z_591ec50e665f40cba1e34cb73a15e072_01_raw_response.json HTTP/1.1" 200 0
2026-07-08T06:01:26.128153382Z 2026-07-08 06:01:26,127 urllib3.connectionpool DEBUG http://10.0.0.150:19000 "PUT /forwin-artifacts/artifacts/projects/acde0ad10d544995b09e97a6f153f969/chapters/1/llm_traces/writer/subworld_delta/20260708T060126109232Z_591ec50e665f40cba1e34cb73a15e072_02_raw_prompt.json HTTP/1.1" 200 0
2026-07-08T06:01:26.139902347Z 2026-07-08 06:01:26,139 urllib3.connectionpool DEBUG http://10.0.0.150:19000 "PUT /forwin-artifacts/artifacts/projects/acde0ad10d544995b09e97a6f153f969/chapters/1/llm_traces/writer/subworld_delta/20260708T060126128491Z_591ec50e665f40cba1e34cb73a15e072_02_redacted_request.json HTTP/1.1" 200 0
2026-07-08T06:01:26.155548246Z 2026-07-08 06:01:26,155 urllib3.connectionpool DEBUG http://10.0.0.150:19000 "PUT /forwin-artifacts/artifacts/projects/acde0ad10d544995b09e97a6f153f969/chapters/1/llm_traces/writer/subworld_delta/20260708T060126139829Z_591ec50e665f40cba1e34cb73a15e072_02_error_response.json HTTP/1.1" 200 0
2026-07-08T06:01:26.183713322Z 2026-07-08 06:01:26,183 urllib3.connectionpool DEBUG http://10.0.0.150:19000 "PUT /forwin-artifacts/artifacts/projects/acde0ad10d544995b09e97a6f153f969/chapters/1/llm_traces/writer/subworld_delta/20260708T060126156011Z_5458bba528d94674a240d680023f8714_01_raw_prompt.json HTTP/1.1" 200 0
2026-07-08T06:01:26.198480842Z 2026-07-08 06:01:26,198 urllib3.connectionpool DEBUG http://10.0.0.150:19000 "PUT /forwin-artifacts/artifacts/projects/acde0ad10d544995b09e97a6f153f969/chapters/1/llm_traces/writer/subworld_delta/20260708T060126184075Z_5458bba528d94674a240d680023f8714_01_redacted_request.json HTTP/1.1" 200 0
2026-07-08T06:01:26.220564935Z 2026-07-08 06:01:26,220 urllib3.connectionpool DEBUG http://10.0.0.150:19000 "PUT /forwin-artifacts/artifacts/projects/acde0ad10d544995b09e97a6f153f969/chapters/1/llm_traces/writer/subworld_delta/20260708T060126198401Z_5458bba528d94674a240d680023f8714_01_raw_response.json HTTP/1.1" 200 0
2026-07-08T06:01:26.234803828Z 2026-07-08 06:01:26,234 urllib3.connectionpool DEBUG http://10.0.0.150:19000 "PUT /forwin-artifacts/artifacts/projects/acde0ad10d544995b09e97a6f153f969/chapters/1/llm_traces/writer/subworld_delta/20260708T060126221043Z_5458bba528d94674a240d680023f8714_02_raw_prompt.json HTTP/1.1" 200 0
2026-07-08T06:01:26.249455931Z 2026-07-08 06:01:26,249 urllib3.connectionpool DEBUG http://10.0.0.150:19000 "PUT /forwin-artifacts/artifacts/projects/acde0ad10d544995b09e97a6f153f969/chapters/1/llm_traces/writer/subworld_delta/20260708T060126235159Z_5458bba528d94674a240d680023f8714_02_redacted_request.json HTTP/1.1" 200 0
2026-07-08T06:01:26.274925787Z 2026-07-08 06:01:26,274 urllib3.connectionpool DEBUG http://10.0.0.150:19000 "PUT /forwin-artifacts/artifacts/projects/acde0ad10d544995b09e97a6f153f969/chapters/1/llm_traces/writer/subworld_delta/20260708T060126249409Z_5458bba528d94674a240d680023f8714_02_error_response.json HTTP/1.1" 200 0
2026-07-08T06:01:26.298551011Z 2026-07-08 06:01:26,298 urllib3.connectionpool DEBUG http://10.0.0.150:19000 "PUT /forwin-artifacts/artifacts/projects/acde0ad10d544995b09e97a6f153f969/chapters/1/llm_traces/writer/arc_plan/20260708T060126275415Z_b88c121f46684d4085fc3adf586b7819_01_raw_prompt.json HTTP/1.1" 200 0
2026-07-08T06:01:26.313686991Z 2026-07-08 06:01:26,313 urllib3.connectionpool DEBUG http://10.0.0.150:19000 "PUT /forwin-artifacts/artifacts/projects/acde0ad10d544995b09e97a6f153f969/chapters/1/llm_traces/writer/arc_plan/20260708T060126298798Z_b88c121f46684d4085fc3adf586b7819_01_redacted_request.json HTTP/1.1" 200 0
2026-07-08T06:01:26.334961038Z 2026-07-08 06:01:26,334 urllib3.connectionpool DEBUG http://10.0.0.150:19000 "PUT /forwin-artifacts/artifacts/projects/acde0ad10d544995b09e97a6f153f969/chapters/1/llm_traces/writer/arc_plan/20260708T060126313626Z_b88c121f46684d4085fc3adf586b7819_01_raw_response.json HTTP/1.1" 200 0
2026-07-08T06:01:26.351131897Z 2026-07-08 06:01:26,350 urllib3.connectionpool DEBUG http://10.0.0.150:19000 "PUT /forwin-artifacts/artifacts/projects/acde0ad10d544995b09e97a6f153f969/chapters/1/llm_traces/writer/arc_plan/20260708T060126335445Z_b88c121f46684d4085fc3adf586b7819_02_raw_prompt.json HTTP/1.1" 200 0
2026-07-08T06:01:26.372802780Z 2026-07-08 06:01:26,372 urllib3.connectionpool DEBUG http://10.0.0.150:19000 "PUT /forwin-artifacts/artifacts/projects/acde0ad10d544995b09e97a6f153f969/chapters/1/llm_traces/writer/arc_plan/20260708T060126351473Z_b88c121f46684d4085fc3adf586b7819_02_redacted_request.json HTTP/1.1" 200 0
2026-07-08T06:01:26.391235732Z 2026-07-08 06:01:26,390 urllib3.connectionpool DEBUG http://10.0.0.150:19000 "PUT /forwin-artifacts/artifacts/projects/acde0ad10d544995b09e97a6f153f969/chapters/1/llm_traces/writer/arc_plan/20260708T060126372735Z_b88c121f46684d4085fc3adf586b7819_02_error_response.json HTTP/1.1" 200 0
2026-07-08T06:01:26.404886872Z 2026-07-08 06:01:26,404 urllib3.connectionpool DEBUG http://10.0.0.150:19000 "PUT /forwin-artifacts/artifacts/projects/acde0ad10d544995b09e97a6f153f969/chapters/1/llm_traces/writer/arc_plan/20260708T060126391473Z_b88c121f46684d4085fc3adf586b7819_01_raw_prompt.json HTTP/1.1" 200 0
2026-07-08T06:01:26.416519254Z 2026-07-08 06:01:26,416 urllib3.connectionpool DEBUG http://10.0.0.150:19000 "PUT /forwin-artifacts/artifacts/projects/acde0ad10d544995b09e97a6f153f969/chapters/1/llm_traces/writer/arc_plan/20260708T060126405018Z_b88c121f46684d4085fc3adf586b7819_01_redacted_request.json HTTP/1.1" 200 0
2026-07-08T06:01:26.430183603Z 2026-07-08 06:01:26,430 urllib3.connectionpool DEBUG http://10.0.0.150:19000 "PUT /forwin-artifacts/artifacts/projects/acde0ad10d544995b09e97a6f153f969/chapters/1/llm_traces/writer/arc_plan/20260708T060126416468Z_b88c121f46684d4085fc3adf586b7819_01_raw_response.json HTTP/1.1" 200 0
2026-07-08T06:01:26.442801781Z 2026-07-08 06:01:26,442 urllib3.connectionpool DEBUG http://10.0.0.150:19000 "PUT /forwin-artifacts/artifacts/projects/acde0ad10d544995b09e97a6f153f969/chapters/1/llm_traces/writer/arc_plan/20260708T060126430276Z_b88c121f46684d4085fc3adf586b7819_02_raw_prompt.json HTTP/1.1" 200 0
2026-07-08T06:01:26.456385338Z 2026-07-08 06:01:26,456 urllib3.connectionpool DEBUG http://10.0.0.150:19000 "PUT /forwin-artifacts/artifacts/projects/acde0ad10d544995b09e97a6f153f969/chapters/1/llm_traces/writer/arc_plan/20260708T060126442621Z_b88c121f46684d4085fc3adf586b7819_02_redacted_request.json HTTP/1.1" 200 0
2026-07-08T06:01:26.468854015Z 2026-07-08 06:01:26,468 urllib3.connectionpool DEBUG http://10.0.0.150:19000 "PUT /forwin-artifacts/artifacts/projects/acde0ad10d544995b09e97a6f153f969/chapters/1/llm_traces/writer/arc_plan/20260708T060126456402Z_b88c121f46684d4085fc3adf586b7819_02_error_response.json HTTP/1.1" 200 0
2026-07-08T06:01:26.483700618Z 2026-07-08 06:01:26,483 urllib3.connectionpool DEBUG http://10.0.0.150:19000 "PUT /forwin-artifacts/artifacts/projects/acde0ad10d544995b09e97a6f153f969/chapters/1/llm_traces/writer/arc_plan/20260708T060126468960Z_f6cdf1df7dcd4336b322c06b30c63094_01_raw_prompt.json HTTP/1.1" 200 0
2026-07-08T06:01:26.502460405Z 2026-07-08 06:01:26,502 urllib3.connectionpool DEBUG http://10.0.0.150:19000 "PUT /forwin-artifacts/artifacts/projects/acde0ad10d544995b09e97a6f153f969/chapters/1/llm_traces/writer/arc_plan/20260708T060126483744Z_f6cdf1df7dcd4336b322c06b30c63094_01_redacted_request.json HTTP/1.1" 200 0
2026-07-08T06:01:26.513089908Z 2026-07-08 06:01:26,512 urllib3.connectionpool DEBUG http://10.0.0.150:19000 "PUT /forwin-artifacts/artifacts/projects/acde0ad10d544995b09e97a6f153f969/chapters/1/llm_traces/writer/arc_plan/20260708T060126502468Z_f6cdf1df7dcd4336b322c06b30c63094_01_raw_response.json HTTP/1.1" 200 0
2026-07-08T06:01:26.528558639Z 2026-07-08 06:01:26,528 urllib3.connectionpool DEBUG http://10.0.0.150:19000 "PUT /forwin-artifacts/artifacts/projects/acde0ad10d544995b09e97a6f153f969/chapters/1/llm_traces/writer/arc_plan/20260708T060126513155Z_f6cdf1df7dcd4336b322c06b30c63094_02_raw_prompt.json HTTP/1.1" 200 0
2026-07-08T06:01:26.541426402Z 2026-07-08 06:01:26,541 urllib3.connectionpool DEBUG http://10.0.0.150:19000 "PUT /forwin-artifacts/artifacts/projects/acde0ad10d544995b09e97a6f153f969/chapters/1/llm_traces/writer/arc_plan/20260708T060126528619Z_f6cdf1df7dcd4336b322c06b30c63094_02_redacted_request.json HTTP/1.1" 200 0
2026-07-08T06:01:26.555764837Z 2026-07-08 06:01:26,555 urllib3.connectionpool DEBUG http://10.0.0.150:19000 "PUT /forwin-artifacts/artifacts/projects/acde0ad10d544995b09e97a6f153f969/chapters/1/llm_traces/writer/arc_plan/20260708T060126541417Z_f6cdf1df7dcd4336b322c06b30c63094_02_error_response.json HTTP/1.1" 200 0
2026-07-08T06:01:26.569110934Z 2026-07-08 06:01:26,569 urllib3.connectionpool DEBUG http://10.0.0.150:19000 "PUT /forwin-artifacts/artifacts/projects/acde0ad10d544995b09e97a6f153f969/chapters/1/llm_traces/writer/arc_plan/20260708T060126555839Z_f6cdf1df7dcd4336b322c06b30c63094_01_raw_prompt.json HTTP/1.1" 200 0
2026-07-08T06:01:26.584611582Z 2026-07-08 06:01:26,584 urllib3.connectionpool DEBUG http://10.0.0.150:19000 "PUT /forwin-artifacts/artifacts/projects/acde0ad10d544995b09e97a6f153f969/chapters/1/llm_traces/writer/arc_plan/20260708T060126569163Z_f6cdf1df7dcd4336b322c06b30c63094_01_redacted_request.json HTTP/1.1" 200 0
2026-07-08T06:01:26.596251089Z 2026-07-08 06:01:26,596 urllib3.connectionpool DEBUG http://10.0.0.150:19000 "PUT /forwin-artifacts/artifacts/projects/acde0ad10d544995b09e97a6f153f969/chapters/1/llm_traces/writer/arc_plan/20260708T060126584596Z_f6cdf1df7dcd4336b322c06b30c63094_01_raw_response.json HTTP/1.1" 200 0
2026-07-08T06:01:26.610816858Z 2026-07-08 06:01:26,610 urllib3.connectionpool DEBUG http://10.0.0.150:19000 "PUT /forwin-artifacts/artifacts/projects/acde0ad10d544995b09e97a6f153f969/chapters/1/llm_traces/writer/arc_plan/20260708T060126596341Z_f6cdf1df7dcd4336b322c06b30c63094_02_raw_prompt.json HTTP/1.1" 200 0
2026-07-08T06:01:26.622861659Z 2026-07-08 06:01:26,622 urllib3.connectionpool DEBUG http://10.0.0.150:19000 "PUT /forwin-artifacts/artifacts/projects/acde0ad10d544995b09e97a6f153f969/chapters/1/llm_traces/writer/arc_plan/20260708T060126610858Z_f6cdf1df7dcd4336b322c06b30c63094_02_redacted_request.json HTTP/1.1" 200 0
2026-07-08T06:01:26.634824500Z 2026-07-08 06:01:26,634 urllib3.connectionpool DEBUG http://10.0.0.150:19000 "PUT /forwin-artifacts/artifacts/projects/acde0ad10d544995b09e97a6f153f969/chapters/1/llm_traces/writer/arc_plan/20260708T060126622845Z_f6cdf1df7dcd4336b322c06b30c63094_02_error_response.json HTTP/1.1" 200 0
2026-07-08T06:01:26.645616462Z 2026-07-08 06:01:26,645 urllib3.connectionpool DEBUG http://10.0.0.150:19000 "PUT /forwin-artifacts/artifacts/projects/acde0ad10d544995b09e97a6f153f969/chapters/1/llm_traces/writer/arc_plan/20260708T060126634899Z_2fc7d49309ba4040acae270a79ef37d5_01_raw_prompt.json HTTP/1.1" 200 0
2026-07-08T06:01:26.657428928Z 2026-07-08 06:01:26,657 urllib3.connectionpool DEBUG http://10.0.0.150:19000 "PUT /forwin-artifacts/artifacts/projects/acde0ad10d544995b09e97a6f153f969/chapters/1/llm_traces/writer/arc_plan/20260708T060126645695Z_2fc7d49309ba4040acae270a79ef37d5_01_redacted_request.json HTTP/1.1" 200 0
2026-07-08T06:01:26.682487408Z 2026-07-08 06:01:26,682 urllib3.connectionpool DEBUG http://10.0.0.150:19000 "PUT /forwin-artifacts/artifacts/projects/acde0ad10d544995b09e97a6f153f969/chapters/1/llm_traces/writer/arc_plan/20260708T060126657407Z_2fc7d49309ba4040acae270a79ef37d5_01_raw_response.json HTTP/1.1" 200 0
2026-07-08T06:01:26.697208511Z 2026-07-08 06:01:26,697 urllib3.connectionpool DEBUG http://10.0.0.150:19000 "PUT /forwin-artifacts/artifacts/projects/acde0ad10d544995b09e97a6f153f969/chapters/1/llm_traces/writer/arc_plan/20260708T060126682627Z_2fc7d49309ba4040acae270a79ef37d5_02_raw_prompt.json HTTP/1.1" 200 0
2026-07-08T06:01:26.724074290Z 2026-07-08 06:01:26,723 urllib3.connectionpool DEBUG http://10.0.0.150:19000 "PUT /forwin-artifacts/artifacts/projects/acde0ad10d544995b09e97a6f153f969/chapters/1/llm_traces/writer/arc_plan/20260708T060126697304Z_2fc7d49309ba4040acae270a79ef37d5_02_redacted_request.json HTTP/1.1" 200 0
2026-07-08T06:01:26.740389525Z 2026-07-08 06:01:26,740 urllib3.connectionpool DEBUG http://10.0.0.150:19000 "PUT /forwin-artifacts/artifacts/projects/acde0ad10d544995b09e97a6f153f969/chapters/1/llm_traces/writer/arc_plan/20260708T060126724042Z_2fc7d49309ba4040acae270a79ef37d5_02_error_response.json HTTP/1.1" 200 0
2026-07-08T06:01:26.757792431Z 2026-07-08 06:01:26,757 urllib3.connectionpool DEBUG http://10.0.0.150:19000 "PUT /forwin-artifacts/artifacts/projects/acde0ad10d544995b09e97a6f153f969/chapters/1/llm_traces/writer/arc_plan/20260708T060126740631Z_2fc7d49309ba4040acae270a79ef37d5_01_raw_prompt.json HTTP/1.1" 200 0
2026-07-08T06:01:26.798711894Z 2026-07-08 06:01:26,798 urllib3.connectionpool DEBUG http://10.0.0.150:19000 "PUT /forwin-artifacts/artifacts/projects/acde0ad10d544995b09e97a6f153f969/chapters/1/llm_traces/writer/arc_plan/20260708T060126757949Z_2fc7d49309ba4040acae270a79ef37d5_01_redacted_request.json HTTP/1.1" 200 0
2026-07-08T06:01:26.814519335Z 2026-07-08 06:01:26,814 urllib3.connectionpool DEBUG http://10.0.0.150:19000 "PUT /forwin-artifacts/artifacts/projects/acde0ad10d544995b09e97a6f153f969/chapters/1/llm_traces/writer/arc_plan/20260708T060126798689Z_2fc7d49309ba4040acae270a79ef37d5_01_raw_response.json HTTP/1.1" 200 0
2026-07-08T06:01:26.828783562Z 2026-07-08 06:01:26,828 urllib3.connectionpool DEBUG http://10.0.0.150:19000 "PUT /forwin-artifacts/artifacts/projects/acde0ad10d544995b09e97a6f153f969/chapters/1/llm_traces/writer/arc_plan/20260708T060126814931Z_2fc7d49309ba4040acae270a79ef37d5_02_raw_prompt.json HTTP/1.1" 200 0
2026-07-08T06:01:26.843120663Z 2026-07-08 06:01:26,842 urllib3.connectionpool DEBUG http://10.0.0.150:19000 "PUT /forwin-artifacts/artifacts/projects/acde0ad10d544995b09e97a6f153f969/chapters/1/llm_traces/writer/arc_plan/20260708T060126829075Z_2fc7d49309ba4040acae270a79ef37d5_02_redacted_request.json HTTP/1.1" 200 0
2026-07-08T06:01:26.861717533Z 2026-07-08 06:01:26,861 urllib3.connectionpool DEBUG http://10.0.0.150:19000 "PUT /forwin-artifacts/artifacts/projects/acde0ad10d544995b09e97a6f153f969/chapters/1/llm_traces/writer/arc_plan/20260708T060126843086Z_2fc7d49309ba4040acae270a79ef37d5_02_error_response.json HTTP/1.1" 200 0
2026-07-08T06:01:26.886109843Z 2026-07-08 06:01:26,885 urllib3.connectionpool DEBUG http://10.0.0.150:19000 "PUT /forwin-artifacts/artifacts/projects/acde0ad10d544995b09e97a6f153f969/chapters/1/llm_traces/writer/arc_envelope_analysis/20260708T060126862237Z_b00540cd2a5e490c874bd277be538b9d_01_raw_prompt.json HTTP/1.1" 200 0
2026-07-08T06:01:26.903133123Z 2026-07-08 06:01:26,902 urllib3.connectionpool DEBUG http://10.0.0.150:19000 "PUT /forwin-artifacts/artifacts/projects/acde0ad10d544995b09e97a6f153f969/chapters/1/llm_traces/writer/arc_envelope_analysis/20260708T060126886433Z_b00540cd2a5e490c874bd277be538b9d_01_redacted_request.json HTTP/1.1" 200 0
2026-07-08T06:01:26.915295507Z 2026-07-08 06:01:26,915 urllib3.connectionpool DEBUG http://10.0.0.150:19000 "PUT /forwin-artifacts/artifacts/projects/acde0ad10d544995b09e97a6f153f969/chapters/1/llm_traces/writer/arc_envelope_analysis/20260708T060126903101Z_b00540cd2a5e490c874bd277be538b9d_01_raw_response.json HTTP/1.1" 200 0
2026-07-08T06:01:26.928790313Z 2026-07-08 06:01:26,928 urllib3.connectionpool DEBUG http://10.0.0.150:19000 "PUT /forwin-artifacts/artifacts/projects/acde0ad10d544995b09e97a6f153f969/chapters/1/llm_traces/writer/arc_envelope_analysis/20260708T060126915731Z_b00540cd2a5e490c874bd277be538b9d_02_raw_prompt.json HTTP/1.1" 200 0
2026-07-08T06:01:26.943291624Z 2026-07-08 06:01:26,942 urllib3.connectionpool DEBUG http://10.0.0.150:19000 "PUT /forwin-artifacts/artifacts/projects/acde0ad10d544995b09e97a6f153f969/chapters/1/llm_traces/writer/arc_envelope_analysis/20260708T060126929146Z_b00540cd2a5e490c874bd277be538b9d_02_redacted_request.json HTTP/1.1" 200 0
2026-07-08T06:01:26.955347133Z 2026-07-08 06:01:26,955 urllib3.connectionpool DEBUG http://10.0.0.150:19000 "PUT /forwin-artifacts/artifacts/projects/acde0ad10d544995b09e97a6f153f969/chapters/1/llm_traces/writer/arc_envelope_analysis/20260708T060126943233Z_b00540cd2a5e490c874bd277be538b9d_02_error_response.json HTTP/1.1" 200 0
2026-07-08T06:01:26.984646422Z 2026-07-08 06:01:26,984 urllib3.connectionpool DEBUG http://10.0.0.150:19000 "PUT /forwin-artifacts/artifacts/projects/acde0ad10d544995b09e97a6f153f969/chapters/1/llm_traces/writer/arc_envelope_analysis/20260708T060126955763Z_cfd91d6611544a779a09843cf74ffff8_01_raw_prompt.json HTTP/1.1" 200 0
2026-07-08T06:01:26.998846273Z 2026-07-08 06:01:26,998 urllib3.connectionpool DEBUG http://10.0.0.150:19000 "PUT /forwin-artifacts/artifacts/projects/acde0ad10d544995b09e97a6f153f969/chapters/1/llm_traces/writer/arc_envelope_analysis/20260708T060126984899Z_cfd91d6611544a779a09843cf74ffff8_01_redacted_request.json HTTP/1.1" 200 0
2026-07-08T06:01:27.012507955Z 2026-07-08 06:01:27,012 urllib3.connectionpool DEBUG http://10.0.0.150:19000 "PUT /forwin-artifacts/artifacts/projects/acde0ad10d544995b09e97a6f153f969/chapters/1/llm_traces/writer/arc_envelope_analysis/20260708T060126998779Z_cfd91d6611544a779a09843cf74ffff8_01_raw_response.json HTTP/1.1" 200 0
2026-07-08T06:01:27.025250258Z 2026-07-08 06:01:27,024 urllib3.connectionpool DEBUG http://10.0.0.150:19000 "PUT /forwin-artifacts/artifacts/projects/acde0ad10d544995b09e97a6f153f969/chapters/1/llm_traces/writer/arc_envelope_analysis/20260708T060127012947Z_cfd91d6611544a779a09843cf74ffff8_02_raw_prompt.json HTTP/1.1" 200 0
2026-07-08T06:01:27.038616814Z 2026-07-08 06:01:27,038 urllib3.connectionpool DEBUG http://10.0.0.150:19000 "PUT /forwin-artifacts/artifacts/projects/acde0ad10d544995b09e97a6f153f969/chapters/1/llm_traces/writer/arc_envelope_analysis/20260708T060127025517Z_cfd91d6611544a779a09843cf74ffff8_02_redacted_request.json HTTP/1.1" 200 0
2026-07-08T06:01:27.051857036Z 2026-07-08 06:01:27,051 urllib3.connectionpool DEBUG http://10.0.0.150:19000 "PUT /forwin-artifacts/artifacts/projects/acde0ad10d544995b09e97a6f153f969/chapters/1/llm_traces/writer/arc_envelope_analysis/20260708T060127038574Z_cfd91d6611544a779a09843cf74ffff8_02_error_response.json HTTP/1.1" 200 0
2026-07-08T06:01:27.066366680Z 2026-07-08 06:01:27,066 urllib3.connectionpool DEBUG http://10.0.0.150:19000 "PUT /forwin-artifacts/artifacts/projects/acde0ad10d544995b09e97a6f153f969/chapters/1/llm_traces/writer/arc_envelope_analysis/20260708T060127052342Z_45265c1b6f6e430081439e3b9f03280d_01_raw_prompt.json HTTP/1.1" 200 0
2026-07-08T06:01:27.086133971Z 2026-07-08 06:01:27,085 urllib3.connectionpool DEBUG http://10.0.0.150:19000 "PUT /forwin-artifacts/artifacts/projects/acde0ad10d544995b09e97a6f153f969/chapters/1/llm_traces/writer/arc_envelope_analysis/20260708T060127066660Z_45265c1b6f6e430081439e3b9f03280d_01_redacted_request.json HTTP/1.1" 200 0
2026-07-08T06:01:27.099903695Z 2026-07-08 06:01:27,099 urllib3.connectionpool DEBUG http://10.0.0.150:19000 "PUT /forwin-artifacts/artifacts/projects/acde0ad10d544995b09e97a6f153f969/chapters/1/llm_traces/writer/arc_envelope_analysis/20260708T060127086120Z_45265c1b6f6e430081439e3b9f03280d_01_raw_response.json HTTP/1.1" 200 0
2026-07-08T06:01:27.110659157Z 2026-07-08 06:01:27,110 urllib3.connectionpool DEBUG http://10.0.0.150:19000 "PUT /forwin-artifacts/artifacts/projects/acde0ad10d544995b09e97a6f153f969/chapters/1/llm_traces/writer/arc_envelope_analysis/20260708T060127100209Z_45265c1b6f6e430081439e3b9f03280d_02_raw_prompt.json HTTP/1.1" 200 0
2026-07-08T06:01:27.122112538Z 2026-07-08 06:01:27,121 urllib3.connectionpool DEBUG http://10.0.0.150:19000 "PUT /forwin-artifacts/artifacts/projects/acde0ad10d544995b09e97a6f153f969/chapters/1/llm_traces/writer/arc_envelope_analysis/20260708T060127110954Z_45265c1b6f6e430081439e3b9f03280d_02_redacted_request.json HTTP/1.1" 200 0
2026-07-08T06:01:27.133908629Z 2026-07-08 06:01:27,133 urllib3.connectionpool DEBUG http://10.0.0.150:19000 "PUT /forwin-artifacts/artifacts/projects/acde0ad10d544995b09e97a6f153f969/chapters/1/llm_traces/writer/arc_envelope_analysis/20260708T060127122157Z_45265c1b6f6e430081439e3b9f03280d_02_error_response.json HTTP/1.1" 200 0
2026-07-08T06:01:27.150076739Z 2026-07-08 06:01:27,149 urllib3.connectionpool DEBUG http://10.0.0.150:19000 "PUT /forwin-artifacts/artifacts/projects/acde0ad10d544995b09e97a6f153f969/chapters/1/llm_traces/writer/scene_breakdown/20260708T060127134580Z_a3f4cabdcc414d6c8454d2189461686b_01_raw_prompt.json HTTP/1.1" 200 0
2026-07-08T06:01:27.168343607Z 2026-07-08 06:01:27,168 urllib3.connectionpool DEBUG http://10.0.0.150:19000 "PUT /forwin-artifacts/artifacts/projects/acde0ad10d544995b09e97a6f153f969/chapters/1/llm_traces/writer/scene_breakdown/20260708T060127150667Z_a3f4cabdcc414d6c8454d2189461686b_01_redacted_request.json HTTP/1.1" 200 0
2026-07-08T06:01:27.184634550Z 2026-07-08 06:01:27,184 urllib3.connectionpool DEBUG http://10.0.0.150:19000 "PUT /forwin-artifacts/artifacts/projects/acde0ad10d544995b09e97a6f153f969/chapters/1/llm_traces/writer/scene_breakdown/20260708T060127168313Z_a3f4cabdcc414d6c8454d2189461686b_01_raw_response.json HTTP/1.1" 200 0
2026-07-08T06:01:27.198560650Z 2026-07-08 06:01:27,198 urllib3.connectionpool DEBUG http://10.0.0.150:19000 "PUT /forwin-artifacts/artifacts/projects/acde0ad10d544995b09e97a6f153f969/chapters/1/llm_traces/writer/scene_breakdown/20260708T060127184936Z_a3f4cabdcc414d6c8454d2189461686b_02_raw_prompt.json HTTP/1.1" 200 0
2026-07-08T06:01:27.211060619Z 2026-07-08 06:01:27,210 urllib3.connectionpool DEBUG http://10.0.0.150:19000 "PUT /forwin-artifacts/artifacts/projects/acde0ad10d544995b09e97a6f153f969/chapters/1/llm_traces/writer/scene_breakdown/20260708T060127198919Z_a3f4cabdcc414d6c8454d2189461686b_02_redacted_request.json HTTP/1.1" 200 0
2026-07-08T06:01:27.223513421Z 2026-07-08 06:01:27,223 urllib3.connectionpool DEBUG http://10.0.0.150:19000 "PUT /forwin-artifacts/artifacts/projects/acde0ad10d544995b09e97a6f153f969/chapters/1/llm_traces/writer/scene_breakdown/20260708T060127211067Z_a3f4cabdcc414d6c8454d2189461686b_02_error_response.json HTTP/1.1" 200 0
2026-07-08T06:01:27.236551725Z 2026-07-08 06:01:27,236 urllib3.connectionpool DEBUG http://10.0.0.150:19000 "PUT /forwin-artifacts/artifacts/projects/acde0ad10d544995b09e97a6f153f969/chapters/1/llm_traces/writer/scene_breakdown/20260708T060127224014Z_a3f4cabdcc414d6c8454d2189461686b_01_raw_prompt.json HTTP/1.1" 200 0
2026-07-08T06:01:27.254597301Z 2026-07-08 06:01:27,254 urllib3.connectionpool DEBUG http://10.0.0.150:19000 "PUT /forwin-artifacts/artifacts/projects/acde0ad10d544995b09e97a6f153f969/chapters/1/llm_traces/writer/scene_breakdown/20260708T060127237169Z_a3f4cabdcc414d6c8454d2189461686b_01_redacted_request.json HTTP/1.1" 200 0
2026-07-08T06:01:27.267069853Z 2026-07-08 06:01:27,266 urllib3.connectionpool DEBUG http://10.0.0.150:19000 "PUT /forwin-artifacts/artifacts/projects/acde0ad10d544995b09e97a6f153f969/chapters/1/llm_traces/writer/scene_breakdown/20260708T060127254543Z_a3f4cabdcc414d6c8454d2189461686b_01_raw_response.json HTTP/1.1" 200 0
2026-07-08T06:01:27.287035062Z 2026-07-08 06:01:27,286 urllib3.connectionpool DEBUG http://10.0.0.150:19000 "PUT /forwin-artifacts/artifacts/projects/acde0ad10d544995b09e97a6f153f969/chapters/1/llm_traces/writer/scene_breakdown/20260708T060127267460Z_a3f4cabdcc414d6c8454d2189461686b_02_raw_prompt.json HTTP/1.1" 200 0
2026-07-08T06:01:27.312229792Z 2026-07-08 06:01:27,311 urllib3.connectionpool DEBUG http://10.0.0.150:19000 "PUT /forwin-artifacts/artifacts/projects/acde0ad10d544995b09e97a6f153f969/chapters/1/llm_traces/writer/scene_breakdown/20260708T060127287629Z_a3f4cabdcc414d6c8454d2189461686b_02_redacted_request.json HTTP/1.1" 200 0
2026-07-08T06:01:27.322930128Z 2026-07-08 06:01:27,322 urllib3.connectionpool DEBUG http://10.0.0.150:19000 "PUT /forwin-artifacts/artifacts/projects/acde0ad10d544995b09e97a6f153f969/chapters/1/llm_traces/writer/scene_breakdown/20260708T060127312190Z_a3f4cabdcc414d6c8454d2189461686b_02_error_response.json HTTP/1.1" 200 0
2026-07-08T06:01:27.338095359Z 2026-07-08 06:01:27,337 urllib3.connectionpool DEBUG http://10.0.0.150:19000 "PUT /forwin-artifacts/artifacts/projects/acde0ad10d544995b09e97a6f153f969/chapters/1/llm_traces/writer/scene_generation/20260708T060127323498Z_b7f24cace23841c78ee53e6af0d3c138_01_raw_prompt.json HTTP/1.1" 200 0
2026-07-08T06:01:27.350863829Z 2026-07-08 06:01:27,350 urllib3.connectionpool DEBUG http://10.0.0.150:19000 "PUT /forwin-artifacts/artifacts/projects/acde0ad10d544995b09e97a6f153f969/chapters/1/llm_traces/writer/scene_generation/20260708T060127338846Z_b7f24cace23841c78ee53e6af0d3c138_01_redacted_request.json HTTP/1.1" 200 0
2026-07-08T06:01:27.363259130Z 2026-07-08 06:01:27,362 urllib3.connectionpool DEBUG http://10.0.0.150:19000 "PUT /forwin-artifacts/artifacts/projects/acde0ad10d544995b09e97a6f153f969/chapters/1/llm_traces/writer/scene_generation/20260708T060127350824Z_b7f24cace23841c78ee53e6af0d3c138_01_raw_response.json HTTP/1.1" 200 0
2026-07-08T06:01:27.381434373Z 2026-07-08 06:01:27,381 urllib3.connectionpool DEBUG http://10.0.0.150:19000 "PUT /forwin-artifacts/artifacts/projects/acde0ad10d544995b09e97a6f153f969/chapters/1/llm_traces/writer/scene_generation/20260708T060127363745Z_b7f24cace23841c78ee53e6af0d3c138_02_raw_prompt.json HTTP/1.1" 200 0
2026-07-08T06:01:27.395152014Z 2026-07-08 06:01:27,394 urllib3.connectionpool DEBUG http://10.0.0.150:19000 "PUT /forwin-artifacts/artifacts/projects/acde0ad10d544995b09e97a6f153f969/chapters/1/llm_traces/writer/scene_generation/20260708T060127382116Z_b7f24cace23841c78ee53e6af0d3c138_02_redacted_request.json HTTP/1.1" 200 0
2026-07-08T06:01:27.411586208Z 2026-07-08 06:01:27,411 urllib3.connectionpool DEBUG http://10.0.0.150:19000 "PUT /forwin-artifacts/artifacts/projects/acde0ad10d544995b09e97a6f153f969/chapters/1/llm_traces/writer/scene_generation/20260708T060127395214Z_b7f24cace23841c78ee53e6af0d3c138_02_error_response.json HTTP/1.1" 200 0
2026-07-08T06:01:27.424335678Z 2026-07-08 06:01:27,423 urllib3.connectionpool DEBUG http://10.0.0.150:19000 "PUT /forwin-artifacts/artifacts/projects/acde0ad10d544995b09e97a6f153f969/chapters/1/llm_traces/writer/scene_generation/20260708T060127412099Z_b7f24cace23841c78ee53e6af0d3c138_01_raw_prompt.json HTTP/1.1" 200 0
2026-07-08T06:01:27.438319194Z 2026-07-08 06:01:27,438 urllib3.connectionpool DEBUG http://10.0.0.150:19000 "PUT /forwin-artifacts/artifacts/projects/acde0ad10d544995b09e97a6f153f969/chapters/1/llm_traces/writer/scene_generation/20260708T060127425039Z_b7f24cace23841c78ee53e6af0d3c138_01_redacted_request.json HTTP/1.1" 200 0
2026-07-08T06:01:27.453073798Z 2026-07-08 06:01:27,452 urllib3.connectionpool DEBUG http://10.0.0.150:19000 "PUT /forwin-artifacts/artifacts/projects/acde0ad10d544995b09e97a6f153f969/chapters/1/llm_traces/writer/scene_generation/20260708T060127438344Z_b7f24cace23841c78ee53e6af0d3c138_01_raw_response.json HTTP/1.1" 200 0
2026-07-08T06:01:27.464584388Z 2026-07-08 06:01:27,464 urllib3.connectionpool DEBUG http://10.0.0.150:19000 "PUT /forwin-artifacts/artifacts/projects/acde0ad10d544995b09e97a6f153f969/chapters/1/llm_traces/writer/scene_generation/20260708T060127453679Z_9b97b27d9d2f4993b83ca837678b6d94_01_raw_prompt.json HTTP/1.1" 200 0
2026-07-08T06:01:27.481519000Z 2026-07-08 06:01:27,481 urllib3.connectionpool DEBUG http://10.0.0.150:19000 "PUT /forwin-artifacts/artifacts/projects/acde0ad10d544995b09e97a6f153f969/chapters/1/llm_traces/writer/scene_generation/20260708T060127465229Z_9b97b27d9d2f4993b83ca837678b6d94_01_redacted_request.json HTTP/1.1" 200 0
2026-07-08T06:01:27.495366433Z 2026-07-08 06:01:27,495 urllib3.connectionpool DEBUG http://10.0.0.150:19000 "PUT /forwin-artifacts/artifacts/projects/acde0ad10d544995b09e97a6f153f969/chapters/1/llm_traces/writer/scene_generation/20260708T060127481485Z_9b97b27d9d2f4993b83ca837678b6d94_01_raw_response.json HTTP/1.1" 200 0
2026-07-08T06:01:27.518814739Z 2026-07-08 06:01:27,518 urllib3.connectionpool DEBUG http://10.0.0.150:19000 "PUT /forwin-artifacts/artifacts/projects/acde0ad10d544995b09e97a6f153f969/chapters/1/llm_traces/writer/scene_generation/20260708T060127495834Z_9b97b27d9d2f4993b83ca837678b6d94_02_raw_prompt.json HTTP/1.1" 200 0
2026-07-08T06:01:27.531491417Z 2026-07-08 06:01:27,531 urllib3.connectionpool DEBUG http://10.0.0.150:19000 "PUT /forwin-artifacts/artifacts/projects/acde0ad10d544995b09e97a6f153f969/chapters/1/llm_traces/writer/scene_generation/20260708T060127519448Z_9b97b27d9d2f4993b83ca837678b6d94_02_redacted_request.json HTTP/1.1" 200 0
2026-07-08T06:01:27.542820798Z 2026-07-08 06:01:27,542 urllib3.connectionpool DEBUG http://10.0.0.150:19000 "PUT /forwin-artifacts/artifacts/projects/acde0ad10d544995b09e97a6f153f969/chapters/1/llm_traces/writer/scene_generation/20260708T060127531439Z_9b97b27d9d2f4993b83ca837678b6d94_02_error_response.json HTTP/1.1" 200 0
2026-07-08T06:01:27.555426059Z 2026-07-08 06:01:27,555 urllib3.connectionpool DEBUG http://10.0.0.150:19000 "PUT /forwin-artifacts/artifacts/projects/acde0ad10d544995b09e97a6f153f969/chapters/1/llm_traces/writer/scene_generation/20260708T060127543361Z_9b97b27d9d2f4993b83ca837678b6d94_01_raw_prompt.json HTTP/1.1" 200 0
2026-07-08T06:01:27.567598194Z 2026-07-08 06:01:27,567 urllib3.connectionpool DEBUG http://10.0.0.150:19000 "PUT /forwin-artifacts/artifacts/projects/acde0ad10d544995b09e97a6f153f969/chapters/1/llm_traces/writer/scene_generation/20260708T060127556120Z_9b97b27d9d2f4993b83ca837678b6d94_01_redacted_request.json HTTP/1.1" 200 0
2026-07-08T06:01:27.583891845Z 2026-07-08 06:01:27,583 urllib3.connectionpool DEBUG http://10.0.0.150:19000 "PUT /forwin-artifacts/artifacts/projects/acde0ad10d544995b09e97a6f153f969/chapters/1/llm_traces/writer/scene_generation/20260708T060127567563Z_9b97b27d9d2f4993b83ca837678b6d94_01_raw_response.json HTTP/1.1" 200 0
2026-07-08T06:01:27.601797712Z 2026-07-08 06:01:27,601 urllib3.connectionpool DEBUG http://10.0.0.150:19000 "PUT /forwin-artifacts/artifacts/projects/acde0ad10d544995b09e97a6f153f969/chapters/1/llm_traces/writer/scene_generation/20260708T060127584447Z_c35481331cdf4c2f85b6b7a3f403a155_01_raw_prompt.json HTTP/1.1" 200 0
2026-07-08T06:01:27.614267472Z 2026-07-08 06:01:27,614 urllib3.connectionpool DEBUG http://10.0.0.150:19000 "PUT /forwin-artifacts/artifacts/projects/acde0ad10d544995b09e97a6f153f969/chapters/1/llm_traces/writer/scene_generation/20260708T060127602471Z_c35481331cdf4c2f85b6b7a3f403a155_01_redacted_request.json HTTP/1.1" 200 0
2026-07-08T06:01:27.625435852Z 2026-07-08 06:01:27,625 urllib3.connectionpool DEBUG http://10.0.0.150:19000 "PUT /forwin-artifacts/artifacts/projects/acde0ad10d544995b09e97a6f153f969/chapters/1/llm_traces/writer/scene_generation/20260708T060127614182Z_c35481331cdf4c2f85b6b7a3f403a155_01_raw_response.json HTTP/1.1" 200 0
2026-07-08T06:01:27.638077572Z 2026-07-08 06:01:27,637 urllib3.connectionpool DEBUG http://10.0.0.150:19000 "PUT /forwin-artifacts/artifacts/projects/acde0ad10d544995b09e97a6f153f969/chapters/1/llm_traces/writer/scene_generation/20260708T060127625762Z_c35481331cdf4c2f85b6b7a3f403a155_02_raw_prompt.json HTTP/1.1" 200 0
2026-07-08T06:01:27.651788879Z 2026-07-08 06:01:27,651 urllib3.connectionpool DEBUG http://10.0.0.150:19000 "PUT /forwin-artifacts/artifacts/projects/acde0ad10d544995b09e97a6f153f969/chapters/1/llm_traces/writer/scene_generation/20260708T060127638846Z_c35481331cdf4c2f85b6b7a3f403a155_02_redacted_request.json HTTP/1.1" 200 0
2026-07-08T06:01:27.666849984Z 2026-07-08 06:01:27,666 urllib3.connectionpool DEBUG http://10.0.0.150:19000 "PUT /forwin-artifacts/artifacts/projects/acde0ad10d544995b09e97a6f153f969/chapters/1/llm_traces/writer/scene_generation/20260708T060127651756Z_c35481331cdf4c2f85b6b7a3f403a155_02_error_response.json HTTP/1.1" 200 0
2026-07-08T06:01:27.683145094Z 2026-07-08 06:01:27,682 urllib3.connectionpool DEBUG http://10.0.0.150:19000 "PUT /forwin-artifacts/artifacts/projects/acde0ad10d544995b09e97a6f153f969/chapters/1/llm_traces/writer/scene_generation/20260708T060127667385Z_c35481331cdf4c2f85b6b7a3f403a155_01_raw_prompt.json HTTP/1.1" 200 0
2026-07-08T06:01:27.704408224Z 2026-07-08 06:01:27,704 urllib3.connectionpool DEBUG http://10.0.0.150:19000 "PUT /forwin-artifacts/artifacts/projects/acde0ad10d544995b09e97a6f153f969/chapters/1/llm_traces/writer/scene_generation/20260708T060127683858Z_c35481331cdf4c2f85b6b7a3f403a155_01_redacted_request.json HTTP/1.1" 200 0
2026-07-08T06:01:27.725756147Z 2026-07-08 06:01:27,725 urllib3.connectionpool DEBUG http://10.0.0.150:19000 "PUT /forwin-artifacts/artifacts/projects/acde0ad10d544995b09e97a6f153f969/chapters/1/llm_traces/writer/scene_generation/20260708T060127704417Z_c35481331cdf4c2f85b6b7a3f403a155_01_raw_response.json HTTP/1.1" 200 0
2026-07-08T06:01:27.746045357Z 2026-07-08 06:01:27,745 urllib3.connectionpool DEBUG http://10.0.0.150:19000 "PUT /forwin-artifacts/artifacts/projects/acde0ad10d544995b09e97a6f153f969/chapters/1/llm_traces/writer/scene_stitch/20260708T060127726548Z_4a8eada60f794317830a10a665ce7f96_01_raw_prompt.json HTTP/1.1" 200 0
2026-07-08T06:01:27.761614713Z 2026-07-08 06:01:27,761 urllib3.connectionpool DEBUG http://10.0.0.150:19000 "PUT /forwin-artifacts/artifacts/projects/acde0ad10d544995b09e97a6f153f969/chapters/1/llm_traces/writer/scene_stitch/20260708T060127747114Z_4a8eada60f794317830a10a665ce7f96_01_redacted_request.json HTTP/1.1" 200 0
2026-07-08T06:01:27.774629810Z 2026-07-08 06:01:27,774 urllib3.connectionpool DEBUG http://10.0.0.150:19000 "PUT /forwin-artifacts/artifacts/projects/acde0ad10d544995b09e97a6f153f969/chapters/1/llm_traces/writer/scene_stitch/20260708T060127761585Z_4a8eada60f794317830a10a665ce7f96_01_raw_response.json HTTP/1.1" 200 0
2026-07-08T06:01:27.803155387Z 2026-07-08 06:01:27,802 urllib3.connectionpool DEBUG http://10.0.0.150:19000 "PUT /forwin-artifacts/artifacts/projects/acde0ad10d544995b09e97a6f153f969/chapters/1/llm_traces/writer/scene_stitch/20260708T060127775230Z_4a8eada60f794317830a10a665ce7f96_02_raw_prompt.json HTTP/1.1" 200 0
2026-07-08T06:01:27.826672819Z 2026-07-08 06:01:27,826 urllib3.connectionpool DEBUG http://10.0.0.150:19000 "PUT /forwin-artifacts/artifacts/projects/acde0ad10d544995b09e97a6f153f969/chapters/1/llm_traces/writer/scene_stitch/20260708T060127803933Z_4a8eada60f794317830a10a665ce7f96_02_redacted_request.json HTTP/1.1" 200 0
2026-07-08T06:01:27.840023208Z 2026-07-08 06:01:27,839 urllib3.connectionpool DEBUG http://10.0.0.150:19000 "PUT /forwin-artifacts/artifacts/projects/acde0ad10d544995b09e97a6f153f969/chapters/1/llm_traces/writer/scene_stitch/20260708T060127826616Z_4a8eada60f794317830a10a665ce7f96_02_error_response.json HTTP/1.1" 200 0
2026-07-08T06:01:27.857418281Z 2026-07-08 06:01:27,857 urllib3.connectionpool DEBUG http://10.0.0.150:19000 "PUT /forwin-artifacts/artifacts/projects/acde0ad10d544995b09e97a6f153f969/chapters/1/llm_traces/writer/scene_stitch/20260708T060127840675Z_4a8eada60f794317830a10a665ce7f96_01_raw_prompt.json HTTP/1.1" 200 0
2026-07-08T06:01:27.871098963Z 2026-07-08 06:01:27,870 urllib3.connectionpool DEBUG http://10.0.0.150:19000 "PUT /forwin-artifacts/artifacts/projects/acde0ad10d544995b09e97a6f153f969/chapters/1/llm_traces/writer/scene_stitch/20260708T060127858426Z_4a8eada60f794317830a10a665ce7f96_01_redacted_request.json HTTP/1.1" 200 0
2026-07-08T06:01:27.887311114Z 2026-07-08 06:01:27,887 urllib3.connectionpool DEBUG http://10.0.0.150:19000 "PUT /forwin-artifacts/artifacts/projects/acde0ad10d544995b09e97a6f153f969/chapters/1/llm_traces/writer/scene_stitch/20260708T060127871131Z_4a8eada60f794317830a10a665ce7f96_01_raw_response.json HTTP/1.1" 200 0
2026-07-08T06:01:27.902926305Z 2026-07-08 06:01:27,902 urllib3.connectionpool DEBUG http://10.0.0.150:19000 "PUT /forwin-artifacts/artifacts/projects/acde0ad10d544995b09e97a6f153f969/chapters/1/llm_traces/writer/state_event_extraction/20260708T060127887883Z_c7e9160c3ab3407fab549df2ea0f15fe_01_raw_prompt.json HTTP/1.1" 200 0
2026-07-08T06:01:27.915551357Z 2026-07-08 06:01:27,915 urllib3.connectionpool DEBUG http://10.0.0.150:19000 "PUT /forwin-artifacts/artifacts/projects/acde0ad10d544995b09e97a6f153f969/chapters/1/llm_traces/writer/state_event_extraction/20260708T060127903392Z_c7e9160c3ab3407fab549df2ea0f15fe_01_redacted_request.json HTTP/1.1" 200 0
2026-07-08T06:01:27.928950538Z 2026-07-08 06:01:27,928 urllib3.connectionpool DEBUG http://10.0.0.150:19000 "PUT /forwin-artifacts/artifacts/projects/acde0ad10d544995b09e97a6f153f969/chapters/1/llm_traces/writer/state_event_extraction/20260708T060127915483Z_c7e9160c3ab3407fab549df2ea0f15fe_01_raw_response.json HTTP/1.1" 200 0
2026-07-08T06:01:27.940664337Z 2026-07-08 06:01:27,940 urllib3.connectionpool DEBUG http://10.0.0.150:19000 "PUT /forwin-artifacts/artifacts/projects/acde0ad10d544995b09e97a6f153f969/chapters/1/llm_traces/writer/state_event_extraction/20260708T060127929255Z_c7e9160c3ab3407fab549df2ea0f15fe_02_raw_prompt.json HTTP/1.1" 200 0
2026-07-08T06:01:27.952935555Z 2026-07-08 06:01:27,952 urllib3.connectionpool DEBUG http://10.0.0.150:19000 "PUT /forwin-artifacts/artifacts/projects/acde0ad10d544995b09e97a6f153f969/chapters/1/llm_traces/writer/state_event_extraction/20260708T060127940895Z_c7e9160c3ab3407fab549df2ea0f15fe_02_redacted_request.json HTTP/1.1" 200 0
2026-07-08T06:01:27.971355216Z 2026-07-08 06:01:27,971 urllib3.connectionpool DEBUG http://10.0.0.150:19000 "PUT /forwin-artifacts/artifacts/projects/acde0ad10d544995b09e97a6f153f969/chapters/1/llm_traces/writer/state_event_extraction/20260708T060127952885Z_c7e9160c3ab3407fab549df2ea0f15fe_02_error_response.json HTTP/1.1" 200 0
2026-07-08T06:01:28.002948390Z 2026-07-08 06:01:28,002 urllib3.connectionpool DEBUG http://10.0.0.150:19000 "PUT /forwin-artifacts/artifacts/projects/acde0ad10d544995b09e97a6f153f969/chapters/1/llm_traces/writer/state_event_extraction/20260708T060127971914Z_3fb1548eb8394fc7990da4bdb6e82d90_01_raw_prompt.json HTTP/1.1" 200 0
2026-07-08T06:01:28.024738689Z 2026-07-08 06:01:28,024 urllib3.connectionpool DEBUG http://10.0.0.150:19000 "PUT /forwin-artifacts/artifacts/projects/acde0ad10d544995b09e97a6f153f969/chapters/1/llm_traces/writer/state_event_extraction/20260708T060128003435Z_3fb1548eb8394fc7990da4bdb6e82d90_01_redacted_request.json HTTP/1.1" 200 0
2026-07-08T06:01:28.044455438Z 2026-07-08 06:01:28,044 urllib3.connectionpool DEBUG http://10.0.0.150:19000 "PUT /forwin-artifacts/artifacts/projects/acde0ad10d544995b09e97a6f153f969/chapters/1/llm_traces/writer/state_event_extraction/20260708T060128024661Z_3fb1548eb8394fc7990da4bdb6e82d90_01_raw_response.json HTTP/1.1" 200 0
2026-07-08T06:01:28.059266042Z 2026-07-08 06:01:28,058 urllib3.connectionpool DEBUG http://10.0.0.150:19000 "PUT /forwin-artifacts/artifacts/projects/acde0ad10d544995b09e97a6f153f969/chapters/1/llm_traces/writer/state_event_extraction/20260708T060128045014Z_3fb1548eb8394fc7990da4bdb6e82d90_02_raw_prompt.json HTTP/1.1" 200 0
2026-07-08T06:01:28.072388930Z 2026-07-08 06:01:28,072 urllib3.connectionpool DEBUG http://10.0.0.150:19000 "PUT /forwin-artifacts/artifacts/projects/acde0ad10d544995b09e97a6f153f969/chapters/1/llm_traces/writer/state_event_extraction/20260708T060128059564Z_3fb1548eb8394fc7990da4bdb6e82d90_02_redacted_request.json HTTP/1.1" 200 0
2026-07-08T06:01:28.093446310Z 2026-07-08 06:01:28,093 urllib3.connectionpool DEBUG http://10.0.0.150:19000 "PUT /forwin-artifacts/artifacts/projects/acde0ad10d544995b09e97a6f153f969/chapters/1/llm_traces/writer/state_event_extraction/20260708T060128072330Z_3fb1548eb8394fc7990da4bdb6e82d90_02_error_response.json HTTP/1.1" 200 0
2026-07-08T06:01:28.109757920Z 2026-07-08 06:01:28,109 urllib3.connectionpool DEBUG http://10.0.0.150:19000 "PUT /forwin-artifacts/artifacts/projects/acde0ad10d544995b09e97a6f153f969/chapters/1/llm_traces/writer/state_event_extraction/20260708T060128093864Z_f5ed2670e4114f6ab7b9eed6b3c173e2_01_raw_prompt.json HTTP/1.1" 200 0
2026-07-08T06:01:28.125329152Z 2026-07-08 06:01:28,124 urllib3.connectionpool DEBUG http://10.0.0.150:19000 "PUT /forwin-artifacts/artifacts/projects/acde0ad10d544995b09e97a6f153f969/chapters/1/llm_traces/writer/state_event_extraction/20260708T060128109965Z_f5ed2670e4114f6ab7b9eed6b3c173e2_01_redacted_request.json HTTP/1.1" 200 0
2026-07-08T06:01:28.138879708Z 2026-07-08 06:01:28,138 urllib3.connectionpool DEBUG http://10.0.0.150:19000 "PUT /forwin-artifacts/artifacts/projects/acde0ad10d544995b09e97a6f153f969/chapters/1/llm_traces/writer/state_event_extraction/20260708T060128125258Z_f5ed2670e4114f6ab7b9eed6b3c173e2_01_raw_response.json HTTP/1.1" 200 0
2026-07-08T06:01:28.149887796Z 2026-07-08 06:01:28,149 urllib3.connectionpool DEBUG http://10.0.0.150:19000 "PUT /forwin-artifacts/artifacts/projects/acde0ad10d544995b09e97a6f153f969/chapters/1/llm_traces/writer/state_event_extraction/20260708T060128139402Z_f5ed2670e4114f6ab7b9eed6b3c173e2_02_raw_prompt.json HTTP/1.1" 200 0
2026-07-08T06:01:28.175119068Z 2026-07-08 06:01:28,174 urllib3.connectionpool DEBUG http://10.0.0.150:19000 "PUT /forwin-artifacts/artifacts/projects/acde0ad10d544995b09e97a6f153f969/chapters/1/llm_traces/writer/state_event_extraction/20260708T060128150164Z_f5ed2670e4114f6ab7b9eed6b3c173e2_02_redacted_request.json HTTP/1.1" 200 0
2026-07-08T06:01:28.196278115Z 2026-07-08 06:01:28,196 urllib3.connectionpool DEBUG http://10.0.0.150:19000 "PUT /forwin-artifacts/artifacts/projects/acde0ad10d544995b09e97a6f153f969/chapters/1/llm_traces/writer/state_event_extraction/20260708T060128175139Z_f5ed2670e4114f6ab7b9eed6b3c173e2_02_error_response.json HTTP/1.1" 200 0
2026-07-08T06:01:28.213570313Z 2026-07-08 06:01:28,213 urllib3.connectionpool DEBUG http://10.0.0.150:19000 "PUT /forwin-artifacts/artifacts/projects/acde0ad10d544995b09e97a6f153f969/chapters/1/llm_traces/writer/state_event_extraction/20260708T060128196534Z_6bae086cab1e48318f2de24f1de35341_01_raw_prompt.json HTTP/1.1" 200 0
2026-07-08T06:01:28.229309087Z 2026-07-08 06:01:28,229 urllib3.connectionpool DEBUG http://10.0.0.150:19000 "PUT /forwin-artifacts/artifacts/projects/acde0ad10d544995b09e97a6f153f969/chapters/1/llm_traces/writer/state_event_extraction/20260708T060128213754Z_6bae086cab1e48318f2de24f1de35341_01_redacted_request.json HTTP/1.1" 200 0
2026-07-08T06:01:28.244767151Z 2026-07-08 06:01:28,244 urllib3.connectionpool DEBUG http://10.0.0.150:19000 "PUT /forwin-artifacts/artifacts/projects/acde0ad10d544995b09e97a6f153f969/chapters/1/llm_traces/writer/state_event_extraction/20260708T060128229323Z_6bae086cab1e48318f2de24f1de35341_01_raw_response.json HTTP/1.1" 200 0
2026-07-08T06:01:28.262010849Z 2026-07-08 06:01:28,261 urllib3.connectionpool DEBUG http://10.0.0.150:19000 "PUT /forwin-artifacts/artifacts/projects/acde0ad10d544995b09e97a6f153f969/chapters/1/llm_traces/writer/state_event_extraction/20260708T060128245252Z_6bae086cab1e48318f2de24f1de35341_02_raw_prompt.json HTTP/1.1" 200 0
2026-07-08T06:01:28.285163070Z 2026-07-08 06:01:28,284 urllib3.connectionpool DEBUG http://10.0.0.150:19000 "PUT /forwin-artifacts/artifacts/projects/acde0ad10d544995b09e97a6f153f969/chapters/1/llm_traces/writer/state_event_extraction/20260708T060128262285Z_6bae086cab1e48318f2de24f1de35341_02_redacted_request.json HTTP/1.1" 200 0
2026-07-08T06:01:28.374963988Z 2026-07-08 06:01:28,374 urllib3.connectionpool DEBUG http://10.0.0.150:19000 "PUT /forwin-artifacts/artifacts/projects/acde0ad10d544995b09e97a6f153f969/chapters/1/llm_traces/writer/state_event_extraction/20260708T060128285139Z_6bae086cab1e48318f2de24f1de35341_02_error_response.json HTTP/1.1" 200 0
2026-07-08T06:01:28.391034930Z 2026-07-08 06:01:28,390 urllib3.connectionpool DEBUG http://10.0.0.150:19000 "PUT /forwin-artifacts/artifacts/projects/acde0ad10d544995b09e97a6f153f969/chapters/1/llm_traces/writer/state_event_extraction/20260708T060128375491Z_313b21e39e28470fa4f1a7731b2b88d2_01_raw_prompt.json HTTP/1.1" 200 0
2026-07-08T06:01:28.406304036Z 2026-07-08 06:01:28,405 urllib3.connectionpool DEBUG http://10.0.0.150:19000 "PUT /forwin-artifacts/artifacts/projects/acde0ad10d544995b09e97a6f153f969/chapters/1/llm_traces/writer/state_event_extraction/20260708T060128391330Z_313b21e39e28470fa4f1a7731b2b88d2_01_redacted_request.json HTTP/1.1" 200 0
2026-07-08T06:01:28.432558187Z 2026-07-08 06:01:28,432 urllib3.connectionpool DEBUG http://10.0.0.150:19000 "PUT /forwin-artifacts/artifacts/projects/acde0ad10d544995b09e97a6f153f969/chapters/1/llm_traces/writer/state_event_extraction/20260708T060128406248Z_313b21e39e28470fa4f1a7731b2b88d2_01_raw_response.json HTTP/1.1" 200 0
2026-07-08T06:01:28.446440829Z 2026-07-08 06:01:28,445 urllib3.connectionpool DEBUG http://10.0.0.150:19000 "PUT /forwin-artifacts/artifacts/projects/acde0ad10d544995b09e97a6f153f969/chapters/1/llm_traces/writer/state_event_extraction/20260708T060128432897Z_313b21e39e28470fa4f1a7731b2b88d2_02_raw_prompt.json HTTP/1.1" 200 0
2026-07-08T06:01:28.457993794Z 2026-07-08 06:01:28,457 urllib3.connectionpool DEBUG http://10.0.0.150:19000 "PUT /forwin-artifacts/artifacts/projects/acde0ad10d544995b09e97a6f153f969/chapters/1/llm_traces/writer/state_event_extraction/20260708T060128446666Z_313b21e39e28470fa4f1a7731b2b88d2_02_redacted_request.json HTTP/1.1" 200 0
2026-07-08T06:01:28.470141303Z 2026-07-08 06:01:28,470 urllib3.connectionpool DEBUG http://10.0.0.150:19000 "PUT /forwin-artifacts/artifacts/projects/acde0ad10d544995b09e97a6f153f969/chapters/1/llm_traces/writer/state_event_extraction/20260708T060128457987Z_313b21e39e28470fa4f1a7731b2b88d2_02_error_response.json HTTP/1.1" 200 0
2026-07-08T06:01:28.482991440Z 2026-07-08 06:01:28,482 urllib3.connectionpool DEBUG http://10.0.0.150:19000 "PUT /forwin-artifacts/artifacts/projects/acde0ad10d544995b09e97a6f153f969/chapters/1/llm_traces/writer/thread_time_extraction/20260708T060128470332Z_5f01b72cea134b07aaeb3b1ebf514b2f_01_raw_prompt.json HTTP/1.1" 200 0
2026-07-08T06:01:28.496010703Z 2026-07-08 06:01:28,495 urllib3.connectionpool DEBUG http://10.0.0.150:19000 "PUT /forwin-artifacts/artifacts/projects/acde0ad10d544995b09e97a6f153f969/chapters/1/llm_traces/writer/thread_time_extraction/20260708T060128483212Z_5f01b72cea134b07aaeb3b1ebf514b2f_01_redacted_request.json HTTP/1.1" 200 0
2026-07-08T06:01:28.507348875Z 2026-07-08 06:01:28,507 urllib3.connectionpool DEBUG http://10.0.0.150:19000 "PUT /forwin-artifacts/artifacts/projects/acde0ad10d544995b09e97a6f153f969/chapters/1/llm_traces/writer/thread_time_extraction/20260708T060128495963Z_5f01b72cea134b07aaeb3b1ebf514b2f_01_raw_response.json HTTP/1.1" 200 0
2026-07-08T06:01:28.522013395Z 2026-07-08 06:01:28,521 urllib3.connectionpool DEBUG http://10.0.0.150:19000 "PUT /forwin-artifacts/artifacts/projects/acde0ad10d544995b09e97a6f153f969/chapters/1/llm_traces/writer/thread_time_extraction/20260708T060128507591Z_5f01b72cea134b07aaeb3b1ebf514b2f_02_raw_prompt.json HTTP/1.1" 200 0
2026-07-08T06:01:28.535197533Z 2026-07-08 06:01:28,535 urllib3.connectionpool DEBUG http://10.0.0.150:19000 "PUT /forwin-artifacts/artifacts/projects/acde0ad10d544995b09e97a6f153f969/chapters/1/llm_traces/writer/thread_time_extraction/20260708T060128522248Z_5f01b72cea134b07aaeb3b1ebf514b2f_02_redacted_request.json HTTP/1.1" 200 0
2026-07-08T06:01:28.549478968Z 2026-07-08 06:01:28,549 urllib3.connectionpool DEBUG http://10.0.0.150:19000 "PUT /forwin-artifacts/artifacts/projects/acde0ad10d544995b09e97a6f153f969/chapters/1/llm_traces/writer/thread_time_extraction/20260708T060128535178Z_5f01b72cea134b07aaeb3b1ebf514b2f_02_error_response.json HTTP/1.1" 200 0
2026-07-08T06:01:28.560696140Z 2026-07-08 06:01:28,560 urllib3.connectionpool DEBUG http://10.0.0.150:19000 "PUT /forwin-artifacts/artifacts/projects/acde0ad10d544995b09e97a6f153f969/chapters/1/llm_traces/writer/thread_time_extraction/20260708T060128549865Z_2fe2fbef9f304545a94a6f142f15b9f4_01_raw_prompt.json HTTP/1.1" 200 0
2026-07-08T06:01:28.583323901Z 2026-07-08 06:01:28,583 urllib3.connectionpool DEBUG http://10.0.0.150:19000 "PUT /forwin-artifacts/artifacts/projects/acde0ad10d544995b09e97a6f153f969/chapters/1/llm_traces/writer/thread_time_extraction/20260708T060128561146Z_2fe2fbef9f304545a94a6f142f15b9f4_01_redacted_request.json HTTP/1.1" 200 0
2026-07-08T06:01:28.602688274Z 2026-07-08 06:01:28,602 urllib3.connectionpool DEBUG http://10.0.0.150:19000 "PUT /forwin-artifacts/artifacts/projects/acde0ad10d544995b09e97a6f153f969/chapters/1/llm_traces/writer/thread_time_extraction/20260708T060128583286Z_2fe2fbef9f304545a94a6f142f15b9f4_01_raw_response.json HTTP/1.1" 200 0
2026-07-08T06:01:28.617478503Z 2026-07-08 06:01:28,617 urllib3.connectionpool DEBUG http://10.0.0.150:19000 "PUT /forwin-artifacts/artifacts/projects/acde0ad10d544995b09e97a6f153f969/chapters/1/llm_traces/writer/thread_time_extraction/20260708T060128603207Z_2fe2fbef9f304545a94a6f142f15b9f4_02_raw_prompt.json HTTP/1.1" 200 0
2026-07-08T06:01:28.631760937Z 2026-07-08 06:01:28,631 urllib3.connectionpool DEBUG http://10.0.0.150:19000 "PUT /forwin-artifacts/artifacts/projects/acde0ad10d544995b09e97a6f153f969/chapters/1/llm_traces/writer/thread_time_extraction/20260708T060128617841Z_2fe2fbef9f304545a94a6f142f15b9f4_02_redacted_request.json HTTP/1.1" 200 0
2026-07-08T06:01:28.645408453Z 2026-07-08 06:01:28,645 urllib3.connectionpool DEBUG http://10.0.0.150:19000 "PUT /forwin-artifacts/artifacts/projects/acde0ad10d544995b09e97a6f153f969/chapters/1/llm_traces/writer/thread_time_extraction/20260708T060128631715Z_2fe2fbef9f304545a94a6f142f15b9f4_02_error_response.json HTTP/1.1" 200 0
2026-07-08T06:01:28.661506103Z 2026-07-08 06:01:28,661 urllib3.connectionpool DEBUG http://10.0.0.150:19000 "PUT /forwin-artifacts/artifacts/projects/acde0ad10d544995b09e97a6f153f969/chapters/1/llm_traces/writer/thread_time_extraction/20260708T060128645806Z_da11f45c4ff54b039293626a63904cfc_01_raw_prompt.json HTTP/1.1" 200 0
2026-07-08T06:01:28.690681017Z 2026-07-08 06:01:28,690 urllib3.connectionpool DEBUG http://10.0.0.150:19000 "PUT /forwin-artifacts/artifacts/projects/acde0ad10d544995b09e97a6f153f969/chapters/1/llm_traces/writer/thread_time_extraction/20260708T060128661723Z_da11f45c4ff54b039293626a63904cfc_01_redacted_request.json HTTP/1.1" 200 0
2026-07-08T06:01:28.703540696Z 2026-07-08 06:01:28,703 urllib3.connectionpool DEBUG http://10.0.0.150:19000 "PUT /forwin-artifacts/artifacts/projects/acde0ad10d544995b09e97a6f153f969/chapters/1/llm_traces/writer/thread_time_extraction/20260708T060128690608Z_da11f45c4ff54b039293626a63904cfc_01_raw_response.json HTTP/1.1" 200 0
2026-07-08T06:01:28.719963681Z 2026-07-08 06:01:28,719 urllib3.connectionpool DEBUG http://10.0.0.150:19000 "PUT /forwin-artifacts/artifacts/projects/acde0ad10d544995b09e97a6f153f969/chapters/1/llm_traces/writer/thread_time_extraction/20260708T060128703935Z_da11f45c4ff54b039293626a63904cfc_02_raw_prompt.json HTTP/1.1" 200 0
2026-07-08T06:01:28.737048420Z 2026-07-08 06:01:28,736 urllib3.connectionpool DEBUG http://10.0.0.150:19000 "PUT /forwin-artifacts/artifacts/projects/acde0ad10d544995b09e97a6f153f969/chapters/1/llm_traces/writer/thread_time_extraction/20260708T060128720159Z_da11f45c4ff54b039293626a63904cfc_02_redacted_request.json HTTP/1.1" 200 0
2026-07-08T06:01:28.748895636Z 2026-07-08 06:01:28,748 urllib3.connectionpool DEBUG http://10.0.0.150:19000 "PUT /forwin-artifacts/artifacts/projects/acde0ad10d544995b09e97a6f153f969/chapters/1/llm_traces/writer/thread_time_extraction/20260708T060128736926Z_da11f45c4ff54b039293626a63904cfc_02_error_response.json HTTP/1.1" 200 0
2026-07-08T06:01:28.762073608Z 2026-07-08 06:01:28,761 urllib3.connectionpool DEBUG http://10.0.0.150:19000 "PUT /forwin-artifacts/artifacts/projects/acde0ad10d544995b09e97a6f153f969/chapters/1/llm_traces/writer/thread_time_extraction/20260708T060128749354Z_ee2273250e3a4d1f8cf39bf1c5f4de41_01_raw_prompt.json HTTP/1.1" 200 0
2026-07-08T06:01:28.776039374Z 2026-07-08 06:01:28,775 urllib3.connectionpool DEBUG http://10.0.0.150:19000 "PUT /forwin-artifacts/artifacts/projects/acde0ad10d544995b09e97a6f153f969/chapters/1/llm_traces/writer/thread_time_extraction/20260708T060128762297Z_ee2273250e3a4d1f8cf39bf1c5f4de41_01_redacted_request.json HTTP/1.1" 200 0
2026-07-08T06:01:28.791170979Z 2026-07-08 06:01:28,790 urllib3.connectionpool DEBUG http://10.0.0.150:19000 "PUT /forwin-artifacts/artifacts/projects/acde0ad10d544995b09e97a6f153f969/chapters/1/llm_traces/writer/thread_time_extraction/20260708T060128775933Z_ee2273250e3a4d1f8cf39bf1c5f4de41_01_raw_response.json HTTP/1.1" 200 0
2026-07-08T06:01:28.803704532Z 2026-07-08 06:01:28,803 urllib3.connectionpool DEBUG http://10.0.0.150:19000 "PUT /forwin-artifacts/artifacts/projects/acde0ad10d544995b09e97a6f153f969/chapters/1/llm_traces/writer/thread_time_extraction/20260708T060128791609Z_ee2273250e3a4d1f8cf39bf1c5f4de41_02_raw_prompt.json HTTP/1.1" 200 0
2026-07-08T06:01:28.825657082Z 2026-07-08 06:01:28,825 urllib3.connectionpool DEBUG http://10.0.0.150:19000 "PUT /forwin-artifacts/artifacts/projects/acde0ad10d544995b09e97a6f153f969/chapters/1/llm_traces/writer/thread_time_extraction/20260708T060128803889Z_ee2273250e3a4d1f8cf39bf1c5f4de41_02_redacted_request.json HTTP/1.1" 200 0
2026-07-08T06:01:28.836919004Z 2026-07-08 06:01:28,836 urllib3.connectionpool DEBUG http://10.0.0.150:19000 "PUT /forwin-artifacts/artifacts/projects/acde0ad10d544995b09e97a6f153f969/chapters/1/llm_traces/writer/thread_time_extraction/20260708T060128825634Z_ee2273250e3a4d1f8cf39bf1c5f4de41_02_error_response.json HTTP/1.1" 200 0
2026-07-08T06:01:28.849923559Z 2026-07-08 06:01:28,849 urllib3.connectionpool DEBUG http://10.0.0.150:19000 "PUT /forwin-artifacts/artifacts/projects/acde0ad10d544995b09e97a6f153f969/chapters/1/llm_traces/writer/thread_time_extraction/20260708T060128837423Z_bc8bc6e0ecd44b22aa674b7f329069e8_01_raw_prompt.json HTTP/1.1" 200 0
2026-07-08T06:01:28.861055480Z 2026-07-08 06:01:28,860 urllib3.connectionpool DEBUG http://10.0.0.150:19000 "PUT /forwin-artifacts/artifacts/projects/acde0ad10d544995b09e97a6f153f969/chapters/1/llm_traces/writer/thread_time_extraction/20260708T060128850216Z_bc8bc6e0ecd44b22aa674b7f329069e8_01_redacted_request.json HTTP/1.1" 200 0
2026-07-08T06:01:28.873937701Z 2026-07-08 06:01:28,873 urllib3.connectionpool DEBUG http://10.0.0.150:19000 "PUT /forwin-artifacts/artifacts/projects/acde0ad10d544995b09e97a6f153f969/chapters/1/llm_traces/writer/thread_time_extraction/20260708T060128861057Z_bc8bc6e0ecd44b22aa674b7f329069e8_01_raw_response.json HTTP/1.1" 200 0
2026-07-08T06:01:28.885052455Z 2026-07-08 06:01:28,884 urllib3.connectionpool DEBUG http://10.0.0.150:19000 "PUT /forwin-artifacts/artifacts/projects/acde0ad10d544995b09e97a6f153f969/chapters/1/llm_traces/writer/thread_time_extraction/20260708T060128874392Z_bc8bc6e0ecd44b22aa674b7f329069e8_02_raw_prompt.json HTTP/1.1" 200 0
2026-07-08T06:01:28.897604300Z 2026-07-08 06:01:28,897 urllib3.connectionpool DEBUG http://10.0.0.150:19000 "PUT /forwin-artifacts/artifacts/projects/acde0ad10d544995b09e97a6f153f969/chapters/1/llm_traces/writer/thread_time_extraction/20260708T060128885317Z_bc8bc6e0ecd44b22aa674b7f329069e8_02_redacted_request.json HTTP/1.1" 200 0
2026-07-08T06:01:28.910851522Z 2026-07-08 06:01:28,910 urllib3.connectionpool DEBUG http://10.0.0.150:19000 "PUT /forwin-artifacts/artifacts/projects/acde0ad10d544995b09e97a6f153f969/chapters/1/llm_traces/writer/thread_time_extraction/20260708T060128897520Z_bc8bc6e0ecd44b22aa674b7f329069e8_02_error_response.json HTTP/1.1" 200 0
2026-07-08T06:01:28.925614667Z 2026-07-08 06:01:28,925 urllib3.connectionpool DEBUG http://10.0.0.150:19000 "PUT /forwin-artifacts/artifacts/projects/acde0ad10d544995b09e97a6f153f969/chapters/1/llm_traces/writer/lore_timeline_notes_extraction/20260708T060128911405Z_e41bc1f5b31e459db95d4f97118c2e86_01_raw_prompt.json HTTP/1.1" 200 0
2026-07-08T06:01:28.940454229Z 2026-07-08 06:01:28,940 urllib3.connectionpool DEBUG http://10.0.0.150:19000 "PUT /forwin-artifacts/artifacts/projects/acde0ad10d544995b09e97a6f153f969/chapters/1/llm_traces/writer/lore_timeline_notes_extraction/20260708T060128925946Z_e41bc1f5b31e459db95d4f97118c2e86_01_redacted_request.json HTTP/1.1" 200 0
2026-07-08T06:01:28.952554363Z 2026-07-08 06:01:28,952 urllib3.connectionpool DEBUG http://10.0.0.150:19000 "PUT /forwin-artifacts/artifacts/projects/acde0ad10d544995b09e97a6f153f969/chapters/1/llm_traces/writer/lore_timeline_notes_extraction/20260708T060128940390Z_e41bc1f5b31e459db95d4f97118c2e86_01_raw_response.json HTTP/1.1" 200 0
2026-07-08T06:01:28.968417804Z 2026-07-08 06:01:28,968 urllib3.connectionpool DEBUG http://10.0.0.150:19000 "PUT /forwin-artifacts/artifacts/projects/acde0ad10d544995b09e97a6f153f969/chapters/1/llm_traces/writer/lore_timeline_notes_extraction/20260708T060128953108Z_e41bc1f5b31e459db95d4f97118c2e86_02_raw_prompt.json HTTP/1.1" 200 0
2026-07-08T06:01:28.984467496Z 2026-07-08 06:01:28,984 urllib3.connectionpool DEBUG http://10.0.0.150:19000 "PUT /forwin-artifacts/artifacts/projects/acde0ad10d544995b09e97a6f153f969/chapters/1/llm_traces/writer/lore_timeline_notes_extraction/20260708T060128968889Z_e41bc1f5b31e459db95d4f97118c2e86_02_redacted_request.json HTTP/1.1" 200 0
2026-07-08T06:01:28.997939261Z 2026-07-08 06:01:28,997 urllib3.connectionpool DEBUG http://10.0.0.150:19000 "PUT /forwin-artifacts/artifacts/projects/acde0ad10d544995b09e97a6f153f969/chapters/1/llm_traces/writer/lore_timeline_notes_extraction/20260708T060128984435Z_e41bc1f5b31e459db95d4f97118c2e86_02_error_response.json HTTP/1.1" 200 0
2026-07-08T06:01:29.011564027Z 2026-07-08 06:01:29,011 urllib3.connectionpool DEBUG http://10.0.0.150:19000 "PUT /forwin-artifacts/artifacts/projects/acde0ad10d544995b09e97a6f153f969/chapters/1/llm_traces/writer/lore_timeline_notes_extraction/20260708T060128998293Z_7c7407d344ce468e82ad4c1d93bae8f1_01_raw_prompt.json HTTP/1.1" 200 0
2026-07-08T06:01:29.029051475Z 2026-07-08 06:01:29,028 urllib3.connectionpool DEBUG http://10.0.0.150:19000 "PUT /forwin-artifacts/artifacts/projects/acde0ad10d544995b09e97a6f153f969/chapters/1/llm_traces/writer/lore_timeline_notes_extraction/20260708T060129012078Z_7c7407d344ce468e82ad4c1d93bae8f1_01_redacted_request.json HTTP/1.1" 200 0
2026-07-08T06:01:29.042026071Z 2026-07-08 06:01:29,041 urllib3.connectionpool DEBUG http://10.0.0.150:19000 "PUT /forwin-artifacts/artifacts/projects/acde0ad10d544995b09e97a6f153f969/chapters/1/llm_traces/writer/lore_timeline_notes_extraction/20260708T060129028955Z_7c7407d344ce468e82ad4c1d93bae8f1_01_raw_response.json HTTP/1.1" 200 0
2026-07-08T06:01:29.070875400Z 2026-07-08 06:01:29,070 urllib3.connectionpool DEBUG http://10.0.0.150:19000 "PUT /forwin-artifacts/artifacts/projects/acde0ad10d544995b09e97a6f153f969/chapters/1/llm_traces/writer/lore_timeline_notes_extraction/20260708T060129042616Z_7c7407d344ce468e82ad4c1d93bae8f1_02_raw_prompt.json HTTP/1.1" 200 0
2026-07-08T06:01:29.084610541Z 2026-07-08 06:01:29,084 urllib3.connectionpool DEBUG http://10.0.0.150:19000 "PUT /forwin-artifacts/artifacts/projects/acde0ad10d544995b09e97a6f153f969/chapters/1/llm_traces/writer/lore_timeline_notes_extraction/20260708T060129071397Z_7c7407d344ce468e82ad4c1d93bae8f1_02_redacted_request.json HTTP/1.1" 200 0
2026-07-08T06:01:29.096739300Z 2026-07-08 06:01:29,096 urllib3.connectionpool DEBUG http://10.0.0.150:19000 "PUT /forwin-artifacts/artifacts/projects/acde0ad10d544995b09e97a6f153f969/chapters/1/llm_traces/writer/lore_timeline_notes_extraction/20260708T060129084545Z_7c7407d344ce468e82ad4c1d93bae8f1_02_error_response.json HTTP/1.1" 200 0
2026-07-08T06:01:29.113610037Z 2026-07-08 06:01:29,113 urllib3.connectionpool DEBUG http://10.0.0.150:19000 "PUT /forwin-artifacts/artifacts/projects/acde0ad10d544995b09e97a6f153f969/chapters/1/llm_traces/writer/lore_timeline_notes_extraction/20260708T060129097202Z_4c686cf86caa464c8d770c7cec95bdcb_01_raw_prompt.json HTTP/1.1" 200 0
2026-07-08T06:01:29.137193719Z 2026-07-08 06:01:29,136 urllib3.connectionpool DEBUG http://10.0.0.150:19000 "PUT /forwin-artifacts/artifacts/projects/acde0ad10d544995b09e97a6f153f969/chapters/1/llm_traces/writer/lore_timeline_notes_extraction/20260708T060129113952Z_4c686cf86caa464c8d770c7cec95bdcb_01_redacted_request.json HTTP/1.1" 200 0
2026-07-08T06:01:29.151184028Z 2026-07-08 06:01:29,150 urllib3.connectionpool DEBUG http://10.0.0.150:19000 "PUT /forwin-artifacts/artifacts/projects/acde0ad10d544995b09e97a6f153f969/chapters/1/llm_traces/writer/lore_timeline_notes_extraction/20260708T060129137175Z_4c686cf86caa464c8d770c7cec95bdcb_01_raw_response.json HTTP/1.1" 200 0
2026-07-08T06:01:29.165816130Z 2026-07-08 06:01:29,165 urllib3.connectionpool DEBUG http://10.0.0.150:19000 "PUT /forwin-artifacts/artifacts/projects/acde0ad10d544995b09e97a6f153f969/chapters/1/llm_traces/writer/lore_timeline_notes_extraction/20260708T060129151752Z_4c686cf86caa464c8d770c7cec95bdcb_02_raw_prompt.json HTTP/1.1" 200 0
2026-07-08T06:01:29.177406346Z 2026-07-08 06:01:29,177 urllib3.connectionpool DEBUG http://10.0.0.150:19000 "PUT /forwin-artifacts/artifacts/projects/acde0ad10d544995b09e97a6f153f969/chapters/1/llm_traces/writer/lore_timeline_notes_extraction/20260708T060129166198Z_4c686cf86caa464c8d770c7cec95bdcb_02_redacted_request.json HTTP/1.1" 200 0
2026-07-08T06:01:29.195213253Z 2026-07-08 06:01:29,195 urllib3.connectionpool DEBUG http://10.0.0.150:19000 "PUT /forwin-artifacts/artifacts/projects/acde0ad10d544995b09e97a6f153f969/chapters/1/llm_traces/writer/lore_timeline_notes_extraction/20260708T060129177361Z_4c686cf86caa464c8d770c7cec95bdcb_02_error_response.json HTTP/1.1" 200 0
2026-07-08T06:01:29.209548438Z 2026-07-08 06:01:29,209 urllib3.connectionpool DEBUG http://10.0.0.150:19000 "PUT /forwin-artifacts/artifacts/projects/acde0ad10d544995b09e97a6f153f969/chapters/1/llm_traces/writer/lore_timeline_notes_extraction/20260708T060129195457Z_c011e3f65bf54b83a84259b253dd8946_01_raw_prompt.json HTTP/1.1" 200 0
2026-07-08T06:01:29.225805215Z 2026-07-08 06:01:29,225 urllib3.connectionpool DEBUG http://10.0.0.150:19000 "PUT /forwin-artifacts/artifacts/projects/acde0ad10d544995b09e97a6f153f969/chapters/1/llm_traces/writer/lore_timeline_notes_extraction/20260708T060129209883Z_c011e3f65bf54b83a84259b253dd8946_01_redacted_request.json HTTP/1.1" 200 0
2026-07-08T06:01:29.238406268Z 2026-07-08 06:01:29,238 urllib3.connectionpool DEBUG http://10.0.0.150:19000 "PUT /forwin-artifacts/artifacts/projects/acde0ad10d544995b09e97a6f153f969/chapters/1/llm_traces/writer/lore_timeline_notes_extraction/20260708T060129225734Z_c011e3f65bf54b83a84259b253dd8946_01_raw_response.json HTTP/1.1" 200 0
2026-07-08T06:01:29.253158079Z 2026-07-08 06:01:29,252 urllib3.connectionpool DEBUG http://10.0.0.150:19000 "PUT /forwin-artifacts/artifacts/projects/acde0ad10d544995b09e97a6f153f969/chapters/1/llm_traces/writer/lore_timeline_notes_extraction/20260708T060129238862Z_c011e3f65bf54b83a84259b253dd8946_02_raw_prompt.json HTTP/1.1" 200 0
2026-07-08T06:01:29.266920470Z 2026-07-08 06:01:29,266 urllib3.connectionpool DEBUG http://10.0.0.150:19000 "PUT /forwin-artifacts/artifacts/projects/acde0ad10d544995b09e97a6f153f969/chapters/1/llm_traces/writer/lore_timeline_notes_extraction/20260708T060129253505Z_c011e3f65bf54b83a84259b253dd8946_02_redacted_request.json HTTP/1.1" 200 0
2026-07-08T06:01:29.280691153Z 2026-07-08 06:01:29,280 urllib3.connectionpool DEBUG http://10.0.0.150:19000 "PUT /forwin-artifacts/artifacts/projects/acde0ad10d544995b09e97a6f153f969/chapters/1/llm_traces/writer/lore_timeline_notes_extraction/20260708T060129266857Z_c011e3f65bf54b83a84259b253dd8946_02_error_response.json HTTP/1.1" 200 0
2026-07-08T06:01:29.297712224Z 2026-07-08 06:01:29,297 urllib3.connectionpool DEBUG http://10.0.0.150:19000 "PUT /forwin-artifacts/artifacts/projects/acde0ad10d544995b09e97a6f153f969/chapters/1/llm_traces/writer/lore_timeline_notes_extraction/20260708T060129281323Z_aa36be89d87647e298f4329d0a57375b_01_raw_prompt.json HTTP/1.1" 200 0
2026-07-08T06:01:29.315622591Z 2026-07-08 06:01:29,315 urllib3.connectionpool DEBUG http://10.0.0.150:19000 "PUT /forwin-artifacts/artifacts/projects/acde0ad10d544995b09e97a6f153f969/chapters/1/llm_traces/writer/lore_timeline_notes_extraction/20260708T060129298065Z_aa36be89d87647e298f4329d0a57375b_01_redacted_request.json HTTP/1.1" 200 0
2026-07-08T06:01:29.329459815Z 2026-07-08 06:01:29,329 urllib3.connectionpool DEBUG http://10.0.0.150:19000 "PUT /forwin-artifacts/artifacts/projects/acde0ad10d544995b09e97a6f153f969/chapters/1/llm_traces/writer/lore_timeline_notes_extraction/20260708T060129315567Z_aa36be89d87647e298f4329d0a57375b_01_raw_response.json HTTP/1.1" 200 0
2026-07-08T06:01:29.342771579Z 2026-07-08 06:01:29,342 urllib3.connectionpool DEBUG http://10.0.0.150:19000 "PUT /forwin-artifacts/artifacts/projects/acde0ad10d544995b09e97a6f153f969/chapters/1/llm_traces/writer/lore_timeline_notes_extraction/20260708T060129329910Z_aa36be89d87647e298f4329d0a57375b_02_raw_prompt.json HTTP/1.1" 200 0
2026-07-08T06:01:29.355498591Z 2026-07-08 06:01:29,355 urllib3.connectionpool DEBUG http://10.0.0.150:19000 "PUT /forwin-artifacts/artifacts/projects/acde0ad10d544995b09e97a6f153f969/chapters/1/llm_traces/writer/lore_timeline_notes_extraction/20260708T060129343016Z_aa36be89d87647e298f4329d0a57375b_02_redacted_request.json HTTP/1.1" 200 0
2026-07-08T06:01:29.366678429Z 2026-07-08 06:01:29,366 urllib3.connectionpool DEBUG http://10.0.0.150:19000 "PUT /forwin-artifacts/artifacts/projects/acde0ad10d544995b09e97a6f153f969/chapters/1/llm_traces/writer/lore_timeline_notes_extraction/20260708T060129355439Z_aa36be89d87647e298f4329d0a57375b_02_error_response.json HTTP/1.1" 200 0
2026-07-08T06:01:34.215611736Z 2026-07-08 06:01:34,215 httpcore.connection DEBUG connect_tcp.started host='10.0.0.150' port=8895 local_address=None timeout=10.0 socket_options=None
2026-07-08T06:01:34.225564195Z 2026-07-08 06:01:34,225 httpcore.connection DEBUG connect_tcp.failed exception=ConnectError(ConnectionRefusedError(111, 'Connection refused'))
2026-07-08T06:01:34.225885155Z 2026-07-08 06:01:34,225 forwin.writer.llm.adapter DEBUG LLMClient.chat attempt=1/2 model=kimi-k2.5 messages=4 max_tokens=3000
2026-07-08T06:01:34.226997326Z 2026-07-08 06:01:34,226 httpcore.connection DEBUG close.started
2026-07-08T06:01:34.227341244Z 2026-07-08 06:01:34,227 httpcore.connection DEBUG close.complete
2026-07-08T06:01:34.227352369Z 2026-07-08 06:01:34,227 httpcore.connection DEBUG connect_tcp.started host='api.moonshot.cn' port=443 local_address=None timeout=10.0 socket_options=None
2026-07-08T06:01:34.496847873Z 2026-07-08 06:01:34,496 httpcore.connection DEBUG connect_tcp.complete return_value=<httpcore._backends.sync.SyncStream object at 0xeb97196edc70>
2026-07-08T06:01:34.496922290Z 2026-07-08 06:01:34,496 httpcore.connection DEBUG start_tls.started ssl_context=<ssl.SSLContext object at 0xeb972c94bd90> server_hostname='api.moonshot.cn' timeout=10.0
2026-07-08T06:01:36.105872868Z 2026-07-08 06:01:36,105 httpcore.connection DEBUG start_tls.complete return_value=<httpcore._backends.sync.SyncStream object at 0xeb971975f750>
2026-07-08T06:01:36.106036327Z 2026-07-08 06:01:36,105 httpcore.http11 DEBUG send_request_headers.started request=<Request [b'POST']>
2026-07-08T06:01:36.106713039Z 2026-07-08 06:01:36,106 httpcore.http11 DEBUG send_request_headers.complete
2026-07-08T06:01:36.106736372Z 2026-07-08 06:01:36,106 httpcore.http11 DEBUG send_request_body.started request=<Request [b'POST']>
2026-07-08T06:01:36.107306124Z 2026-07-08 06:01:36,107 httpcore.http11 DEBUG send_request_body.complete
2026-07-08T06:01:36.107841918Z 2026-07-08 06:01:36,107 httpcore.http11 DEBUG receive_response_headers.started request=<Request [b'POST']>
2026-07-08T06:01:38.064310249Z 2026-07-08 06:01:38,063 httpcore.http11 DEBUG receive_response_headers.complete return_value=(b'HTTP/1.1', 429, b'Too Many Requests', [(b'Date', b'Wed, 08 Jul 2026 06:01:37 GMT'), (b'Content-Type', b'application/json; charset=utf-8'), (b'Content-Length', b'257'), (b'Connection', b'keep-alive'), (b'Msh-Gid', b'enterprise-tier-2'), (b'Msh-Org-Id', b'org-4783af77d82146eb9cdb963ca303699f'), (b'Msh-Project-Id', b'proj-b38ca7c5b03d4098a2e2d407f387adc1'), (b'Msh-Request-Id', b'7b68d4ce-7a92-11f1-b92f-76d803e766c4'), (b'Msh-Trace-Mode', b'on'), (b'Msh-Uid', b'd79a43tqip65nogbrrkg'), (b'Vary', b'Origin'), (b'Strict-Transport-Security', b'max-age=31536000; includeSubDomains')])
2026-07-08T06:01:38.064719292Z 2026-07-08 06:01:38,064 httpx INFO HTTP Request: POST https://api.moonshot.cn/v1/chat/completions "HTTP/1.1 429 Too Many Requests"
2026-07-08T06:01:38.064873001Z 2026-07-08 06:01:38,064 httpcore.http11 DEBUG receive_response_body.started request=<Request [b'POST']>
2026-07-08T06:01:38.064904209Z 2026-07-08 06:01:38,064 httpcore.http11 DEBUG receive_response_body.complete
2026-07-08T06:01:38.065005668Z 2026-07-08 06:01:38,064 httpcore.http11 DEBUG response_closed.started
2026-07-08T06:01:38.065094543Z 2026-07-08 06:01:38,065 httpcore.http11 DEBUG response_closed.complete
2026-07-08T06:01:38.066373591Z 2026-07-08 06:01:38,066 forwin.writer.llm.adapter WARNING Transient LLM HTTP status 429. Waiting 2.0 s before retry 2/2.
2026-07-08T06:01:40.067448321Z 2026-07-08 06:01:40,066 forwin.writer.llm.adapter DEBUG LLMClient.chat attempt=2/2 model=kimi-k2.5 messages=4 max_tokens=3000
2026-07-08T06:01:40.069798872Z 2026-07-08 06:01:40,069 httpcore.http11 DEBUG send_request_headers.started request=<Request [b'POST']>
2026-07-08T06:01:40.070449375Z 2026-07-08 06:01:40,070 httpcore.http11 DEBUG send_request_headers.complete
2026-07-08T06:01:40.070465958Z 2026-07-08 06:01:40,070 httpcore.http11 DEBUG send_request_body.started request=<Request [b'POST']>
2026-07-08T06:01:40.071144336Z 2026-07-08 06:01:40,070 httpcore.http11 DEBUG send_request_body.complete
2026-07-08T06:01:40.071304795Z 2026-07-08 06:01:40,071 httpcore.http11 DEBUG receive_response_headers.started request=<Request [b'POST']>
2026-07-08T06:01:42.210306068Z 2026-07-08 06:01:42,210 httpcore.http11 DEBUG receive_response_headers.complete return_value=(b'HTTP/1.1', 429, b'Too Many Requests', [(b'Date', b'Wed, 08 Jul 2026 06:01:42 GMT'), (b'Content-Type', b'application/json; charset=utf-8'), (b'Content-Length', b'257'), (b'Connection', b'keep-alive'), (b'Msh-Gid', b'enterprise-tier-2'), (b'Msh-Org-Id', b'org-4783af77d82146eb9cdb963ca303699f'), (b'Msh-Project-Id', b'proj-b38ca7c5b03d4098a2e2d407f387adc1'), (b'Msh-Request-Id', b'7de20e4f-7a92-11f1-aa3f-cea4ee74aa02'), (b'Msh-Trace-Mode', b'on'), (b'Msh-Uid', b'd79a43tqip65nogbrrkg'), (b'Vary', b'Origin'), (b'Strict-Transport-Security', b'max-age=31536000; includeSubDomains')])
2026-07-08T06:01:42.210415943Z 2026-07-08 06:01:42,210 httpx INFO HTTP Request: POST https://api.moonshot.cn/v1/chat/completions "HTTP/1.1 429 Too Many Requests"
2026-07-08T06:01:42.210459943Z 2026-07-08 06:01:42,210 httpcore.http11 DEBUG receive_response_body.started request=<Request [b'POST']>
2026-07-08T06:01:42.210481152Z 2026-07-08 06:01:42,210 httpcore.http11 DEBUG receive_response_body.complete
2026-07-08T06:01:42.210524569Z 2026-07-08 06:01:42,210 httpcore.http11 DEBUG response_closed.started
2026-07-08T06:01:42.210527194Z 2026-07-08 06:01:42,210 httpcore.http11 DEBUG response_closed.complete
2026-07-08T06:01:42.211081113Z 2026-07-08 06:01:42,211 forwin.writer.llm.adapter WARNING LLM profile fallback: kimi-k2.5 (https://api.moonshot.cn/v1) -> MiniMax-M2.7 (https://api.minimaxi.com/v1) after retries failed: Client error '429 Too Many Requests' for url 'https://api.moonshot.cn/v1/chat/completions'
2026-07-08T06:01:42.211085696Z For more information check: https://developer.mozilla.org/en-US/docs/Web/HTTP/Status/429
2026-07-08T06:01:42.211118488Z 2026-07-08 06:01:42,211 forwin.writer.llm.adapter DEBUG LLMClient.chat attempt=1/2 model=MiniMax-M2.7 messages=4 max_tokens=2048
2026-07-08T06:01:42.211613573Z 2026-07-08 06:01:42,211 httpcore.connection DEBUG connect_tcp.started host='api.minimaxi.com' port=443 local_address=None timeout=10.0 socket_options=None
2026-07-08T06:01:42.632050381Z 2026-07-08 06:01:42,631 httpcore.connection DEBUG connect_tcp.complete return_value=<httpcore._backends.sync.SyncStream object at 0xeb97197986e0>
2026-07-08T06:01:42.632103756Z 2026-07-08 06:01:42,631 httpcore.connection DEBUG start_tls.started ssl_context=<ssl.SSLContext object at 0xeb972c94bd90> server_hostname='api.minimaxi.com' timeout=10.0
2026-07-08T06:01:43.068296088Z 2026-07-08 06:01:43,067 httpcore.connection DEBUG start_tls.complete return_value=<httpcore._backends.sync.SyncStream object at 0xeb9719798f50>
2026-07-08T06:01:43.068374255Z 2026-07-08 06:01:43,068 httpcore.http11 DEBUG send_request_headers.started request=<Request [b'POST']>
2026-07-08T06:01:43.069040591Z 2026-07-08 06:01:43,068 httpcore.http11 DEBUG send_request_headers.complete
2026-07-08T06:01:43.069074716Z 2026-07-08 06:01:43,068 httpcore.http11 DEBUG send_request_body.started request=<Request [b'POST']>
2026-07-08T06:01:43.069951012Z 2026-07-08 06:01:43,069 httpcore.http11 DEBUG send_request_body.complete
2026-07-08T06:01:43.070091304Z 2026-07-08 06:01:43,069 httpcore.http11 DEBUG receive_response_headers.started request=<Request [b'POST']>
2026-07-08T06:01:43.741251540Z 2026-07-08 06:01:43,740 httpcore.http11 DEBUG receive_response_headers.complete return_value=(b'HTTP/1.1', 429, b'Too Many Requests', [(b'Date', b'Wed, 08 Jul 2026 06:01:43 GMT'), (b'Content-Type', b'application/json; charset=utf-8'), (b'Content-Length', b'232'), (b'Connection', b'keep-alive'), (b'Trace-Id', b'069d1ac7b4ab2cd4c7fb81c491ef450f'), (b'X-Session-Id', b'1372e581bc0365e78f022f4ec8d2fcf0'), (b'X-Mm-Request-Id', b'2024653756481675725_1783490503526fs8'), (b'Minimax-Request-Id', b'0daa86f79e4feb1a33ddaddc308654c5'), (b'alb_receive_time', b'1783490503.204'), (b'alb_request_id', b'7bf0db4decd4c70260fbd512a880bdd5d12907f2')])
2026-07-08T06:01:43.741747792Z 2026-07-08 06:01:43,741 httpx INFO HTTP Request: POST https://api.minimaxi.com/v1/chat/completions "HTTP/1.1 429 Too Many Requests"
2026-07-08T06:01:43.741858126Z 2026-07-08 06:01:43,741 httpcore.http11 DEBUG receive_response_body.started request=<Request [b'POST']>
2026-07-08T06:01:43.742094794Z 2026-07-08 06:01:43,741 httpcore.http11 DEBUG receive_response_body.complete
2026-07-08T06:01:43.742222086Z 2026-07-08 06:01:43,742 httpcore.http11 DEBUG response_closed.started
2026-07-08T06:01:43.742234169Z 2026-07-08 06:01:43,742 httpcore.http11 DEBUG response_closed.complete
2026-07-08T06:01:43.744305886Z 2026-07-08 06:01:43,744 forwin.writer.llm.adapter WARNING Transient LLM HTTP status 429. Waiting 2.0 s before retry 2/2.
2026-07-08T06:01:45.750733735Z 2026-07-08 06:01:45,750 forwin.writer.llm.adapter DEBUG LLMClient.chat attempt=2/2 model=MiniMax-M2.7 messages=4 max_tokens=2048
2026-07-08T06:01:45.752874494Z 2026-07-08 06:01:45,752 httpcore.http11 DEBUG send_request_headers.started request=<Request [b'POST']>
2026-07-08T06:01:45.753404205Z 2026-07-08 06:01:45,753 httpcore.http11 DEBUG send_request_headers.complete
2026-07-08T06:01:45.753423663Z 2026-07-08 06:01:45,753 httpcore.http11 DEBUG send_request_body.started request=<Request [b'POST']>
2026-07-08T06:01:45.753709206Z 2026-07-08 06:01:45,753 httpcore.http11 DEBUG send_request_body.complete
2026-07-08T06:01:45.753728248Z 2026-07-08 06:01:45,753 httpcore.http11 DEBUG receive_response_headers.started request=<Request [b'POST']>
2026-07-08T06:01:46.322675514Z 2026-07-08 06:01:46,322 httpcore.http11 DEBUG receive_response_headers.complete return_value=(b'HTTP/1.1', 429, b'Too Many Requests', [(b'Date', b'Wed, 08 Jul 2026 06:01:46 GMT'), (b'Content-Type', b'application/json; charset=utf-8'), (b'Content-Length', b'232'), (b'Connection', b'keep-alive'), (b'Trace-Id', b'069d1aca53c87a38d7a8c3043c9068a5'), (b'X-Session-Id', b'1372e581bc0365e78f022f4ec8d2fcf0'), (b'X-Mm-Request-Id', b'2024653756481675725_1783490506p70jsc'), (b'Minimax-Request-Id', b'33d23cebc7b20f2b8a35e1d679e37da0'), (b'alb_receive_time', b'1783490505.89'), (b'alb_request_id', b'e5c0d87fed88b8b73cfcdba82d95a054f414be3e')])
2026-07-08T06:01:46.323203017Z 2026-07-08 06:01:46,322 httpx INFO HTTP Request: POST https://api.minimaxi.com/v1/chat/completions "HTTP/1.1 429 Too Many Requests"
2026-07-08T06:01:46.323370642Z 2026-07-08 06:01:46,323 httpcore.http11 DEBUG receive_response_body.started request=<Request [b'POST']>
2026-07-08T06:01:46.323585810Z 2026-07-08 06:01:46,323 httpcore.http11 DEBUG receive_response_body.complete
2026-07-08T06:01:46.323596685Z 2026-07-08 06:01:46,323 httpcore.http11 DEBUG response_closed.started
2026-07-08T06:01:46.323795727Z 2026-07-08 06:01:46,323 httpcore.http11 DEBUG response_closed.complete
2026-07-08T06:01:46.544263529Z 2026-07-08 06:01:46,543 urllib3.connectionpool DEBUG http://10.0.0.150:19000 "PUT /forwin-artifacts/artifacts/projects/acde0ad10d544995b09e97a6f153f969/chapters/1/drafts/v20260708T060146499791Z.txt HTTP/1.1" 200 0
2026-07-08T06:01:46.558434756Z 2026-07-08 06:01:46,558 urllib3.connectionpool DEBUG http://10.0.0.150:19000 "PUT /forwin-artifacts/artifacts/projects/acde0ad10d544995b09e97a6f153f969/chapters/1/scenes/scene_01_v20260708T060146499791Z.txt HTTP/1.1" 200 0
2026-07-08T06:01:46.570536723Z 2026-07-08 06:01:46,570 urllib3.connectionpool DEBUG http://10.0.0.150:19000 "PUT /forwin-artifacts/artifacts/projects/acde0ad10d544995b09e97a6f153f969/chapters/1/scenes/scene_02_v20260708T060146499791Z.txt HTTP/1.1" 200 0
2026-07-08T06:01:46.582821608Z 2026-07-08 06:01:46,582 urllib3.connectionpool DEBUG http://10.0.0.150:19000 "PUT /forwin-artifacts/artifacts/projects/acde0ad10d544995b09e97a6f153f969/chapters/1/scenes/scene_03_v20260708T060146499791Z.txt HTTP/1.1" 200 0
2026-07-08T06:01:46.700699854Z 2026-07-08 06:01:46,700 urllib3.connectionpool DEBUG http://10.0.0.150:19000 "PUT /forwin-artifacts/artifacts/projects/acde0ad10d544995b09e97a6f153f969/chapters/1/raw/writer_output_v20260708T060146499791Z.json HTTP/1.1" 200 0
2026-07-08T06:01:47.592059769Z 2026-07-08 06:01:47,591 forwin.observability.recorder INFO observability_event event_type=task_operation_succeeded project_id=acde0ad10d544995b09e97a6f153f969 task_id=f80f939a4427 chapter=0
2026-07-08T06:01:48.119770697Z 2026-07-08 06:01:48,119 forwin.observability.recorder INFO observability_event event_type=task_cleanup_started project_id=acde0ad10d544995b09e97a6f153f969 task_id=f80f939a4427 chapter=0
2026-07-08T06:01:48.131932081Z 2026-07-08 06:01:48,131 httpcore.connection DEBUG close.started
2026-07-08T06:01:48.132547459Z 2026-07-08 06:01:48,132 httpcore.connection DEBUG close.complete
2026-07-08T06:01:48.132606376Z 2026-07-08 06:01:48,132 httpcore.connection DEBUG close.started
2026-07-08T06:01:48.132628376Z 2026-07-08 06:01:48,132 httpcore.connection DEBUG close.complete
2026-07-08T06:01:48.287023442Z 2026-07-08 06:01:48,286 forwin.observability.recorder INFO observability_event event_type=task_cleanup_finished project_id=acde0ad10d544995b09e97a6f153f969 task_id=f80f939a4427 chapter=0
2026-07-08T06:01:48.481681052Z 2026-07-08 06:01:48,481 forwin.observability.sinks INFO observability_event event_type=generation_worker_heartbeat_failed project_id=acde0ad10d544995b09e97a6f153f969 task_id=f80f939a4427 chapter=0
2026-07-08T06:01:48.481736303Z 2026-07-08 06:01:48,481 forwin.generation.worker_cli INFO Generation worker executed task f80f939a4427 project_id=acde0ad10d544995b09e97a6f153f969 resume_from_chapter=1
2026-07-08T06:01:48.573011062Z 2026-07-08 06:01:48,572 forwin.observability.sinks INFO observability_event event_type=generation_worker_claimed project_id=acde0ad10d544995b09e97a6f153f969 task_id=a217a5bc8d4b chapter=0
2026-07-08T06:01:56.261129936Z 2026-07-08 06:01:56,260 forwin.runtime.container INFO retention_cleanup_completed performance_spans=0 prompt_traces=0 candidate_drafts=0
2026-07-08T06:01:56.274550493Z 2026-07-08 06:01:56,274 urllib3.connectionpool DEBUG Starting new HTTP connection (1): 10.0.0.150:19000
2026-07-08T06:01:56.293495198Z 2026-07-08 06:01:56,293 urllib3.connectionpool DEBUG http://10.0.0.150:19000 "GET /forwin-artifacts?location= HTTP/1.1" 200 0
2026-07-08T06:01:56.300741603Z 2026-07-08 06:01:56,300 urllib3.connectionpool DEBUG http://10.0.0.150:19000 "HEAD /forwin-artifacts HTTP/1.1" 200 0
2026-07-08T06:01:56.307179922Z 2026-07-08 06:01:56,307 httpcore.connection DEBUG connect_tcp.started host='10.0.0.150' port=8080 local_address=None timeout=10.0 socket_options=None
2026-07-08T06:01:56.313593157Z 2026-07-08 06:01:56,313 httpcore.connection DEBUG connect_tcp.complete return_value=<httpcore._backends.sync.SyncStream object at 0xeb97198f75c0>
2026-07-08T06:01:56.313605991Z 2026-07-08 06:01:56,313 httpcore.http11 DEBUG send_request_headers.started request=<Request [b'GET']>
2026-07-08T06:01:56.313608199Z 2026-07-08 06:01:56,313 httpcore.http11 DEBUG send_request_headers.complete
2026-07-08T06:01:56.313609991Z 2026-07-08 06:01:56,313 httpcore.http11 DEBUG send_request_body.started request=<Request [b'GET']>
2026-07-08T06:01:56.313611616Z 2026-07-08 06:01:56,313 httpcore.http11 DEBUG send_request_body.complete
2026-07-08T06:01:56.313613157Z 2026-07-08 06:01:56,313 httpcore.http11 DEBUG receive_response_headers.started request=<Request [b'GET']>
2026-07-08T06:01:56.331171190Z 2026-07-08 06:01:56,331 httpcore.http11 DEBUG receive_response_headers.complete return_value=(b'HTTP/1.1', 200, b'OK', [(b'date', b'Wed, 08 Jul 2026 06:01:56 GMT'), (b'server', b'uvicorn'), (b'content-length', b'60'), (b'content-type', b'application/json')])
2026-07-08T06:01:56.331330690Z 2026-07-08 06:01:56,331 httpx INFO HTTP Request: GET http://10.0.0.150:8080/metadata "HTTP/1.1 200 OK"
2026-07-08T06:01:56.331391607Z 2026-07-08 06:01:56,331 httpcore.http11 DEBUG receive_response_body.started request=<Request [b'GET']>
2026-07-08T06:01:56.331445441Z 2026-07-08 06:01:56,331 httpcore.http11 DEBUG receive_response_body.complete
2026-07-08T06:01:56.331454399Z 2026-07-08 06:01:56,331 httpcore.http11 DEBUG response_closed.started
2026-07-08T06:01:56.331534608Z 2026-07-08 06:01:56,331 httpcore.http11 DEBUG response_closed.complete
2026-07-08T06:01:56.344742705Z 2026-07-08 06:01:56,344 httpcore.connection DEBUG connect_tcp.started host='10.0.0.150' port=16335 local_address=None timeout=5.0 socket_options=None
2026-07-08T06:01:56.349187974Z 2026-07-08 06:01:56,349 httpcore.connection DEBUG connect_tcp.started host='10.0.0.150' port=16335 local_address=None timeout=5 socket_options=None
2026-07-08T06:01:56.355423459Z 2026-07-08 06:01:56,355 httpcore.connection DEBUG connect_tcp.complete return_value=<httpcore._backends.sync.SyncStream object at 0xeb97197b33e0>
2026-07-08T06:01:56.355456834Z 2026-07-08 06:01:56,355 httpcore.http11 DEBUG send_request_headers.started request=<Request [b'GET']>
2026-07-08T06:01:56.355640876Z 2026-07-08 06:01:56,355 httpcore.connection DEBUG connect_tcp.complete return_value=<httpcore._backends.sync.SyncStream object at 0xeb9719a79cc0>
2026-07-08T06:01:56.355674585Z 2026-07-08 06:01:56,355 httpcore.http11 DEBUG send_request_headers.started request=<Request [b'GET']>
2026-07-08T06:01:56.355802627Z 2026-07-08 06:01:56,355 httpcore.http11 DEBUG send_request_headers.complete
2026-07-08T06:01:56.355806835Z 2026-07-08 06:01:56,355 httpcore.http11 DEBUG send_request_body.started request=<Request [b'GET']>
2026-07-08T06:01:56.355857502Z 2026-07-08 06:01:56,355 httpcore.http11 DEBUG send_request_body.complete
2026-07-08T06:01:56.355860669Z 2026-07-08 06:01:56,355 httpcore.http11 DEBUG receive_response_headers.started request=<Request [b'GET']>
2026-07-08T06:01:56.356042295Z 2026-07-08 06:01:56,355 httpcore.http11 DEBUG send_request_headers.complete
2026-07-08T06:01:56.356045711Z 2026-07-08 06:01:56,355 httpcore.http11 DEBUG send_request_body.started request=<Request [b'GET']>
2026-07-08T06:01:56.356116837Z 2026-07-08 06:01:56,356 httpcore.http11 DEBUG send_request_body.complete
2026-07-08T06:01:56.356119753Z 2026-07-08 06:01:56,356 httpcore.http11 DEBUG receive_response_headers.started request=<Request [b'GET']>
2026-07-08T06:01:56.370004062Z 2026-07-08 06:01:56,369 httpcore.http11 DEBUG receive_response_headers.complete return_value=(b'HTTP/1.1', 200, b'OK', [(b'transfer-encoding', b'chunked'), (b'vary', b'accept-encoding, Origin, Access-Control-Request-Method, Access-Control-Request-Headers'), (b'content-encoding', b'gzip'), (b'content-type', b'application/json'), (b'date', b'Wed, 08 Jul 2026 06:01:56 GMT')])
2026-07-08T06:01:56.370156062Z 2026-07-08 06:01:56,370 httpx INFO HTTP Request: GET http://10.0.0.150:16335 "HTTP/1.1 200 OK"
2026-07-08T06:01:56.370211688Z 2026-07-08 06:01:56,370 httpcore.http11 DEBUG receive_response_body.started request=<Request [b'GET']>
2026-07-08T06:01:56.370418397Z 2026-07-08 06:01:56,370 httpcore.http11 DEBUG receive_response_headers.complete return_value=(b'HTTP/1.1', 200, b'OK', [(b'transfer-encoding', b'chunked'), (b'content-encoding', b'gzip'), (b'content-type', b'application/json'), (b'vary', b'accept-encoding, Origin, Access-Control-Request-Method, Access-Control-Request-Headers'), (b'date', b'Wed, 08 Jul 2026 06:01:56 GMT')])
2026-07-08T06:01:56.370509439Z 2026-07-08 06:01:56,370 httpx INFO HTTP Request: GET http://10.0.0.150:16335/collections "HTTP/1.1 200 OK"
2026-07-08T06:01:56.370560106Z 2026-07-08 06:01:56,370 httpcore.http11 DEBUG receive_response_body.started request=<Request [b'GET']>
2026-07-08T06:01:56.370671023Z 2026-07-08 06:01:56,370 httpcore.http11 DEBUG receive_response_body.complete
2026-07-08T06:01:56.370675106Z 2026-07-08 06:01:56,370 httpcore.http11 DEBUG response_closed.started
2026-07-08T06:01:56.370693523Z 2026-07-08 06:01:56,370 httpcore.http11 DEBUG response_closed.complete
2026-07-08T06:01:56.370959274Z 2026-07-08 06:01:56,370 httpcore.http11 DEBUG send_request_headers.started request=<Request [b'GET']>
2026-07-08T06:01:56.371082608Z 2026-07-08 06:01:56,370 httpcore.http11 DEBUG send_request_headers.complete
2026-07-08T06:01:56.371087775Z 2026-07-08 06:01:56,371 httpcore.http11 DEBUG send_request_body.started request=<Request [b'GET']>
2026-07-08T06:01:56.371152275Z 2026-07-08 06:01:56,371 httpcore.http11 DEBUG send_request_body.complete
2026-07-08T06:01:56.371156150Z 2026-07-08 06:01:56,371 httpcore.http11 DEBUG receive_response_headers.started request=<Request [b'GET']>
2026-07-08T06:01:56.371219067Z 2026-07-08 06:01:56,371 httpcore.http11 DEBUG receive_response_body.complete
2026-07-08T06:01:56.371222900Z 2026-07-08 06:01:56,371 httpcore.http11 DEBUG response_closed.started
2026-07-08T06:01:56.371441860Z 2026-07-08 06:01:56,371 httpcore.http11 DEBUG response_closed.complete
2026-07-08T06:01:56.371445443Z 2026-07-08 06:01:56,371 httpcore.connection DEBUG close.started
2026-07-08T06:01:56.371446901Z 2026-07-08 06:01:56,371 httpcore.connection DEBUG close.complete
2026-07-08T06:01:56.380839816Z 2026-07-08 06:01:56,380 httpcore.http11 DEBUG receive_response_headers.complete return_value=(b'HTTP/1.1', 200, b'OK', [(b'transfer-encoding', b'chunked'), (b'content-encoding', b'gzip'), (b'content-type', b'application/json'), (b'vary', b'accept-encoding, Origin, Access-Control-Request-Method, Access-Control-Request-Headers'), (b'date', b'Wed, 08 Jul 2026 06:01:56 GMT')])
2026-07-08T06:01:56.380920108Z 2026-07-08 06:01:56,380 httpx INFO HTTP Request: GET http://10.0.0.150:16335/collections/chapter_memories "HTTP/1.1 200 OK"
2026-07-08T06:01:56.380923608Z 2026-07-08 06:01:56,380 httpcore.http11 DEBUG receive_response_body.started request=<Request [b'GET']>
2026-07-08T06:01:56.381058192Z 2026-07-08 06:01:56,380 httpcore.http11 DEBUG receive_response_body.complete
2026-07-08T06:01:56.381061775Z 2026-07-08 06:01:56,381 httpcore.http11 DEBUG response_closed.started
2026-07-08T06:01:56.381067067Z 2026-07-08 06:01:56,381 httpcore.http11 DEBUG response_closed.complete
2026-07-08T06:01:56.381262651Z 2026-07-08 06:01:56,381 forwin.retrieval.memory_index WARNING Qdrant collection chapter_memories has vector size 64, expected 384; using chapter_memories_384d instead.
2026-07-08T06:01:56.381423985Z 2026-07-08 06:01:56,381 httpcore.http11 DEBUG send_request_headers.started request=<Request [b'GET']>
2026-07-08T06:01:56.381507444Z 2026-07-08 06:01:56,381 httpcore.http11 DEBUG send_request_headers.complete
2026-07-08T06:01:56.381510694Z 2026-07-08 06:01:56,381 httpcore.http11 DEBUG send_request_body.started request=<Request [b'GET']>
2026-07-08T06:01:56.381514944Z 2026-07-08 06:01:56,381 httpcore.http11 DEBUG send_request_body.complete
2026-07-08T06:01:56.381585319Z 2026-07-08 06:01:56,381 httpcore.http11 DEBUG receive_response_headers.started request=<Request [b'GET']>
2026-07-08T06:01:56.388137888Z 2026-07-08 06:01:56,388 httpcore.http11 DEBUG receive_response_headers.complete return_value=(b'HTTP/1.1', 200, b'OK', [(b'transfer-encoding', b'chunked'), (b'content-encoding', b'gzip'), (b'content-type', b'application/json'), (b'vary', b'accept-encoding, Origin, Access-Control-Request-Method, Access-Control-Request-Headers'), (b'date', b'Wed, 08 Jul 2026 06:01:56 GMT')])
2026-07-08T06:01:56.388226764Z 2026-07-08 06:01:56,388 httpx INFO HTTP Request: GET http://10.0.0.150:16335/collections/chapter_memories_384d "HTTP/1.1 200 OK"
2026-07-08T06:01:56.388290514Z 2026-07-08 06:01:56,388 httpcore.http11 DEBUG receive_response_body.started request=<Request [b'GET']>
2026-07-08T06:01:56.388373098Z 2026-07-08 06:01:56,388 httpcore.http11 DEBUG receive_response_body.complete
2026-07-08T06:01:56.388377014Z 2026-07-08 06:01:56,388 httpcore.http11 DEBUG response_closed.started
2026-07-08T06:01:56.388486640Z 2026-07-08 06:01:56,388 httpcore.http11 DEBUG response_closed.complete
2026-07-08T06:01:56.388756266Z 2026-07-08 06:01:56,388 httpcore.http11 DEBUG send_request_headers.started request=<Request [b'GET']>
2026-07-08T06:01:56.388833225Z 2026-07-08 06:01:56,388 httpcore.http11 DEBUG send_request_headers.complete
2026-07-08T06:01:56.388838058Z 2026-07-08 06:01:56,388 httpcore.http11 DEBUG send_request_body.started request=<Request [b'GET']>
2026-07-08T06:01:56.388928725Z 2026-07-08 06:01:56,388 httpcore.http11 DEBUG send_request_body.complete
2026-07-08T06:01:56.388932850Z 2026-07-08 06:01:56,388 httpcore.http11 DEBUG receive_response_headers.started request=<Request [b'GET']>
2026-07-08T06:01:56.395156543Z 2026-07-08 06:01:56,395 httpcore.http11 DEBUG receive_response_headers.complete return_value=(b'HTTP/1.1', 200, b'OK', [(b'transfer-encoding', b'chunked'), (b'content-encoding', b'gzip'), (b'content-type', b'application/json'), (b'vary', b'accept-encoding, Origin, Access-Control-Request-Method, Access-Control-Request-Headers'), (b'date', b'Wed, 08 Jul 2026 06:01:56 GMT')])
2026-07-08T06:01:56.395288710Z 2026-07-08 06:01:56,395 httpx INFO HTTP Request: GET http://10.0.0.150:16335/collections "HTTP/1.1 200 OK"
2026-07-08T06:01:56.395325919Z 2026-07-08 06:01:56,395 httpcore.http11 DEBUG receive_response_body.started request=<Request [b'GET']>
2026-07-08T06:01:56.395407961Z 2026-07-08 06:01:56,395 httpcore.http11 DEBUG receive_response_body.complete
2026-07-08T06:01:56.395475878Z 2026-07-08 06:01:56,395 httpcore.http11 DEBUG response_closed.started
2026-07-08T06:01:56.395480586Z 2026-07-08 06:01:56,395 httpcore.http11 DEBUG response_closed.complete
2026-07-08T06:01:56.640058950Z 2026-07-08 06:01:56,639 forwin.observability.recorder INFO observability_event event_type=task_operation_started project_id=acde0ad10d544995b09e97a6f153f969 task_id=a217a5bc8d4b chapter=0
2026-07-08T06:01:59.596556877Z 2026-07-08 06:01:59,596 httpcore.http11 DEBUG send_request_headers.started request=<Request [b'POST']>
2026-07-08T06:01:59.596730711Z 2026-07-08 06:01:59,596 httpcore.http11 DEBUG send_request_headers.complete
2026-07-08T06:01:59.596742128Z 2026-07-08 06:01:59,596 httpcore.http11 DEBUG send_request_body.started request=<Request [b'POST']>
2026-07-08T06:01:59.596891461Z 2026-07-08 06:01:59,596 httpcore.http11 DEBUG send_request_body.complete
2026-07-08T06:01:59.596901503Z 2026-07-08 06:01:59,596 httpcore.http11 DEBUG receive_response_headers.started request=<Request [b'POST']>
2026-07-08T06:01:59.610173351Z 2026-07-08 06:01:59,609 httpcore.http11 DEBUG receive_response_headers.complete return_value=(b'HTTP/1.1', 200, b'OK', [(b'date', b'Wed, 08 Jul 2026 06:01:59 GMT'), (b'server', b'uvicorn'), (b'content-length', b'8130'), (b'content-type', b'application/json')])
2026-07-08T06:01:59.610462394Z 2026-07-08 06:01:59,610 httpx INFO HTTP Request: POST http://10.0.0.150:8080/embed "HTTP/1.1 200 OK"
2026-07-08T06:01:59.610525727Z 2026-07-08 06:01:59,610 httpcore.http11 DEBUG receive_response_body.started request=<Request [b'POST']>
2026-07-08T06:01:59.610668520Z 2026-07-08 06:01:59,610 httpcore.http11 DEBUG receive_response_body.complete
2026-07-08T06:01:59.610675395Z 2026-07-08 06:01:59,610 httpcore.http11 DEBUG response_closed.started
2026-07-08T06:01:59.610712936Z 2026-07-08 06:01:59,610 httpcore.http11 DEBUG response_closed.complete
2026-07-08T06:01:59.612513902Z 2026-07-08 06:01:59,612 httpcore.http11 DEBUG send_request_headers.started request=<Request [b'POST']>
2026-07-08T06:01:59.612705195Z 2026-07-08 06:01:59,612 httpcore.http11 DEBUG send_request_headers.complete
2026-07-08T06:01:59.612713362Z 2026-07-08 06:01:59,612 httpcore.http11 DEBUG send_request_body.started request=<Request [b'POST']>
2026-07-08T06:01:59.612871154Z 2026-07-08 06:01:59,612 httpcore.http11 DEBUG send_request_body.complete
2026-07-08T06:01:59.612876487Z 2026-07-08 06:01:59,612 httpcore.http11 DEBUG receive_response_headers.started request=<Request [b'POST']>
2026-07-08T06:01:59.666701214Z 2026-07-08 06:01:59,666 httpcore.http11 DEBUG receive_response_headers.complete return_value=(b'HTTP/1.1', 200, b'OK', [(b'transfer-encoding', b'chunked'), (b'content-encoding', b'gzip'), (b'content-type', b'application/json'), (b'vary', b'accept-encoding, Origin, Access-Control-Request-Method, Access-Control-Request-Headers'), (b'date', b'Wed, 08 Jul 2026 06:01:59 GMT')])
2026-07-08T06:01:59.667349550Z 2026-07-08 06:01:59,666 httpx INFO HTTP Request: POST http://10.0.0.150:16335/collections/chapter_memories_384d/points/query "HTTP/1.1 200 OK"
2026-07-08T06:01:59.667391717Z 2026-07-08 06:01:59,667 httpcore.http11 DEBUG receive_response_body.started request=<Request [b'POST']>
2026-07-08T06:01:59.667728219Z 2026-07-08 06:01:59,667 httpcore.http11 DEBUG receive_response_body.complete
2026-07-08T06:01:59.667750385Z 2026-07-08 06:01:59,667 httpcore.http11 DEBUG response_closed.started
2026-07-08T06:01:59.667899678Z 2026-07-08 06:01:59,667 httpcore.http11 DEBUG response_closed.complete
2026-07-08T06:02:00.072508385Z 2026-07-08 06:02:00,072 forwin.writer.chapter_writer INFO write_chapter(scene): chapter=1 title_plan='第1章'
2026-07-08T06:02:00.073290721Z 2026-07-08 06:02:00,073 httpcore.connection DEBUG connect_tcp.started host='10.0.0.150' port=8895 local_address=None timeout=10.0 socket_options=None
2026-07-08T06:02:00.080950712Z 2026-07-08 06:02:00,080 httpcore.connection DEBUG connect_tcp.failed exception=ConnectError(ConnectionRefusedError(111, 'Connection refused'))
2026-07-08T06:02:00.081195046Z 2026-07-08 06:02:00,081 forwin.writer.llm.adapter DEBUG LLMClient.chat attempt=1/2 model=kimi-k2.5 messages=5 max_tokens=1800
2026-07-08T06:02:00.081652382Z 2026-07-08 06:02:00,081 httpcore.connection DEBUG connect_tcp.started host='api.moonshot.cn' port=443 local_address=None timeout=10.0 socket_options=None
2026-07-08T06:02:00.462298821Z 2026-07-08 06:02:00,461 httpcore.connection DEBUG connect_tcp.complete return_value=<httpcore._backends.sync.SyncStream object at 0xeb97191edb30>
2026-07-08T06:02:00.462355113Z 2026-07-08 06:02:00,462 httpcore.connection DEBUG start_tls.started ssl_context=<ssl.SSLContext object at 0xeb9719ba0370> server_hostname='api.moonshot.cn' timeout=10.0
2026-07-08T06:02:00.886337777Z 2026-07-08 06:02:00,885 httpcore.connection DEBUG start_tls.complete return_value=<httpcore._backends.sync.SyncStream object at 0xeb97191eea80>
2026-07-08T06:02:00.886492945Z 2026-07-08 06:02:00,886 httpcore.http11 DEBUG send_request_headers.started request=<Request [b'POST']>
2026-07-08T06:02:00.887174614Z 2026-07-08 06:02:00,886 httpcore.http11 DEBUG send_request_headers.complete
2026-07-08T06:02:00.887204031Z 2026-07-08 06:02:00,886 httpcore.http11 DEBUG send_request_body.started request=<Request [b'POST']>
2026-07-08T06:02:00.887506615Z 2026-07-08 06:02:00,887 httpcore.http11 DEBUG send_request_body.complete
2026-07-08T06:02:00.887518491Z 2026-07-08 06:02:00,887 httpcore.http11 DEBUG receive_response_headers.started request=<Request [b'POST']>
2026-07-08T06:02:01.583552928Z 2026-07-08 06:02:01,583 httpcore.http11 DEBUG receive_response_headers.complete return_value=(b'HTTP/1.1', 429, b'Too Many Requests', [(b'Date', b'Wed, 08 Jul 2026 06:02:01 GMT'), (b'Content-Type', b'application/json; charset=utf-8'), (b'Content-Length', b'257'), (b'Connection', b'keep-alive'), (b'Set-Cookie', b'aliyungf_tc=88cc0e003d86a3707c754cbac3a6044af34948e32eec6df059356026f033ef3c; Path=/; HttpOnly'), (b'Msh-Gid', b'enterprise-tier-2'), (b'Msh-Org-Id', b'org-4783af77d82146eb9cdb963ca303699f'), (b'Msh-Project-Id', b'proj-b38ca7c5b03d4098a2e2d407f387adc1'), (b'Msh-Request-Id', b'896c18dc-7a92-11f1-bec7-16209933fa1f'), (b'Msh-Trace-Mode', b'on'), (b'Msh-Uid', b'd79a43tqip65nogbrrkg'), (b'Vary', b'Origin'), (b'Strict-Transport-Security', b'max-age=31536000; includeSubDomains')])
2026-07-08T06:02:01.584417057Z 2026-07-08 06:02:01,584 httpx INFO HTTP Request: POST https://api.moonshot.cn/v1/chat/completions "HTTP/1.1 429 Too Many Requests"
2026-07-08T06:02:01.584511099Z 2026-07-08 06:02:01,584 httpcore.http11 DEBUG receive_response_body.started request=<Request [b'POST']>
2026-07-08T06:02:01.584747225Z 2026-07-08 06:02:01,584 httpcore.http11 DEBUG receive_response_body.complete
2026-07-08T06:02:01.584814892Z 2026-07-08 06:02:01,584 httpcore.http11 DEBUG response_closed.started
2026-07-08T06:02:01.584829059Z 2026-07-08 06:02:01,584 httpcore.http11 DEBUG response_closed.complete
2026-07-08T06:02:01.586391274Z 2026-07-08 06:02:01,586 forwin.writer.llm.adapter WARNING Transient LLM HTTP status 429. Waiting 2.0 s before retry 2/2.
2026-07-08T06:02:03.588037516Z 2026-07-08 06:02:03,587 forwin.writer.llm.adapter DEBUG LLMClient.chat attempt=2/2 model=kimi-k2.5 messages=5 max_tokens=1800
2026-07-08T06:02:03.588695727Z 2026-07-08 06:02:03,588 httpcore.http11 DEBUG send_request_headers.started request=<Request [b'POST']>
2026-07-08T06:02:03.588922520Z 2026-07-08 06:02:03,588 httpcore.http11 DEBUG send_request_headers.complete
2026-07-08T06:02:03.588929520Z 2026-07-08 06:02:03,588 httpcore.http11 DEBUG send_request_body.started request=<Request [b'POST']>
2026-07-08T06:02:03.589066646Z 2026-07-08 06:02:03,588 httpcore.http11 DEBUG send_request_body.complete
2026-07-08T06:02:03.589073729Z 2026-07-08 06:02:03,588 httpcore.http11 DEBUG receive_response_headers.started request=<Request [b'POST']>
2026-07-08T06:02:03.839333202Z 2026-07-08 06:02:03,838 httpcore.http11 DEBUG receive_response_headers.complete return_value=(b'HTTP/1.1', 429, b'Too Many Requests', [(b'Date', b'Wed, 08 Jul 2026 06:02:03 GMT'), (b'Content-Type', b'application/json; charset=utf-8'), (b'Content-Length', b'257'), (b'Connection', b'keep-alive'), (b'Msh-Gid', b'enterprise-tier-2'), (b'Msh-Org-Id', b'org-4783af77d82146eb9cdb963ca303699f'), (b'Msh-Project-Id', b'proj-b38ca7c5b03d4098a2e2d407f387adc1'), (b'Msh-Request-Id', b'8ac45948-7a92-11f1-8bff-ae6c88990973'), (b'Msh-Trace-Mode', b'on'), (b'Msh-Uid', b'd79a43tqip65nogbrrkg'), (b'Vary', b'Origin'), (b'Strict-Transport-Security', b'max-age=31536000; includeSubDomains')])
2026-07-08T06:02:03.839781121Z 2026-07-08 06:02:03,839 httpx INFO HTTP Request: POST https://api.moonshot.cn/v1/chat/completions "HTTP/1.1 429 Too Many Requests"
2026-07-08T06:02:03.840007122Z 2026-07-08 06:02:03,839 httpcore.http11 DEBUG receive_response_body.started request=<Request [b'POST']>
2026-07-08T06:02:03.840029747Z 2026-07-08 06:02:03,839 httpcore.http11 DEBUG receive_response_body.complete
2026-07-08T06:02:03.840200581Z 2026-07-08 06:02:03,840 httpcore.http11 DEBUG response_closed.started
2026-07-08T06:02:03.840359040Z 2026-07-08 06:02:03,840 httpcore.http11 DEBUG response_closed.complete
2026-07-08T06:02:03.841372419Z 2026-07-08 06:02:03,841 forwin.writer.llm.adapter WARNING LLM profile fallback: kimi-k2.5 (https://api.moonshot.cn/v1) -> MiniMax-M2.7 (https://api.minimaxi.com/v1) after retries failed: Client error '429 Too Many Requests' for url 'https://api.moonshot.cn/v1/chat/completions'
2026-07-08T06:02:03.841389753Z For more information check: https://developer.mozilla.org/en-US/docs/Web/HTTP/Status/429
2026-07-08T06:02:03.841458586Z 2026-07-08 06:02:03,841 forwin.writer.llm.adapter DEBUG LLMClient.chat attempt=1/2 model=MiniMax-M2.7 messages=5 max_tokens=1260
2026-07-08T06:02:03.842454507Z 2026-07-08 06:02:03,842 httpcore.connection DEBUG connect_tcp.started host='api.minimaxi.com' port=443 local_address=None timeout=10.0 socket_options=None
2026-07-08T06:02:04.043891733Z 2026-07-08 06:02:04,043 httpcore.connection DEBUG connect_tcp.complete return_value=<httpcore._backends.sync.SyncStream object at 0xeb97191ef2f0>
2026-07-08T06:02:04.043913150Z 2026-07-08 06:02:04,043 httpcore.connection DEBUG start_tls.started ssl_context=<ssl.SSLContext object at 0xeb9719ba0370> server_hostname='api.minimaxi.com' timeout=10.0
2026-07-08T06:02:04.464203717Z 2026-07-08 06:02:04,463 httpcore.connection DEBUG start_tls.complete return_value=<httpcore._backends.sync.SyncStream object at 0xeb97191ef340>
2026-07-08T06:02:04.464317176Z 2026-07-08 06:02:04,464 httpcore.http11 DEBUG send_request_headers.started request=<Request [b'POST']>
2026-07-08T06:02:04.465016970Z 2026-07-08 06:02:04,464 httpcore.http11 DEBUG send_request_headers.complete
2026-07-08T06:02:04.465050262Z 2026-07-08 06:02:04,464 httpcore.http11 DEBUG send_request_body.started request=<Request [b'POST']>
2026-07-08T06:02:04.465396430Z 2026-07-08 06:02:04,465 httpcore.http11 DEBUG send_request_body.complete
2026-07-08T06:02:04.465408805Z 2026-07-08 06:02:04,465 httpcore.http11 DEBUG receive_response_headers.started request=<Request [b'POST']>
2026-07-08T06:02:04.844228697Z 2026-07-08 06:02:04,843 httpcore.http11 DEBUG receive_response_headers.complete return_value=(b'HTTP/1.1', 429, b'Too Many Requests', [(b'Date', b'Wed, 08 Jul 2026 06:02:04 GMT'), (b'Content-Type', b'application/json; charset=utf-8'), (b'Content-Length', b'232'), (b'Connection', b'keep-alive'), (b'Trace-Id', b'069d1adcf2420f276932ef149117eb55'), (b'X-Session-Id', b'ff10e6e468720973ab053592605a05c6'), (b'X-Mm-Request-Id', b'2024653756481675725_17834905242scbs0'), (b'Minimax-Request-Id', b'fa3a7626c0842f186445bd21a2944827'), (b'alb_receive_time', b'1783490524.608'), (b'alb_request_id', b'3d585885c941465ec0e7238a2379489bf6556ed6')])
2026-07-08T06:02:04.844739866Z 2026-07-08 06:02:04,844 httpx INFO HTTP Request: POST https://api.minimaxi.com/v1/chat/completions "HTTP/1.1 429 Too Many Requests"
2026-07-08T06:02:04.844832575Z 2026-07-08 06:02:04,844 httpcore.http11 DEBUG receive_response_body.started request=<Request [b'POST']>
2026-07-08T06:02:04.845092534Z 2026-07-08 06:02:04,844 httpcore.http11 DEBUG receive_response_body.complete
2026-07-08T06:02:04.845148701Z 2026-07-08 06:02:04,845 httpcore.http11 DEBUG response_closed.started
2026-07-08T06:02:04.845274285Z 2026-07-08 06:02:04,845 httpcore.http11 DEBUG response_closed.complete
2026-07-08T06:02:04.846593207Z 2026-07-08 06:02:04,846 forwin.writer.llm.adapter WARNING Transient LLM HTTP status 429. Waiting 2.0 s before retry 2/2.
2026-07-08T06:02:06.850799342Z 2026-07-08 06:02:06,850 forwin.writer.llm.adapter DEBUG LLMClient.chat attempt=2/2 model=MiniMax-M2.7 messages=5 max_tokens=1260
2026-07-08T06:02:06.852648850Z 2026-07-08 06:02:06,852 httpcore.http11 DEBUG send_request_headers.started request=<Request [b'POST']>
2026-07-08T06:02:06.853183686Z 2026-07-08 06:02:06,853 httpcore.http11 DEBUG send_request_headers.complete
2026-07-08T06:02:06.853205769Z 2026-07-08 06:02:06,853 httpcore.http11 DEBUG send_request_body.started request=<Request [b'POST']>
2026-07-08T06:02:06.853619688Z 2026-07-08 06:02:06,853 httpcore.http11 DEBUG send_request_body.complete
2026-07-08T06:02:06.853631396Z 2026-07-08 06:02:06,853 httpcore.http11 DEBUG receive_response_headers.started request=<Request [b'POST']>
2026-07-08T06:02:07.215745718Z 2026-07-08 06:02:07,215 httpcore.http11 DEBUG receive_response_headers.complete return_value=(b'HTTP/1.1', 429, b'Too Many Requests', [(b'Date', b'Wed, 08 Jul 2026 06:02:07 GMT'), (b'Content-Type', b'application/json; charset=utf-8'), (b'Content-Length', b'232'), (b'Connection', b'keep-alive'), (b'Trace-Id', b'069d1adf0fd6158559b2314aad6be458'), (b'X-Session-Id', b'ff10e6e468720973ab053592605a05c6'), (b'X-Mm-Request-Id', b'2024653756481675725_17834905273bt8et'), (b'Minimax-Request-Id', b'4513b75ce748a3cd07c7e0a4ed0d831a'), (b'alb_receive_time', b'1783490526.987'), (b'alb_request_id', b'd0b319625d7b0bcb3b77a13101393c7c756f6be6')])
2026-07-08T06:02:07.216242470Z 2026-07-08 06:02:07,216 httpx INFO HTTP Request: POST https://api.minimaxi.com/v1/chat/completions "HTTP/1.1 429 Too Many Requests"
2026-07-08T06:02:07.216347054Z 2026-07-08 06:02:07,216 httpcore.http11 DEBUG receive_response_body.started request=<Request [b'POST']>
2026-07-08T06:02:07.216544763Z 2026-07-08 06:02:07,216 httpcore.http11 DEBUG receive_response_body.complete
2026-07-08T06:02:07.216640181Z 2026-07-08 06:02:07,216 httpcore.http11 DEBUG response_closed.started
2026-07-08T06:02:07.216648097Z 2026-07-08 06:02:07,216 httpcore.http11 DEBUG response_closed.complete
2026-07-08T06:02:07.218250437Z 2026-07-08 06:02:07,217 forwin.writer.chapter_writer WARNING ChapterWriter JSON call failed on attempt 1/1: Client error '429 Too Many Requests' for url 'https://api.minimaxi.com/v1/chat/completions'
2026-07-08T06:02:07.218272062Z For more information check: https://developer.mozilla.org/en-US/docs/Web/HTTP/Status/429
2026-07-08T06:02:07.218274812Z 2026-07-08 06:02:07,218 forwin.writer.chapter_writer WARNING scene breakdown failed, falling back to heuristic scenes: ChapterWriter JSON generation failed after retries: Client error '429 Too Many Requests' for url 'https://api.minimaxi.com/v1/chat/completions'
2026-07-08T06:02:07.218277437Z For more information check: https://developer.mozilla.org/en-US/docs/Web/HTTP/Status/429
2026-07-08T06:02:07.219381650Z 2026-07-08 06:02:07,219 forwin.writer.llm.adapter DEBUG LLMClient.chat attempt=1/2 model=kimi-k2.5 messages=5 max_tokens=1800
2026-07-08T06:02:07.220526905Z 2026-07-08 06:02:07,220 httpcore.http11 DEBUG send_request_headers.started request=<Request [b'POST']>
2026-07-08T06:02:07.220865323Z 2026-07-08 06:02:07,220 httpcore.http11 DEBUG send_request_headers.complete
2026-07-08T06:02:07.220871698Z 2026-07-08 06:02:07,220 httpcore.http11 DEBUG send_request_body.started request=<Request [b'POST']>
2026-07-08T06:02:07.221033866Z 2026-07-08 06:02:07,220 httpcore.http11 DEBUG send_request_body.complete
2026-07-08T06:02:07.221046532Z 2026-07-08 06:02:07,220 httpcore.http11 DEBUG receive_response_headers.started request=<Request [b'POST']>
2026-07-08T06:02:07.684772368Z 2026-07-08 06:02:07,684 httpcore.http11 DEBUG receive_response_headers.complete return_value=(b'HTTP/1.1', 429, b'Too Many Requests', [(b'Date', b'Wed, 08 Jul 2026 06:02:07 GMT'), (b'Content-Type', b'application/json; charset=utf-8'), (b'Content-Length', b'257'), (b'Connection', b'keep-alive'), (b'Msh-Gid', b'enterprise-tier-2'), (b'Msh-Org-Id', b'org-4783af77d82146eb9cdb963ca303699f'), (b'Msh-Project-Id', b'proj-b38ca7c5b03d4098a2e2d407f387adc1'), (b'Msh-Request-Id', b'8d0b77e0-7a92-11f1-a1fa-5641ea53e1c6'), (b'Msh-Trace-Mode', b'on'), (b'Msh-Uid', b'd79a43tqip65nogbrrkg'), (b'Vary', b'Origin'), (b'Strict-Transport-Security', b'max-age=31536000; includeSubDomains')])
2026-07-08T06:02:07.684871035Z 2026-07-08 06:02:07,684 httpx INFO HTTP Request: POST https://api.moonshot.cn/v1/chat/completions "HTTP/1.1 429 Too Many Requests"
2026-07-08T06:02:07.684904243Z 2026-07-08 06:02:07,684 httpcore.http11 DEBUG receive_response_body.started request=<Request [b'POST']>
2026-07-08T06:02:07.684926577Z 2026-07-08 06:02:07,684 httpcore.http11 DEBUG receive_response_body.complete
2026-07-08T06:02:07.684961077Z 2026-07-08 06:02:07,684 httpcore.http11 DEBUG response_closed.started
2026-07-08T06:02:07.684963035Z 2026-07-08 06:02:07,684 httpcore.http11 DEBUG response_closed.complete
2026-07-08T06:02:07.685268662Z 2026-07-08 06:02:07,685 forwin.writer.llm.adapter WARNING Transient LLM HTTP status 429. Waiting 2.0 s before retry 2/2.
2026-07-08T06:02:09.688313548Z 2026-07-08 06:02:09,687 forwin.writer.llm.adapter DEBUG LLMClient.chat attempt=2/2 model=kimi-k2.5 messages=5 max_tokens=1800
2026-07-08T06:02:09.690357432Z 2026-07-08 06:02:09,690 httpcore.http11 DEBUG send_request_headers.started request=<Request [b'POST']>
2026-07-08T06:02:09.691120518Z 2026-07-08 06:02:09,690 httpcore.http11 DEBUG send_request_headers.complete
2026-07-08T06:02:09.691144268Z 2026-07-08 06:02:09,690 httpcore.http11 DEBUG send_request_body.started request=<Request [b'POST']>
2026-07-08T06:02:09.691434186Z 2026-07-08 06:02:09,691 httpcore.http11 DEBUG send_request_body.complete
2026-07-08T06:02:09.691444936Z 2026-07-08 06:02:09,691 httpcore.http11 DEBUG receive_response_headers.started request=<Request [b'POST']>
2026-07-08T06:02:11.207263141Z 2026-07-08 06:02:11,206 httpcore.http11 DEBUG receive_response_headers.complete return_value=(b'HTTP/1.1', 429, b'Too Many Requests', [(b'Date', b'Wed, 08 Jul 2026 06:02:11 GMT'), (b'Content-Type', b'application/json; charset=utf-8'), (b'Content-Length', b'257'), (b'Connection', b'keep-alive'), (b'Msh-Gid', b'enterprise-tier-2'), (b'Msh-Org-Id', b'org-4783af77d82146eb9cdb963ca303699f'), (b'Msh-Project-Id', b'proj-b38ca7c5b03d4098a2e2d407f387adc1'), (b'Msh-Request-Id', b'8f287773-7a92-11f1-962d-fa9b613d4948'), (b'Msh-Trace-Mode', b'on'), (b'Msh-Uid', b'd79a43tqip65nogbrrkg'), (b'Vary', b'Origin'), (b'Strict-Transport-Security', b'max-age=31536000; includeSubDomains')])
2026-07-08T06:02:11.207732268Z 2026-07-08 06:02:11,207 httpx INFO HTTP Request: POST https://api.moonshot.cn/v1/chat/completions "HTTP/1.1 429 Too Many Requests"
2026-07-08T06:02:11.207858060Z 2026-07-08 06:02:11,207 httpcore.http11 DEBUG receive_response_body.started request=<Request [b'POST']>
2026-07-08T06:02:11.208046811Z 2026-07-08 06:02:11,207 httpcore.http11 DEBUG receive_response_body.complete
2026-07-08T06:02:11.208113686Z 2026-07-08 06:02:11,207 httpcore.http11 DEBUG response_closed.started
2026-07-08T06:02:11.208216978Z 2026-07-08 06:02:11,208 httpcore.http11 DEBUG response_closed.complete
2026-07-08T06:02:11.209766984Z 2026-07-08 06:02:11,209 forwin.writer.llm.adapter WARNING LLM profile fallback: kimi-k2.5 (https://api.moonshot.cn/v1) -> deepseek-chat (https://api.deepseek.com/v1) after retries failed: Client error '429 Too Many Requests' for url 'https://api.moonshot.cn/v1/chat/completions'
2026-07-08T06:02:11.209788776Z For more information check: https://developer.mozilla.org/en-US/docs/Web/HTTP/Status/429
2026-07-08T06:02:11.209798943Z 2026-07-08 06:02:11,209 forwin.writer.llm.adapter DEBUG LLMClient.chat attempt=1/2 model=deepseek-chat messages=5 max_tokens=1679
2026-07-08T06:02:11.211008156Z 2026-07-08 06:02:11,210 httpcore.connection DEBUG connect_tcp.started host='api.deepseek.com' port=443 local_address=None timeout=10.0 socket_options=None
2026-07-08T06:02:11.284025757Z 2026-07-08 06:02:11,283 httpcore.connection DEBUG connect_tcp.complete return_value=<httpcore._backends.sync.SyncStream object at 0xeb971923c5a0>
2026-07-08T06:02:11.284066716Z 2026-07-08 06:02:11,283 httpcore.connection DEBUG start_tls.started ssl_context=<ssl.SSLContext object at 0xeb9719ba0370> server_hostname='api.deepseek.com' timeout=10.0
2026-07-08T06:02:11.319956909Z 2026-07-08 06:02:11,319 httpcore.connection DEBUG start_tls.complete return_value=<httpcore._backends.sync.SyncStream object at 0xeb971923c5f0>
2026-07-08T06:02:11.320051368Z 2026-07-08 06:02:11,319 httpcore.http11 DEBUG send_request_headers.started request=<Request [b'POST']>
2026-07-08T06:02:11.320650662Z 2026-07-08 06:02:11,320 httpcore.http11 DEBUG send_request_headers.complete
2026-07-08T06:02:11.320664579Z 2026-07-08 06:02:11,320 httpcore.http11 DEBUG send_request_body.started request=<Request [b'POST']>
2026-07-08T06:02:11.320812621Z 2026-07-08 06:02:11,320 httpcore.http11 DEBUG send_request_body.complete
2026-07-08T06:02:11.320822163Z 2026-07-08 06:02:11,320 httpcore.http11 DEBUG receive_response_headers.started request=<Request [b'POST']>
2026-07-08T06:02:11.653842447Z 2026-07-08 06:02:11,653 httpcore.http11 DEBUG receive_response_headers.complete return_value=(b'HTTP/1.1', 200, b'OK', [(b'Content-Type', b'application/json'), (b'Transfer-Encoding', b'chunked'), (b'Connection', b'keep-alive'), (b'Date', b'Wed, 08 Jul 2026 06:02:11 GMT'), (b'Server', b'elb'), (b'Content-Encoding', b'gzip'), (b'vary', b'origin, access-control-request-method, access-control-request-headers'), (b'access-control-allow-credentials', b'true'), (b'x-ds-trace-id', b'a9de3e1cade673a503a2b9fb09aec4eb'), (b'Strict-Transport-Security', b'max-age=31536000; includeSubDomains; preload'), (b'X-Content-Type-Options', b'nosniff'), (b'X-Cache', b'Miss from cloudfront'), (b'Via', b'1.1 1401c4844b3ea759244fef5091fc307a.cloudfront.net (CloudFront)'), (b'X-Amz-Cf-Pop', b'SFO53-P7'), (b'X-Amz-Cf-Id', b'njt543bufVRZSHG0KNHNiOWcF6LyvMnFmE00K29qkhWW0D_4baCjHg==')])
2026-07-08T06:02:11.654222074Z 2026-07-08 06:02:11,654 httpx INFO HTTP Request: POST https://api.deepseek.com/v1/chat/completions "HTTP/1.1 200 OK"
2026-07-08T06:02:11.654384616Z 2026-07-08 06:02:11,654 httpcore.http11 DEBUG receive_response_body.started request=<Request [b'POST']>
2026-07-08T06:02:29.266633349Z 2026-07-08 06:02:29,266 httpcore.http11 DEBUG receive_response_body.complete
2026-07-08T06:02:29.266713557Z 2026-07-08 06:02:29,266 httpcore.http11 DEBUG response_closed.started
2026-07-08T06:02:29.266778224Z 2026-07-08 06:02:29,266 httpcore.http11 DEBUG response_closed.complete
2026-07-08T06:02:29.267063892Z 2026-07-08 06:02:29,266 httpcore.connection DEBUG close.started
2026-07-08T06:02:29.267474560Z 2026-07-08 06:02:29,267 httpcore.connection DEBUG close.complete
2026-07-08T06:02:29.267498811Z 2026-07-08 06:02:29,267 httpcore.connection DEBUG close.started
2026-07-08T06:02:29.267778312Z 2026-07-08 06:02:29,267 httpcore.connection DEBUG close.complete
2026-07-08T06:02:29.269043942Z 2026-07-08 06:02:29,268 forwin.writer.llm.adapter DEBUG LLMClient.chat success: 1895 chars returned in 18.06s
2026-07-08T06:02:29.270609782Z 2026-07-08 06:02:29,270 forwin.writer.llm.adapter DEBUG LLMClient.chat attempt=1/2 model=kimi-k2.5 messages=5 max_tokens=1800
2026-07-08T06:02:29.271667578Z 2026-07-08 06:02:29,271 httpcore.connection DEBUG connect_tcp.started host='api.moonshot.cn' port=443 local_address=None timeout=10.0 socket_options=None
2026-07-08T06:02:29.643064907Z 2026-07-08 06:02:29,642 httpcore.connection DEBUG connect_tcp.complete return_value=<httpcore._backends.sync.SyncStream object at 0xeb971923cb90>
2026-07-08T06:02:29.643164824Z 2026-07-08 06:02:29,642 httpcore.connection DEBUG start_tls.started ssl_context=<ssl.SSLContext object at 0xeb9719ba0370> server_hostname='api.moonshot.cn' timeout=10.0
2026-07-08T06:02:29.997582289Z 2026-07-08 06:02:29,997 httpcore.connection DEBUG start_tls.complete return_value=<httpcore._backends.sync.SyncStream object at 0xeb971923cbe0>
2026-07-08T06:02:29.997652997Z 2026-07-08 06:02:29,997 httpcore.http11 DEBUG send_request_headers.started request=<Request [b'POST']>
2026-07-08T06:02:29.998297042Z 2026-07-08 06:02:29,998 httpcore.http11 DEBUG send_request_headers.complete
2026-07-08T06:02:29.998327750Z 2026-07-08 06:02:29,998 httpcore.http11 DEBUG send_request_body.started request=<Request [b'POST']>
2026-07-08T06:02:29.998636085Z 2026-07-08 06:02:29,998 httpcore.http11 DEBUG send_request_body.complete
2026-07-08T06:02:29.998654376Z 2026-07-08 06:02:29,998 httpcore.http11 DEBUG receive_response_headers.started request=<Request [b'POST']>
2026-07-08T06:02:30.595579247Z 2026-07-08 06:02:30,595 httpcore.http11 DEBUG receive_response_headers.complete return_value=(b'HTTP/1.1', 429, b'Too Many Requests', [(b'Date', b'Wed, 08 Jul 2026 06:02:30 GMT'), (b'Content-Type', b'application/json; charset=utf-8'), (b'Content-Length', b'257'), (b'Connection', b'keep-alive'), (b'Msh-Gid', b'enterprise-tier-2'), (b'Msh-Org-Id', b'org-4783af77d82146eb9cdb963ca303699f'), (b'Msh-Project-Id', b'proj-b38ca7c5b03d4098a2e2d407f387adc1'), (b'Msh-Request-Id', b'9abbe759-7a92-11f1-9bcd-8af07f2675cd'), (b'Msh-Trace-Mode', b'on'), (b'Msh-Uid', b'd79a43tqip65nogbrrkg'), (b'Vary', b'Origin'), (b'Strict-Transport-Security', b'max-age=31536000; includeSubDomains')])
2026-07-08T06:02:30.596132875Z 2026-07-08 06:02:30,595 httpx INFO HTTP Request: POST https://api.moonshot.cn/v1/chat/completions "HTTP/1.1 429 Too Many Requests"
2026-07-08T06:02:30.596245625Z 2026-07-08 06:02:30,596 httpcore.http11 DEBUG receive_response_body.started request=<Request [b'POST']>
2026-07-08T06:02:30.596442168Z 2026-07-08 06:02:30,596 httpcore.http11 DEBUG receive_response_body.complete
2026-07-08T06:02:30.596464001Z 2026-07-08 06:02:30,596 httpcore.http11 DEBUG response_closed.started
2026-07-08T06:02:30.596576835Z 2026-07-08 06:02:30,596 httpcore.http11 DEBUG response_closed.complete
2026-07-08T06:02:30.598047591Z 2026-07-08 06:02:30,597 forwin.writer.llm.adapter WARNING Transient LLM HTTP status 429. Waiting 2.0 s before retry 2/2.
2026-07-08T06:02:32.600492065Z 2026-07-08 06:02:32,600 forwin.writer.llm.adapter DEBUG LLMClient.chat attempt=2/2 model=kimi-k2.5 messages=5 max_tokens=1800
2026-07-08T06:02:32.602160655Z 2026-07-08 06:02:32,601 httpcore.http11 DEBUG send_request_headers.started request=<Request [b'POST']>
2026-07-08T06:02:32.602649199Z 2026-07-08 06:02:32,602 httpcore.http11 DEBUG send_request_headers.complete
2026-07-08T06:02:32.602662365Z 2026-07-08 06:02:32,602 httpcore.http11 DEBUG send_request_body.started request=<Request [b'POST']>
2026-07-08T06:02:32.602883533Z 2026-07-08 06:02:32,602 httpcore.http11 DEBUG send_request_body.complete
2026-07-08T06:02:32.602896491Z 2026-07-08 06:02:32,602 httpcore.http11 DEBUG receive_response_headers.started request=<Request [b'POST']>
2026-07-08T06:02:33.552535614Z 2026-07-08 06:02:33,552 httpcore.http11 DEBUG receive_response_headers.complete return_value=(b'HTTP/1.1', 429, b'Too Many Requests', [(b'Date', b'Wed, 08 Jul 2026 06:02:33 GMT'), (b'Content-Type', b'application/json; charset=utf-8'), (b'Content-Length', b'257'), (b'Connection', b'keep-alive'), (b'Msh-Gid', b'enterprise-tier-2'), (b'Msh-Org-Id', b'org-4783af77d82146eb9cdb963ca303699f'), (b'Msh-Project-Id', b'proj-b38ca7c5b03d4098a2e2d407f387adc1'), (b'Msh-Request-Id', b'9c7f0fd2-7a92-11f1-a5b0-eadf85b049ae'), (b'Msh-Trace-Mode', b'on'), (b'Msh-Uid', b'd79a43tqip65nogbrrkg'), (b'Vary', b'Origin'), (b'Strict-Transport-Security', b'max-age=31536000; includeSubDomains')])
2026-07-08T06:02:33.552829949Z 2026-07-08 06:02:33,552 httpx INFO HTTP Request: POST https://api.moonshot.cn/v1/chat/completions "HTTP/1.1 429 Too Many Requests"
2026-07-08T06:02:33.552934283Z 2026-07-08 06:02:33,552 httpcore.http11 DEBUG receive_response_body.started request=<Request [b'POST']>
2026-07-08T06:02:33.553046575Z 2026-07-08 06:02:33,552 httpcore.http11 DEBUG receive_response_body.complete
2026-07-08T06:02:33.553136992Z 2026-07-08 06:02:33,553 httpcore.http11 DEBUG response_closed.started
2026-07-08T06:02:33.553141367Z 2026-07-08 06:02:33,553 httpcore.http11 DEBUG response_closed.complete
2026-07-08T06:02:33.554066538Z 2026-07-08 06:02:33,553 forwin.writer.llm.adapter WARNING LLM profile fallback: kimi-k2.5 (https://api.moonshot.cn/v1) -> deepseek-chat (https://api.deepseek.com/v1) after retries failed: Client error '429 Too Many Requests' for url 'https://api.moonshot.cn/v1/chat/completions'
2026-07-08T06:02:33.554076996Z For more information check: https://developer.mozilla.org/en-US/docs/Web/HTTP/Status/429
2026-07-08T06:02:33.554142663Z 2026-07-08 06:02:33,554 forwin.writer.llm.adapter DEBUG LLMClient.chat attempt=1/2 model=deepseek-chat messages=5 max_tokens=1679
2026-07-08T06:02:33.554960166Z 2026-07-08 06:02:33,554 httpcore.http11 DEBUG send_request_headers.started request=<Request [b'POST']>
2026-07-08T06:02:33.555316501Z 2026-07-08 06:02:33,555 httpcore.http11 DEBUG send_request_headers.complete
2026-07-08T06:02:33.555330585Z 2026-07-08 06:02:33,555 httpcore.http11 DEBUG send_request_body.started request=<Request [b'POST']>
2026-07-08T06:02:33.555584544Z 2026-07-08 06:02:33,555 httpcore.http11 DEBUG send_request_body.complete
2026-07-08T06:02:33.555593919Z 2026-07-08 06:02:33,555 httpcore.http11 DEBUG receive_response_headers.started request=<Request [b'POST']>
2026-07-08T06:02:33.873772398Z 2026-07-08 06:02:33,873 httpcore.http11 DEBUG receive_response_headers.complete return_value=(b'HTTP/1.1', 200, b'OK', [(b'Content-Type', b'application/json'), (b'Transfer-Encoding', b'chunked'), (b'Connection', b'keep-alive'), (b'Date', b'Wed, 08 Jul 2026 06:02:33 GMT'), (b'Server', b'elb'), (b'Content-Encoding', b'gzip'), (b'vary', b'origin, access-control-request-method, access-control-request-headers'), (b'access-control-allow-credentials', b'true'), (b'x-ds-trace-id', b'64f004644431022dd78bed3f61a0f85f'), (b'Strict-Transport-Security', b'max-age=31536000; includeSubDomains; preload'), (b'X-Content-Type-Options', b'nosniff'), (b'X-Cache', b'Miss from cloudfront'), (b'Via', b'1.1 1401c4844b3ea759244fef5091fc307a.cloudfront.net (CloudFront)'), (b'X-Amz-Cf-Pop', b'SFO53-P7'), (b'X-Amz-Cf-Id', b'aTjdoQjFuj1Sbo71NTxt9tCJj4LtOLXJHt6nVtks63VKFtSMysTBbw==')])
2026-07-08T06:02:33.874280942Z 2026-07-08 06:02:33,874 httpx INFO HTTP Request: POST https://api.deepseek.com/v1/chat/completions "HTTP/1.1 200 OK"
2026-07-08T06:02:33.874489734Z 2026-07-08 06:02:33,874 httpcore.http11 DEBUG receive_response_body.started request=<Request [b'POST']>
2026-07-08T06:03:00.251750971Z 2026-07-08 06:03:00,251 httpcore.http11 DEBUG receive_response_body.complete
2026-07-08T06:03:00.251827846Z 2026-07-08 06:03:00,251 httpcore.http11 DEBUG response_closed.started
2026-07-08T06:03:00.251840763Z 2026-07-08 06:03:00,251 httpcore.http11 DEBUG response_closed.complete
2026-07-08T06:03:00.252042181Z 2026-07-08 06:03:00,251 httpcore.connection DEBUG close.started
2026-07-08T06:03:00.252517641Z 2026-07-08 06:03:00,252 httpcore.connection DEBUG close.complete
2026-07-08T06:03:00.253780021Z 2026-07-08 06:03:00,253 forwin.writer.llm.adapter DEBUG LLMClient.chat success: 2670 chars returned in 26.70s
2026-07-08T06:03:00.255294486Z 2026-07-08 06:03:00,255 forwin.writer.llm.adapter DEBUG LLMClient.chat attempt=1/2 model=kimi-k2.5 messages=5 max_tokens=1800
2026-07-08T06:03:00.256411783Z 2026-07-08 06:03:00,256 httpcore.connection DEBUG connect_tcp.started host='api.moonshot.cn' port=443 local_address=None timeout=10.0 socket_options=None
2026-07-08T06:03:00.603829186Z 2026-07-08 06:03:00,603 httpcore.connection DEBUG connect_tcp.complete return_value=<httpcore._backends.sync.SyncStream object at 0xeb971923dae0>
2026-07-08T06:03:00.603897937Z 2026-07-08 06:03:00,603 httpcore.connection DEBUG start_tls.started ssl_context=<ssl.SSLContext object at 0xeb9719ba0370> server_hostname='api.moonshot.cn' timeout=10.0
2026-07-08T06:03:00.953534808Z 2026-07-08 06:03:00,953 httpcore.connection DEBUG start_tls.complete return_value=<httpcore._backends.sync.SyncStream object at 0xeb971923db80>
2026-07-08T06:03:00.953630142Z 2026-07-08 06:03:00,953 httpcore.http11 DEBUG send_request_headers.started request=<Request [b'POST']>
2026-07-08T06:03:00.953958477Z 2026-07-08 06:03:00,953 httpcore.http11 DEBUG send_request_headers.complete
2026-07-08T06:03:00.953994477Z 2026-07-08 06:03:00,953 httpcore.http11 DEBUG send_request_body.started request=<Request [b'POST']>
2026-07-08T06:03:00.954099686Z 2026-07-08 06:03:00,953 httpcore.http11 DEBUG send_request_body.complete
2026-07-08T06:03:00.954110603Z 2026-07-08 06:03:00,954 httpcore.http11 DEBUG receive_response_headers.started request=<Request [b'POST']>
2026-07-08T06:03:02.069967755Z 2026-07-08 06:03:02,069 httpcore.http11 DEBUG receive_response_headers.complete return_value=(b'HTTP/1.1', 429, b'Too Many Requests', [(b'Date', b'Wed, 08 Jul 2026 06:03:01 GMT'), (b'Content-Type', b'application/json; charset=utf-8'), (b'Content-Length', b'257'), (b'Connection', b'keep-alive'), (b'Msh-Gid', b'enterprise-tier-2'), (b'Msh-Org-Id', b'org-4783af77d82146eb9cdb963ca303699f'), (b'Msh-Project-Id', b'proj-b38ca7c5b03d4098a2e2d407f387adc1'), (b'Msh-Request-Id', b'ad7c89d1-7a92-11f1-abb0-d2987db765c1'), (b'Msh-Trace-Mode', b'on'), (b'Msh-Uid', b'd79a43tqip65nogbrrkg'), (b'Vary', b'Origin'), (b'Strict-Transport-Security', b'max-age=31536000; includeSubDomains')])
2026-07-08T06:03:02.070476966Z 2026-07-08 06:03:02,070 httpx INFO HTTP Request: POST https://api.moonshot.cn/v1/chat/completions "HTTP/1.1 429 Too Many Requests"
2026-07-08T06:03:02.070657175Z 2026-07-08 06:03:02,070 httpcore.http11 DEBUG receive_response_body.started request=<Request [b'POST']>
2026-07-08T06:03:02.070676175Z 2026-07-08 06:03:02,070 httpcore.http11 DEBUG receive_response_body.complete
2026-07-08T06:03:02.071042177Z 2026-07-08 06:03:02,070 httpcore.http11 DEBUG response_closed.started
2026-07-08T06:03:02.071061427Z 2026-07-08 06:03:02,070 httpcore.http11 DEBUG response_closed.complete
2026-07-08T06:03:02.072381182Z 2026-07-08 06:03:02,072 forwin.writer.llm.adapter WARNING Transient LLM HTTP status 429. Waiting 2.0 s before retry 2/2.
2026-07-08T06:03:04.073307711Z 2026-07-08 06:03:04,072 forwin.writer.llm.adapter DEBUG LLMClient.chat attempt=2/2 model=kimi-k2.5 messages=5 max_tokens=1800
2026-07-08T06:03:04.075224845Z 2026-07-08 06:03:04,075 httpcore.http11 DEBUG send_request_headers.started request=<Request [b'POST']>
2026-07-08T06:03:04.075881931Z 2026-07-08 06:03:04,075 httpcore.http11 DEBUG send_request_headers.complete
2026-07-08T06:03:04.075904014Z 2026-07-08 06:03:04,075 httpcore.http11 DEBUG send_request_body.started request=<Request [b'POST']>
2026-07-08T06:03:04.076500683Z 2026-07-08 06:03:04,076 httpcore.http11 DEBUG send_request_body.complete
2026-07-08T06:03:04.076526142Z 2026-07-08 06:03:04,076 httpcore.http11 DEBUG receive_response_headers.started request=<Request [b'POST']>
2026-07-08T06:03:04.686099337Z 2026-07-08 06:03:04,685 httpcore.http11 DEBUG receive_response_headers.complete return_value=(b'HTTP/1.1', 429, b'Too Many Requests', [(b'Date', b'Wed, 08 Jul 2026 06:03:04 GMT'), (b'Content-Type', b'application/json; charset=utf-8'), (b'Content-Length', b'257'), (b'Connection', b'keep-alive'), (b'Msh-Gid', b'enterprise-tier-2'), (b'Msh-Org-Id', b'org-4783af77d82146eb9cdb963ca303699f'), (b'Msh-Project-Id', b'proj-b38ca7c5b03d4098a2e2d407f387adc1'), (b'Msh-Request-Id', b'af0dbe82-7a92-11f1-acd9-a69a4bbee192'), (b'Msh-Trace-Mode', b'on'), (b'Msh-Uid', b'd79a43tqip65nogbrrkg'), (b'Vary', b'Origin'), (b'Strict-Transport-Security', b'max-age=31536000; includeSubDomains')])
2026-07-08T06:03:04.686548547Z 2026-07-08 06:03:04,686 httpx INFO HTTP Request: POST https://api.moonshot.cn/v1/chat/completions "HTTP/1.1 429 Too Many Requests"
2026-07-08T06:03:04.686660589Z 2026-07-08 06:03:04,686 httpcore.http11 DEBUG receive_response_body.started request=<Request [b'POST']>
2026-07-08T06:03:04.686861090Z 2026-07-08 06:03:04,686 httpcore.http11 DEBUG receive_response_body.complete
2026-07-08T06:03:04.686913215Z 2026-07-08 06:03:04,686 httpcore.http11 DEBUG response_closed.started
2026-07-08T06:03:04.686920924Z 2026-07-08 06:03:04,686 httpcore.http11 DEBUG response_closed.complete
2026-07-08T06:03:04.688502139Z 2026-07-08 06:03:04,688 forwin.writer.llm.adapter WARNING LLM profile fallback: kimi-k2.5 (https://api.moonshot.cn/v1) -> deepseek-chat (https://api.deepseek.com/v1) after retries failed: Client error '429 Too Many Requests' for url 'https://api.moonshot.cn/v1/chat/completions'
2026-07-08T06:03:04.688522306Z For more information check: https://developer.mozilla.org/en-US/docs/Web/HTTP/Status/429
2026-07-08T06:03:04.688597139Z 2026-07-08 06:03:04,688 forwin.writer.llm.adapter DEBUG LLMClient.chat attempt=1/2 model=deepseek-chat messages=5 max_tokens=1679
2026-07-08T06:03:04.689634269Z 2026-07-08 06:03:04,689 httpcore.http11 DEBUG send_request_headers.started request=<Request [b'POST']>
2026-07-08T06:03:04.690005354Z 2026-07-08 06:03:04,689 httpcore.http11 DEBUG send_request_headers.complete
2026-07-08T06:03:04.690018229Z 2026-07-08 06:03:04,689 httpcore.http11 DEBUG send_request_body.started request=<Request [b'POST']>
2026-07-08T06:03:04.690299397Z 2026-07-08 06:03:04,690 httpcore.http11 DEBUG send_request_body.complete
2026-07-08T06:03:04.690377397Z 2026-07-08 06:03:04,690 httpcore.http11 DEBUG receive_response_headers.started request=<Request [b'POST']>
2026-07-08T06:03:05.030246436Z 2026-07-08 06:03:05,029 httpcore.http11 DEBUG receive_response_headers.complete return_value=(b'HTTP/1.1', 200, b'OK', [(b'Content-Type', b'application/json'), (b'Transfer-Encoding', b'chunked'), (b'Connection', b'keep-alive'), (b'Date', b'Wed, 08 Jul 2026 06:03:04 GMT'), (b'Server', b'elb'), (b'Content-Encoding', b'gzip'), (b'vary', b'origin, access-control-request-method, access-control-request-headers'), (b'access-control-allow-credentials', b'true'), (b'x-ds-trace-id', b'6036111f35e4910194178847fb1409f6'), (b'Strict-Transport-Security', b'max-age=31536000; includeSubDomains; preload'), (b'X-Content-Type-Options', b'nosniff'), (b'X-Cache', b'Miss from cloudfront'), (b'Via', b'1.1 1401c4844b3ea759244fef5091fc307a.cloudfront.net (CloudFront)'), (b'X-Amz-Cf-Pop', b'SFO53-P7'), (b'X-Amz-Cf-Id', b'Blt0kPUaGbDsxfqEIi2y_-EHA7rQBUgvV2iuRNzXcylbKLR92mH60Q==')])
2026-07-08T06:03:05.030784397Z 2026-07-08 06:03:05,030 httpx INFO HTTP Request: POST https://api.deepseek.com/v1/chat/completions "HTTP/1.1 200 OK"
2026-07-08T06:03:05.030872856Z 2026-07-08 06:03:05,030 httpcore.http11 DEBUG receive_response_body.started request=<Request [b'POST']>
2026-07-08T06:03:35.945872318Z 2026-07-08 06:03:35,945 httpcore.http11 DEBUG receive_response_body.complete
2026-07-08T06:03:35.945957235Z 2026-07-08 06:03:35,945 httpcore.http11 DEBUG response_closed.started
2026-07-08T06:03:35.945965276Z 2026-07-08 06:03:35,945 httpcore.http11 DEBUG response_closed.complete
2026-07-08T06:03:35.946049818Z 2026-07-08 06:03:35,945 httpcore.connection DEBUG close.started
2026-07-08T06:03:35.946704488Z 2026-07-08 06:03:35,946 httpcore.connection DEBUG close.complete
2026-07-08T06:03:35.947875785Z 2026-07-08 06:03:35,947 forwin.writer.llm.adapter DEBUG LLMClient.chat success: 2814 chars returned in 31.26s
2026-07-08T06:03:35.949437333Z 2026-07-08 06:03:35,949 forwin.writer.llm.adapter DEBUG LLMClient.chat attempt=1/2 model=kimi-k2.5 messages=5 max_tokens=5600
2026-07-08T06:03:35.950641338Z 2026-07-08 06:03:35,950 httpcore.connection DEBUG connect_tcp.started host='api.moonshot.cn' port=443 local_address=None timeout=10.0 socket_options=None
2026-07-08T06:03:36.454094385Z 2026-07-08 06:03:36,453 httpcore.connection DEBUG connect_tcp.complete return_value=<httpcore._backends.sync.SyncStream object at 0xeb971923e530>
2026-07-08T06:03:36.454158760Z 2026-07-08 06:03:36,453 httpcore.connection DEBUG start_tls.started ssl_context=<ssl.SSLContext object at 0xeb9719ba0370> server_hostname='api.moonshot.cn' timeout=10.0
2026-07-08T06:03:37.374426356Z 2026-07-08 06:03:37,373 httpcore.connection DEBUG start_tls.complete return_value=<httpcore._backends.sync.SyncStream object at 0xeb971923e580>
2026-07-08T06:03:37.376084280Z 2026-07-08 06:03:37,375 httpcore.http11 DEBUG send_request_headers.started request=<Request [b'POST']>
2026-07-08T06:03:37.376762783Z 2026-07-08 06:03:37,376 httpcore.http11 DEBUG send_request_headers.complete
2026-07-08T06:03:37.376785783Z 2026-07-08 06:03:37,376 httpcore.http11 DEBUG send_request_body.started request=<Request [b'POST']>
2026-07-08T06:03:37.377403410Z 2026-07-08 06:03:37,376 httpcore.http11 DEBUG send_request_body.complete
2026-07-08T06:03:37.377424535Z 2026-07-08 06:03:37,377 httpcore.http11 DEBUG receive_response_headers.started request=<Request [b'POST']>
2026-07-08T06:03:39.282051172Z 2026-07-08 06:03:39,281 httpcore.http11 DEBUG receive_response_headers.complete return_value=(b'HTTP/1.1', 429, b'Too Many Requests', [(b'Date', b'Wed, 08 Jul 2026 06:03:39 GMT'), (b'Content-Type', b'application/json; charset=utf-8'), (b'Content-Length', b'257'), (b'Connection', b'keep-alive'), (b'Msh-Gid', b'enterprise-tier-2'), (b'Msh-Org-Id', b'org-4783af77d82146eb9cdb963ca303699f'), (b'Msh-Project-Id', b'proj-b38ca7c5b03d4098a2e2d407f387adc1'), (b'Msh-Request-Id', b'c3ac7720-7a92-11f1-abb0-d2987db765c1'), (b'Msh-Trace-Mode', b'on'), (b'Msh-Uid', b'd79a43tqip65nogbrrkg'), (b'Vary', b'Origin'), (b'Strict-Transport-Security', b'max-age=31536000; includeSubDomains')])
2026-07-08T06:03:39.282431549Z 2026-07-08 06:03:39,282 httpx INFO HTTP Request: POST https://api.moonshot.cn/v1/chat/completions "HTTP/1.1 429 Too Many Requests"
2026-07-08T06:03:39.282581341Z 2026-07-08 06:03:39,282 httpcore.http11 DEBUG receive_response_body.started request=<Request [b'POST']>
2026-07-08T06:03:39.282683383Z 2026-07-08 06:03:39,282 httpcore.http11 DEBUG receive_response_body.complete
2026-07-08T06:03:39.282824884Z 2026-07-08 06:03:39,282 httpcore.http11 DEBUG response_closed.started
2026-07-08T06:03:39.282832342Z 2026-07-08 06:03:39,282 httpcore.http11 DEBUG response_closed.complete
2026-07-08T06:03:39.284317640Z 2026-07-08 06:03:39,284 forwin.writer.llm.adapter WARNING Transient LLM HTTP status 429. Waiting 2.0 s before retry 2/2.
2026-07-08T06:03:41.285741740Z 2026-07-08 06:03:41,285 forwin.writer.llm.adapter DEBUG LLMClient.chat attempt=2/2 model=kimi-k2.5 messages=5 max_tokens=5600
2026-07-08T06:03:41.286083699Z 2026-07-08 06:03:41,286 httpcore.connection DEBUG close.started
2026-07-08T06:03:41.286262034Z 2026-07-08 06:03:41,286 httpcore.connection DEBUG close.complete
2026-07-08T06:03:41.286265200Z 2026-07-08 06:03:41,286 httpcore.http11 DEBUG send_request_headers.started request=<Request [b'POST']>
2026-07-08T06:03:41.286391992Z 2026-07-08 06:03:41,286 httpcore.http11 DEBUG send_request_headers.complete
2026-07-08T06:03:41.286394159Z 2026-07-08 06:03:41,286 httpcore.http11 DEBUG send_request_body.started request=<Request [b'POST']>
2026-07-08T06:03:41.286475284Z 2026-07-08 06:03:41,286 httpcore.http11 DEBUG send_request_body.complete
2026-07-08T06:03:41.286478201Z 2026-07-08 06:03:41,286 httpcore.http11 DEBUG receive_response_headers.started request=<Request [b'POST']>
2026-07-08T06:03:41.849090839Z 2026-07-08 06:03:41,848 httpcore.http11 DEBUG receive_response_headers.complete return_value=(b'HTTP/1.1', 429, b'Too Many Requests', [(b'Date', b'Wed, 08 Jul 2026 06:03:41 GMT'), (b'Content-Type', b'application/json; charset=utf-8'), (b'Content-Length', b'257'), (b'Connection', b'keep-alive'), (b'Msh-Gid', b'enterprise-tier-2'), (b'Msh-Org-Id', b'org-4783af77d82146eb9cdb963ca303699f'), (b'Msh-Project-Id', b'proj-b38ca7c5b03d4098a2e2d407f387adc1'), (b'Msh-Request-Id', b'c5342340-7a92-11f1-b1a7-a28830c51955'), (b'Msh-Trace-Mode', b'on'), (b'Msh-Uid', b'd79a43tqip65nogbrrkg'), (b'Vary', b'Origin'), (b'Strict-Transport-Security', b'max-age=31536000; includeSubDomains')])
2026-07-08T06:03:41.849569216Z 2026-07-08 06:03:41,849 httpx INFO HTTP Request: POST https://api.moonshot.cn/v1/chat/completions "HTTP/1.1 429 Too Many Requests"
2026-07-08T06:03:41.849746092Z 2026-07-08 06:03:41,849 httpcore.http11 DEBUG receive_response_body.started request=<Request [b'POST']>
2026-07-08T06:03:41.849766217Z 2026-07-08 06:03:41,849 httpcore.http11 DEBUG receive_response_body.complete
2026-07-08T06:03:41.850042177Z 2026-07-08 06:03:41,849 httpcore.http11 DEBUG response_closed.started
2026-07-08T06:03:41.850061135Z 2026-07-08 06:03:41,849 httpcore.http11 DEBUG response_closed.complete
2026-07-08T06:03:41.851529225Z 2026-07-08 06:03:41,851 forwin.writer.llm.adapter WARNING LLM profile fallback: kimi-k2.5 (https://api.moonshot.cn/v1) -> deepseek-chat (https://api.deepseek.com/v1) after retries failed: Client error '429 Too Many Requests' for url 'https://api.moonshot.cn/v1/chat/completions'
2026-07-08T06:03:41.851547308Z For more information check: https://developer.mozilla.org/en-US/docs/Web/HTTP/Status/429
2026-07-08T06:03:41.851607142Z 2026-07-08 06:03:41,851 forwin.writer.llm.adapter DEBUG LLMClient.chat attempt=1/2 model=deepseek-chat messages=5 max_tokens=5600
2026-07-08T06:03:41.852774772Z 2026-07-08 06:03:41,852 httpcore.connection DEBUG connect_tcp.started host='api.deepseek.com' port=443 local_address=None timeout=10.0 socket_options=None
2026-07-08T06:03:41.899820642Z 2026-07-08 06:03:41,899 httpcore.connection DEBUG connect_tcp.complete return_value=<httpcore._backends.sync.SyncStream object at 0xeb97191ef7a0>
2026-07-08T06:03:41.899885767Z 2026-07-08 06:03:41,899 httpcore.connection DEBUG start_tls.started ssl_context=<ssl.SSLContext object at 0xeb9719ba0370> server_hostname='api.deepseek.com' timeout=10.0
2026-07-08T06:03:41.925796087Z 2026-07-08 06:03:41,925 httpcore.connection DEBUG start_tls.complete return_value=<httpcore._backends.sync.SyncStream object at 0xeb97191ef6b0>
2026-07-08T06:03:41.925879379Z 2026-07-08 06:03:41,925 httpcore.http11 DEBUG send_request_headers.started request=<Request [b'POST']>
2026-07-08T06:03:41.926230422Z 2026-07-08 06:03:41,926 httpcore.http11 DEBUG send_request_headers.complete
2026-07-08T06:03:41.926246547Z 2026-07-08 06:03:41,926 httpcore.http11 DEBUG send_request_body.started request=<Request [b'POST']>
2026-07-08T06:03:41.926512090Z 2026-07-08 06:03:41,926 httpcore.http11 DEBUG send_request_body.complete
2026-07-08T06:03:41.926531424Z 2026-07-08 06:03:41,926 httpcore.http11 DEBUG receive_response_headers.started request=<Request [b'POST']>
2026-07-08T06:03:42.380007882Z 2026-07-08 06:03:42,379 httpcore.http11 DEBUG receive_response_headers.complete return_value=(b'HTTP/1.1', 200, b'OK', [(b'Content-Type', b'application/json'), (b'Transfer-Encoding', b'chunked'), (b'Connection', b'keep-alive'), (b'Date', b'Wed, 08 Jul 2026 06:03:42 GMT'), (b'Server', b'elb'), (b'Content-Encoding', b'gzip'), (b'vary', b'origin, access-control-request-method, access-control-request-headers'), (b'access-control-allow-credentials', b'true'), (b'x-ds-trace-id', b'51f4a4dd1046a1751f2cabbc96c9b85c'), (b'Strict-Transport-Security', b'max-age=31536000; includeSubDomains; preload'), (b'X-Content-Type-Options', b'nosniff'), (b'X-Cache', b'Miss from cloudfront'), (b'Via', b'1.1 b0797f10be715dcb685d992d17347df4.cloudfront.net (CloudFront)'), (b'X-Amz-Cf-Pop', b'SFO53-P7'), (b'X-Amz-Cf-Id', b'kY84AUSViOYibg92_Q8a8L13refWb19fxEa8GwMEJ6p1YrhApM5r6A==')])
2026-07-08T06:03:42.380440759Z 2026-07-08 06:03:42,380 httpx INFO HTTP Request: POST https://api.deepseek.com/v1/chat/completions "HTTP/1.1 200 OK"
2026-07-08T06:03:42.380664385Z 2026-07-08 06:03:42,380 httpcore.http11 DEBUG receive_response_body.started request=<Request [b'POST']>
2026-07-08T06:04:09.671364128Z 2026-07-08 06:04:09,670 httpcore.http11 DEBUG receive_response_body.complete
2026-07-08T06:04:09.671444296Z 2026-07-08 06:04:09,671 httpcore.http11 DEBUG response_closed.started
2026-07-08T06:04:09.671487129Z 2026-07-08 06:04:09,671 httpcore.http11 DEBUG response_closed.complete
2026-07-08T06:04:09.671628671Z 2026-07-08 06:04:09,671 httpcore.connection DEBUG close.started
2026-07-08T06:04:09.672097215Z 2026-07-08 06:04:09,671 httpcore.connection DEBUG close.complete
2026-07-08T06:04:09.673551096Z 2026-07-08 06:04:09,673 forwin.writer.llm.adapter DEBUG LLMClient.chat success: 6054 chars returned in 27.82s
2026-07-08T06:04:09.674699351Z 2026-07-08 06:04:09,674 httpcore.connection DEBUG connect_tcp.started host='10.0.0.150' port=8895 local_address=None timeout=10.0 socket_options=None
2026-07-08T06:04:09.687867992Z 2026-07-08 06:04:09,687 httpcore.connection DEBUG connect_tcp.failed exception=ConnectError(ConnectionRefusedError(111, 'Connection refused'))
2026-07-08T06:04:09.688510078Z 2026-07-08 06:04:09,688 forwin.writer.llm.adapter DEBUG LLMClient.chat attempt=1/2 model=kimi-k2.5 messages=2 max_tokens=2200
2026-07-08T06:04:09.690017418Z 2026-07-08 06:04:09,689 httpcore.connection DEBUG connect_tcp.started host='api.moonshot.cn' port=443 local_address=None timeout=10.0 socket_options=None
2026-07-08T06:04:09.897647778Z 2026-07-08 06:04:09,897 httpcore.connection DEBUG connect_tcp.complete return_value=<httpcore._backends.sync.SyncStream object at 0xeb97191eedf0>
2026-07-08T06:04:09.897705236Z 2026-07-08 06:04:09,897 httpcore.connection DEBUG start_tls.started ssl_context=<ssl.SSLContext object at 0xeb9719ba0370> server_hostname='api.moonshot.cn' timeout=10.0
2026-07-08T06:04:10.294790836Z 2026-07-08 06:04:10,294 httpcore.connection DEBUG start_tls.complete return_value=<httpcore._backends.sync.SyncStream object at 0xeb97191eeb20>
2026-07-08T06:04:10.294886795Z 2026-07-08 06:04:10,294 httpcore.http11 DEBUG send_request_headers.started request=<Request [b'POST']>
2026-07-08T06:04:10.295643131Z 2026-07-08 06:04:10,295 httpcore.http11 DEBUG send_request_headers.complete
2026-07-08T06:04:10.295674340Z 2026-07-08 06:04:10,295 httpcore.http11 DEBUG send_request_body.started request=<Request [b'POST']>
2026-07-08T06:04:10.296086967Z 2026-07-08 06:04:10,295 httpcore.http11 DEBUG send_request_body.complete
2026-07-08T06:04:10.296116259Z 2026-07-08 06:04:10,295 httpcore.http11 DEBUG receive_response_headers.started request=<Request [b'POST']>
2026-07-08T06:04:11.311358210Z 2026-07-08 06:04:11,310 httpcore.http11 DEBUG receive_response_headers.complete return_value=(b'HTTP/1.1', 429, b'Too Many Requests', [(b'Date', b'Wed, 08 Jul 2026 06:04:11 GMT'), (b'Content-Type', b'application/json; charset=utf-8'), (b'Content-Length', b'257'), (b'Connection', b'keep-alive'), (b'Msh-Gid', b'enterprise-tier-2'), (b'Msh-Org-Id', b'org-4783af77d82146eb9cdb963ca303699f'), (b'Msh-Project-Id', b'proj-b38ca7c5b03d4098a2e2d407f387adc1'), (b'Msh-Request-Id', b'd6c0827b-7a92-11f1-ac4d-fea955c963b8'), (b'Msh-Trace-Mode', b'on'), (b'Msh-Uid', b'd79a43tqip65nogbrrkg'), (b'Vary', b'Origin'), (b'Strict-Transport-Security', b'max-age=31536000; includeSubDomains')])
2026-07-08T06:04:11.311621170Z 2026-07-08 06:04:11,311 httpx INFO HTTP Request: POST https://api.moonshot.cn/v1/chat/completions "HTTP/1.1 429 Too Many Requests"
2026-07-08T06:04:11.311732503Z 2026-07-08 06:04:11,311 httpcore.http11 DEBUG receive_response_body.started request=<Request [b'POST']>
2026-07-08T06:04:11.311808045Z 2026-07-08 06:04:11,311 httpcore.http11 DEBUG receive_response_body.complete
2026-07-08T06:04:11.311870546Z 2026-07-08 06:04:11,311 httpcore.http11 DEBUG response_closed.started
2026-07-08T06:04:11.311937338Z 2026-07-08 06:04:11,311 httpcore.http11 DEBUG response_closed.complete
2026-07-08T06:04:11.312804300Z 2026-07-08 06:04:11,312 forwin.writer.llm.adapter WARNING Transient LLM HTTP status 429. Waiting 2.0 s before retry 2/2.
2026-07-08T06:04:13.316236046Z 2026-07-08 06:04:13,315 forwin.writer.llm.adapter DEBUG LLMClient.chat attempt=2/2 model=kimi-k2.5 messages=2 max_tokens=2200
2026-07-08T06:04:13.318324222Z 2026-07-08 06:04:13,318 httpcore.http11 DEBUG send_request_headers.started request=<Request [b'POST']>
2026-07-08T06:04:13.319235268Z 2026-07-08 06:04:13,318 httpcore.http11 DEBUG send_request_headers.complete
2026-07-08T06:04:13.319267518Z 2026-07-08 06:04:13,319 httpcore.http11 DEBUG send_request_body.started request=<Request [b'POST']>
2026-07-08T06:04:13.319698228Z 2026-07-08 06:04:13,319 httpcore.http11 DEBUG send_request_body.complete
2026-07-08T06:04:13.319715978Z 2026-07-08 06:04:13,319 httpcore.http11 DEBUG receive_response_headers.started request=<Request [b'POST']>
2026-07-08T06:04:16.455527235Z 2026-07-08 06:04:16,455 httpcore.http11 DEBUG receive_response_headers.complete return_value=(b'HTTP/1.1', 429, b'Too Many Requests', [(b'Date', b'Wed, 08 Jul 2026 06:04:16 GMT'), (b'Content-Type', b'application/json; charset=utf-8'), (b'Content-Length', b'257'), (b'Connection', b'keep-alive'), (b'Msh-Gid', b'enterprise-tier-2'), (b'Msh-Org-Id', b'org-4783af77d82146eb9cdb963ca303699f'), (b'Msh-Project-Id', b'proj-b38ca7c5b03d4098a2e2d407f387adc1'), (b'Msh-Request-Id', b'd9d1e11b-7a92-11f1-bec7-16209933fa1f'), (b'Msh-Trace-Mode', b'on'), (b'Msh-Uid', b'd79a43tqip65nogbrrkg'), (b'Vary', b'Origin'), (b'Strict-Transport-Security', b'max-age=31536000; includeSubDomains')])
2026-07-08T06:04:16.455841945Z 2026-07-08 06:04:16,455 httpx INFO HTTP Request: POST https://api.moonshot.cn/v1/chat/completions "HTTP/1.1 429 Too Many Requests"
2026-07-08T06:04:16.455964987Z 2026-07-08 06:04:16,455 httpcore.http11 DEBUG receive_response_body.started request=<Request [b'POST']>
2026-07-08T06:04:16.456067279Z 2026-07-08 06:04:16,455 httpcore.http11 DEBUG receive_response_body.complete
2026-07-08T06:04:16.456129446Z 2026-07-08 06:04:16,456 httpcore.http11 DEBUG response_closed.started
2026-07-08T06:04:16.456137821Z 2026-07-08 06:04:16,456 httpcore.http11 DEBUG response_closed.complete
2026-07-08T06:04:16.456263905Z 2026-07-08 06:04:16,456 httpcore.connection DEBUG close.started
2026-07-08T06:04:16.456655990Z 2026-07-08 06:04:16,456 httpcore.connection DEBUG close.complete
2026-07-08T06:04:16.457578161Z 2026-07-08 06:04:16,457 forwin.writer.chapter_writer WARNING ChapterWriter JSON call failed on attempt 1/2: Client error '429 Too Many Requests' for url 'https://api.moonshot.cn/v1/chat/completions'
2026-07-08T06:04:16.457592411Z For more information check: https://developer.mozilla.org/en-US/docs/Web/HTTP/Status/429
2026-07-08T06:04:16.458280789Z 2026-07-08 06:04:16,458 httpcore.connection DEBUG connect_tcp.started host='10.0.0.150' port=8895 local_address=None timeout=10.0 socket_options=None
2026-07-08T06:04:16.478747211Z 2026-07-08 06:04:16,478 httpcore.connection DEBUG connect_tcp.failed exception=ConnectError(ConnectionRefusedError(111, 'Connection refused'))
2026-07-08T06:04:16.479255380Z 2026-07-08 06:04:16,479 forwin.writer.llm.adapter DEBUG LLMClient.chat attempt=1/2 model=kimi-k2.5 messages=2 max_tokens=1800
2026-07-08T06:04:16.480368427Z 2026-07-08 06:04:16,480 httpcore.http11 DEBUG send_request_headers.started request=<Request [b'POST']>
2026-07-08T06:04:16.480754595Z 2026-07-08 06:04:16,480 httpcore.http11 DEBUG send_request_headers.complete
2026-07-08T06:04:16.480767053Z 2026-07-08 06:04:16,480 httpcore.http11 DEBUG send_request_body.started request=<Request [b'POST']>
2026-07-08T06:04:16.481208639Z 2026-07-08 06:04:16,480 httpcore.http11 DEBUG send_request_body.complete
2026-07-08T06:04:16.481233305Z 2026-07-08 06:04:16,480 httpcore.http11 DEBUG receive_response_headers.started request=<Request [b'POST']>
2026-07-08T06:04:17.133774935Z 2026-07-08 06:04:17,133 httpcore.http11 DEBUG receive_response_headers.complete return_value=(b'HTTP/1.1', 429, b'Too Many Requests', [(b'Date', b'Wed, 08 Jul 2026 06:04:17 GMT'), (b'Content-Type', b'application/json; charset=utf-8'), (b'Content-Length', b'257'), (b'Connection', b'keep-alive'), (b'Msh-Gid', b'enterprise-tier-2'), (b'Msh-Org-Id', b'org-4783af77d82146eb9cdb963ca303699f'), (b'Msh-Project-Id', b'proj-b38ca7c5b03d4098a2e2d407f387adc1'), (b'Msh-Request-Id', b'da39fa0f-7a92-11f1-ac4d-fea955c963b8'), (b'Msh-Trace-Mode', b'on'), (b'Msh-Uid', b'd79a43tqip65nogbrrkg'), (b'Vary', b'Origin'), (b'Strict-Transport-Security', b'max-age=31536000; includeSubDomains')])
2026-07-08T06:04:17.133852268Z 2026-07-08 06:04:17,133 httpx INFO HTTP Request: POST https://api.moonshot.cn/v1/chat/completions "HTTP/1.1 429 Too Many Requests"
2026-07-08T06:04:17.133877560Z 2026-07-08 06:04:17,133 httpcore.http11 DEBUG receive_response_body.started request=<Request [b'POST']>
2026-07-08T06:04:17.133910977Z 2026-07-08 06:04:17,133 httpcore.http11 DEBUG receive_response_body.complete
2026-07-08T06:04:17.133933769Z 2026-07-08 06:04:17,133 httpcore.http11 DEBUG response_closed.started
2026-07-08T06:04:17.133934935Z 2026-07-08 06:04:17,133 httpcore.http11 DEBUG response_closed.complete
2026-07-08T06:04:17.134216978Z 2026-07-08 06:04:17,134 forwin.writer.llm.adapter WARNING Transient LLM HTTP status 429. Waiting 2.0 s before retry 2/2.
2026-07-08T06:04:19.135887102Z 2026-07-08 06:04:19,135 forwin.writer.llm.adapter DEBUG LLMClient.chat attempt=2/2 model=kimi-k2.5 messages=2 max_tokens=1800
2026-07-08T06:04:19.136542438Z 2026-07-08 06:04:19,136 httpcore.http11 DEBUG send_request_headers.started request=<Request [b'POST']>
2026-07-08T06:04:19.136839273Z 2026-07-08 06:04:19,136 httpcore.http11 DEBUG send_request_headers.complete
2026-07-08T06:04:19.136846981Z 2026-07-08 06:04:19,136 httpcore.http11 DEBUG send_request_body.started request=<Request [b'POST']>
2026-07-08T06:04:19.137087107Z 2026-07-08 06:04:19,136 httpcore.http11 DEBUG send_request_body.complete
2026-07-08T06:04:19.137114316Z 2026-07-08 06:04:19,136 httpcore.http11 DEBUG receive_response_headers.started request=<Request [b'POST']>
2026-07-08T06:04:22.048063984Z 2026-07-08 06:04:22,047 httpcore.http11 DEBUG receive_response_headers.complete return_value=(b'HTTP/1.1', 429, b'Too Many Requests', [(b'Date', b'Wed, 08 Jul 2026 06:04:21 GMT'), (b'Content-Type', b'application/json; charset=utf-8'), (b'Content-Length', b'257'), (b'Connection', b'keep-alive'), (b'Msh-Gid', b'enterprise-tier-2'), (b'Msh-Org-Id', b'org-4783af77d82146eb9cdb963ca303699f'), (b'Msh-Project-Id', b'proj-b38ca7c5b03d4098a2e2d407f387adc1'), (b'Msh-Request-Id', b'dd273f89-7a92-11f1-9ffe-8e4c67cf5b78'), (b'Msh-Trace-Mode', b'on'), (b'Msh-Uid', b'd79a43tqip65nogbrrkg'), (b'Vary', b'Origin'), (b'Strict-Transport-Security', b'max-age=31536000; includeSubDomains')])
2026-07-08T06:04:22.048256360Z 2026-07-08 06:04:22,048 httpx INFO HTTP Request: POST https://api.moonshot.cn/v1/chat/completions "HTTP/1.1 429 Too Many Requests"
2026-07-08T06:04:22.048310485Z 2026-07-08 06:04:22,048 httpcore.http11 DEBUG receive_response_body.started request=<Request [b'POST']>
2026-07-08T06:04:22.048366985Z 2026-07-08 06:04:22,048 httpcore.http11 DEBUG receive_response_body.complete
2026-07-08T06:04:22.048401069Z 2026-07-08 06:04:22,048 httpcore.http11 DEBUG response_closed.started
2026-07-08T06:04:22.048403944Z 2026-07-08 06:04:22,048 httpcore.http11 DEBUG response_closed.complete
2026-07-08T06:04:22.048936113Z 2026-07-08 06:04:22,048 forwin.writer.chapter_writer WARNING ChapterWriter JSON call failed on attempt 2/2: Client error '429 Too Many Requests' for url 'https://api.moonshot.cn/v1/chat/completions'
2026-07-08T06:04:22.048942904Z For more information check: https://developer.mozilla.org/en-US/docs/Web/HTTP/Status/429
2026-07-08T06:04:22.048945071Z 2026-07-08 06:04:22,048 forwin.writer.chapter_writer WARNING state_event_extraction primary pass failed, retrying with reduced body: ChapterWriter JSON generation failed after retries: Client error '429 Too Many Requests' for url 'https://api.moonshot.cn/v1/chat/completions'
2026-07-08T06:04:22.048947071Z For more information check: https://developer.mozilla.org/en-US/docs/Web/HTTP/Status/429
2026-07-08T06:04:22.049344489Z 2026-07-08 06:04:22,049 httpcore.connection DEBUG connect_tcp.started host='10.0.0.150' port=8895 local_address=None timeout=10.0 socket_options=None
2026-07-08T06:04:22.060093661Z 2026-07-08 06:04:22,059 httpcore.connection DEBUG connect_tcp.failed exception=ConnectError(ConnectionRefusedError(111, 'Connection refused'))
2026-07-08T06:04:22.060311829Z 2026-07-08 06:04:22,060 forwin.writer.llm.adapter DEBUG LLMClient.chat attempt=1/2 model=kimi-k2.5 messages=2 max_tokens=1800
2026-07-08T06:04:22.060865373Z 2026-07-08 06:04:22,060 httpcore.http11 DEBUG send_request_headers.started request=<Request [b'POST']>
2026-07-08T06:04:22.061174249Z 2026-07-08 06:04:22,061 httpcore.http11 DEBUG send_request_headers.complete
2026-07-08T06:04:22.061188833Z 2026-07-08 06:04:22,061 httpcore.http11 DEBUG send_request_body.started request=<Request [b'POST']>
2026-07-08T06:04:22.061379792Z 2026-07-08 06:04:22,061 httpcore.http11 DEBUG send_request_body.complete
2026-07-08T06:04:22.061384042Z 2026-07-08 06:04:22,061 httpcore.http11 DEBUG receive_response_headers.started request=<Request [b'POST']>
2026-07-08T06:04:22.671179196Z 2026-07-08 06:04:22,671 httpcore.http11 DEBUG receive_response_headers.complete return_value=(b'HTTP/1.1', 429, b'Too Many Requests', [(b'Date', b'Wed, 08 Jul 2026 06:04:22 GMT'), (b'Content-Type', b'application/json; charset=utf-8'), (b'Content-Length', b'257'), (b'Connection', b'keep-alive'), (b'Msh-Gid', b'enterprise-tier-2'), (b'Msh-Org-Id', b'org-4783af77d82146eb9cdb963ca303699f'), (b'Msh-Project-Id', b'proj-b38ca7c5b03d4098a2e2d407f387adc1'), (b'Msh-Request-Id', b'dd865559-7a92-11f1-9f31-16f91790909e'), (b'Msh-Trace-Mode', b'on'), (b'Msh-Uid', b'd79a43tqip65nogbrrkg'), (b'Vary', b'Origin'), (b'Strict-Transport-Security', b'max-age=31536000; includeSubDomains')])
2026-07-08T06:04:22.671290197Z 2026-07-08 06:04:22,671 httpx INFO HTTP Request: POST https://api.moonshot.cn/v1/chat/completions "HTTP/1.1 429 Too Many Requests"
2026-07-08T06:04:22.671332780Z 2026-07-08 06:04:22,671 httpcore.http11 DEBUG receive_response_body.started request=<Request [b'POST']>
2026-07-08T06:04:22.671370072Z 2026-07-08 06:04:22,671 httpcore.http11 DEBUG receive_response_body.complete
2026-07-08T06:04:22.671392989Z 2026-07-08 06:04:22,671 httpcore.http11 DEBUG response_closed.started
2026-07-08T06:04:22.671394822Z 2026-07-08 06:04:22,671 httpcore.http11 DEBUG response_closed.complete
2026-07-08T06:04:22.671667865Z 2026-07-08 06:04:22,671 forwin.writer.llm.adapter WARNING Transient LLM HTTP status 429. Waiting 2.0 s before retry 2/2.
2026-07-08T06:04:24.673067122Z 2026-07-08 06:04:24,672 forwin.writer.llm.adapter DEBUG LLMClient.chat attempt=2/2 model=kimi-k2.5 messages=2 max_tokens=1800
2026-07-08T06:04:24.674898046Z 2026-07-08 06:04:24,674 httpcore.http11 DEBUG send_request_headers.started request=<Request [b'POST']>
2026-07-08T06:04:24.675529591Z 2026-07-08 06:04:24,675 httpcore.http11 DEBUG send_request_headers.complete
2026-07-08T06:04:24.675553424Z 2026-07-08 06:04:24,675 httpcore.http11 DEBUG send_request_body.started request=<Request [b'POST']>
2026-07-08T06:04:24.675756717Z 2026-07-08 06:04:24,675 httpcore.http11 DEBUG send_request_body.complete
2026-07-08T06:04:24.675768384Z 2026-07-08 06:04:24,675 httpcore.http11 DEBUG receive_response_headers.started request=<Request [b'POST']>
2026-07-08T06:04:25.772510494Z 2026-07-08 06:04:25,771 httpcore.http11 DEBUG receive_response_headers.complete return_value=(b'HTTP/1.1', 429, b'Too Many Requests', [(b'Date', b'Wed, 08 Jul 2026 06:04:25 GMT'), (b'Content-Type', b'application/json; charset=utf-8'), (b'Content-Length', b'257'), (b'Connection', b'keep-alive'), (b'Msh-Gid', b'enterprise-tier-2'), (b'Msh-Org-Id', b'org-4783af77d82146eb9cdb963ca303699f'), (b'Msh-Project-Id', b'proj-b38ca7c5b03d4098a2e2d407f387adc1'), (b'Msh-Request-Id', b'df5f6dfe-7a92-11f1-baa9-bea1e800d926'), (b'Msh-Trace-Mode', b'on'), (b'Msh-Uid', b'd79a43tqip65nogbrrkg'), (b'Vary', b'Origin'), (b'Strict-Transport-Security', b'max-age=31536000; includeSubDomains')])
2026-07-08T06:04:25.773034913Z 2026-07-08 06:04:25,772 httpx INFO HTTP Request: POST https://api.moonshot.cn/v1/chat/completions "HTTP/1.1 429 Too Many Requests"
2026-07-08T06:04:25.773149122Z 2026-07-08 06:04:25,773 httpcore.http11 DEBUG receive_response_body.started request=<Request [b'POST']>
2026-07-08T06:04:25.773335373Z 2026-07-08 06:04:25,773 httpcore.http11 DEBUG receive_response_body.complete
2026-07-08T06:04:25.773507290Z 2026-07-08 06:04:25,773 httpcore.http11 DEBUG response_closed.started
2026-07-08T06:04:25.773517415Z 2026-07-08 06:04:25,773 httpcore.http11 DEBUG response_closed.complete
2026-07-08T06:04:25.774843671Z 2026-07-08 06:04:25,774 forwin.writer.chapter_writer WARNING ChapterWriter JSON call failed on attempt 1/1: Client error '429 Too Many Requests' for url 'https://api.moonshot.cn/v1/chat/completions'
2026-07-08T06:04:25.774860921Z For more information check: https://developer.mozilla.org/en-US/docs/Web/HTTP/Status/429
2026-07-08T06:04:25.775410007Z 2026-07-08 06:04:25,775 httpcore.connection DEBUG connect_tcp.started host='10.0.0.150' port=8895 local_address=None timeout=10.0 socket_options=None
2026-07-08T06:04:25.787021765Z 2026-07-08 06:04:25,786 httpcore.connection DEBUG connect_tcp.failed exception=ConnectError(ConnectionRefusedError(111, 'Connection refused'))
2026-07-08T06:04:25.787414351Z 2026-07-08 06:04:25,787 forwin.writer.llm.adapter DEBUG LLMClient.chat attempt=1/2 model=kimi-k2.5 messages=2 max_tokens=1800
2026-07-08T06:04:25.788113104Z 2026-07-08 06:04:25,787 httpcore.http11 DEBUG send_request_headers.started request=<Request [b'POST']>
2026-07-08T06:04:25.788440980Z 2026-07-08 06:04:25,788 httpcore.http11 DEBUG send_request_headers.complete
2026-07-08T06:04:25.788446147Z 2026-07-08 06:04:25,788 httpcore.http11 DEBUG send_request_body.started request=<Request [b'POST']>
2026-07-08T06:04:25.788620147Z 2026-07-08 06:04:25,788 httpcore.http11 DEBUG send_request_body.complete
2026-07-08T06:04:25.788625772Z 2026-07-08 06:04:25,788 httpcore.http11 DEBUG receive_response_headers.started request=<Request [b'POST']>
2026-07-08T06:04:26.208075600Z 2026-07-08 06:04:26,207 httpcore.http11 DEBUG receive_response_headers.complete return_value=(b'HTTP/1.1', 429, b'Too Many Requests', [(b'Date', b'Wed, 08 Jul 2026 06:04:26 GMT'), (b'Content-Type', b'application/json; charset=utf-8'), (b'Content-Length', b'257'), (b'Connection', b'keep-alive'), (b'Msh-Gid', b'enterprise-tier-2'), (b'Msh-Org-Id', b'org-4783af77d82146eb9cdb963ca303699f'), (b'Msh-Project-Id', b'proj-b38ca7c5b03d4098a2e2d407f387adc1'), (b'Msh-Request-Id', b'dfa25282-7a92-11f1-baa9-bea1e800d926'), (b'Msh-Trace-Mode', b'on'), (b'Msh-Uid', b'd79a43tqip65nogbrrkg'), (b'Vary', b'Origin'), (b'Strict-Transport-Security', b'max-age=31536000; includeSubDomains')])
2026-07-08T06:04:26.208513518Z 2026-07-08 06:04:26,208 httpx INFO HTTP Request: POST https://api.moonshot.cn/v1/chat/completions "HTTP/1.1 429 Too Many Requests"
2026-07-08T06:04:26.208726561Z 2026-07-08 06:04:26,208 httpcore.http11 DEBUG receive_response_body.started request=<Request [b'POST']>
2026-07-08T06:04:26.208818520Z 2026-07-08 06:04:26,208 httpcore.http11 DEBUG receive_response_body.complete
2026-07-08T06:04:26.208884145Z 2026-07-08 06:04:26,208 httpcore.http11 DEBUG response_closed.started
2026-07-08T06:04:26.209407981Z 2026-07-08 06:04:26,208 httpcore.http11 DEBUG response_closed.complete
2026-07-08T06:04:26.210137400Z 2026-07-08 06:04:26,209 forwin.writer.llm.adapter WARNING Transient LLM HTTP status 429. Waiting 2.0 s before retry 2/2.
2026-07-08T06:04:28.220648619Z 2026-07-08 06:04:28,220 forwin.writer.llm.adapter DEBUG LLMClient.chat attempt=2/2 model=kimi-k2.5 messages=2 max_tokens=1800
2026-07-08T06:04:28.222604794Z 2026-07-08 06:04:28,222 httpcore.http11 DEBUG send_request_headers.started request=<Request [b'POST']>
2026-07-08T06:04:28.223295797Z 2026-07-08 06:04:28,222 httpcore.http11 DEBUG send_request_headers.complete
2026-07-08T06:04:28.223325839Z 2026-07-08 06:04:28,223 httpcore.http11 DEBUG send_request_body.started request=<Request [b'POST']>
2026-07-08T06:04:28.223822716Z 2026-07-08 06:04:28,223 httpcore.http11 DEBUG send_request_body.complete
2026-07-08T06:04:28.224014675Z 2026-07-08 06:04:28,223 httpcore.http11 DEBUG receive_response_headers.started request=<Request [b'POST']>
2026-07-08T06:04:28.648580067Z 2026-07-08 06:04:28,648 httpcore.http11 DEBUG receive_response_headers.complete return_value=(b'HTTP/1.1', 429, b'Too Many Requests', [(b'Date', b'Wed, 08 Jul 2026 06:04:28 GMT'), (b'Content-Type', b'application/json; charset=utf-8'), (b'Content-Length', b'257'), (b'Connection', b'keep-alive'), (b'Msh-Gid', b'enterprise-tier-2'), (b'Msh-Org-Id', b'org-4783af77d82146eb9cdb963ca303699f'), (b'Msh-Project-Id', b'proj-b38ca7c5b03d4098a2e2d407f387adc1'), (b'Msh-Request-Id', b'e1166d5f-7a92-11f1-942e-72e62042d062'), (b'Msh-Trace-Mode', b'on'), (b'Msh-Uid', b'd79a43tqip65nogbrrkg'), (b'Vary', b'Origin'), (b'Strict-Transport-Security', b'max-age=31536000; includeSubDomains')])
2026-07-08T06:04:28.649030069Z 2026-07-08 06:04:28,648 httpx INFO HTTP Request: POST https://api.moonshot.cn/v1/chat/completions "HTTP/1.1 429 Too Many Requests"
2026-07-08T06:04:28.649238779Z 2026-07-08 06:04:28,649 httpcore.http11 DEBUG receive_response_body.started request=<Request [b'POST']>
2026-07-08T06:04:28.649265029Z 2026-07-08 06:04:28,649 httpcore.http11 DEBUG receive_response_body.complete
2026-07-08T06:04:28.649502988Z 2026-07-08 06:04:28,649 httpcore.http11 DEBUG response_closed.started
2026-07-08T06:04:28.649513405Z 2026-07-08 06:04:28,649 httpcore.http11 DEBUG response_closed.complete
2026-07-08T06:04:28.650604451Z 2026-07-08 06:04:28,650 forwin.writer.chapter_writer WARNING ChapterWriter JSON call failed on attempt 1/1: Client error '429 Too Many Requests' for url 'https://api.moonshot.cn/v1/chat/completions'
2026-07-08T06:04:28.650647868Z For more information check: https://developer.mozilla.org/en-US/docs/Web/HTTP/Status/429
2026-07-08T06:04:28.651320954Z 2026-07-08 06:04:28,651 httpcore.connection DEBUG connect_tcp.started host='10.0.0.150' port=8895 local_address=None timeout=10.0 socket_options=None
2026-07-08T06:04:28.658466736Z 2026-07-08 06:04:28,658 httpcore.connection DEBUG connect_tcp.failed exception=ConnectError(ConnectionRefusedError(111, 'Connection refused'))
2026-07-08T06:04:28.659043780Z 2026-07-08 06:04:28,658 forwin.writer.llm.adapter DEBUG LLMClient.chat attempt=1/2 model=kimi-k2.5 messages=2 max_tokens=1800
2026-07-08T06:04:28.660232535Z 2026-07-08 06:04:28,659 httpcore.http11 DEBUG send_request_headers.started request=<Request [b'POST']>
2026-07-08T06:04:28.660822662Z 2026-07-08 06:04:28,660 httpcore.http11 DEBUG send_request_headers.complete
2026-07-08T06:04:28.660838454Z 2026-07-08 06:04:28,660 httpcore.http11 DEBUG send_request_body.started request=<Request [b'POST']>
2026-07-08T06:04:28.661020913Z 2026-07-08 06:04:28,660 httpcore.http11 DEBUG send_request_body.complete
2026-07-08T06:04:28.661032163Z 2026-07-08 06:04:28,660 httpcore.http11 DEBUG receive_response_headers.started request=<Request [b'POST']>
2026-07-08T06:04:29.085533055Z 2026-07-08 06:04:29,085 httpcore.http11 DEBUG receive_response_headers.complete return_value=(b'HTTP/1.1', 429, b'Too Many Requests', [(b'Date', b'Wed, 08 Jul 2026 06:04:28 GMT'), (b'Content-Type', b'application/json; charset=utf-8'), (b'Content-Length', b'257'), (b'Connection', b'keep-alive'), (b'Msh-Gid', b'enterprise-tier-2'), (b'Msh-Org-Id', b'org-4783af77d82146eb9cdb963ca303699f'), (b'Msh-Project-Id', b'proj-b38ca7c5b03d4098a2e2d407f387adc1'), (b'Msh-Request-Id', b'e159332e-7a92-11f1-b2f3-be5e4c7a8244'), (b'Msh-Trace-Mode', b'on'), (b'Msh-Uid', b'd79a43tqip65nogbrrkg'), (b'Vary', b'Origin'), (b'Strict-Transport-Security', b'max-age=31536000; includeSubDomains')])
2026-07-08T06:04:29.085730306Z 2026-07-08 06:04:29,085 httpx INFO HTTP Request: POST https://api.moonshot.cn/v1/chat/completions "HTTP/1.1 429 Too Many Requests"
2026-07-08T06:04:29.085788723Z 2026-07-08 06:04:29,085 httpcore.http11 DEBUG receive_response_body.started request=<Request [b'POST']>
2026-07-08T06:04:29.085849682Z 2026-07-08 06:04:29,085 httpcore.http11 DEBUG receive_response_body.complete
2026-07-08T06:04:29.085880723Z 2026-07-08 06:04:29,085 httpcore.http11 DEBUG response_closed.started
2026-07-08T06:04:29.085911432Z 2026-07-08 06:04:29,085 httpcore.http11 DEBUG response_closed.complete
2026-07-08T06:04:29.086436434Z 2026-07-08 06:04:29,086 forwin.writer.llm.adapter WARNING Transient LLM HTTP status 429. Waiting 2.0 s before retry 2/2.
2026-07-08T06:04:31.087905285Z 2026-07-08 06:04:31,087 forwin.writer.llm.adapter DEBUG LLMClient.chat attempt=2/2 model=kimi-k2.5 messages=2 max_tokens=1800
2026-07-08T06:04:31.089869127Z 2026-07-08 06:04:31,089 httpcore.http11 DEBUG send_request_headers.started request=<Request [b'POST']>
2026-07-08T06:04:31.090412629Z 2026-07-08 06:04:31,090 httpcore.http11 DEBUG send_request_headers.complete
2026-07-08T06:04:31.090434587Z 2026-07-08 06:04:31,090 httpcore.http11 DEBUG send_request_body.started request=<Request [b'POST']>
2026-07-08T06:04:31.090769339Z 2026-07-08 06:04:31,090 httpcore.http11 DEBUG send_request_body.complete
2026-07-08T06:04:31.090804797Z 2026-07-08 06:04:31,090 httpcore.http11 DEBUG receive_response_headers.started request=<Request [b'POST']>
2026-07-08T06:04:32.104855303Z 2026-07-08 06:04:32,104 httpcore.http11 DEBUG receive_response_headers.complete return_value=(b'HTTP/1.1', 429, b'Too Many Requests', [(b'Date', b'Wed, 08 Jul 2026 06:04:31 GMT'), (b'Content-Type', b'application/json; charset=utf-8'), (b'Content-Length', b'257'), (b'Connection', b'keep-alive'), (b'Msh-Gid', b'enterprise-tier-2'), (b'Msh-Org-Id', b'org-4783af77d82146eb9cdb963ca303699f'), (b'Msh-Project-Id', b'proj-b38ca7c5b03d4098a2e2d407f387adc1'), (b'Msh-Request-Id', b'e325b4b1-7a92-11f1-a97f-faa1c8e90165'), (b'Msh-Trace-Mode', b'on'), (b'Msh-Uid', b'd79a43tqip65nogbrrkg'), (b'Vary', b'Origin'), (b'Strict-Transport-Security', b'max-age=31536000; includeSubDomains')])
2026-07-08T06:04:32.104989637Z 2026-07-08 06:04:32,104 httpx INFO HTTP Request: POST https://api.moonshot.cn/v1/chat/completions "HTTP/1.1 429 Too Many Requests"
2026-07-08T06:04:32.105062345Z 2026-07-08 06:04:32,104 httpcore.http11 DEBUG receive_response_body.started request=<Request [b'POST']>
2026-07-08T06:04:32.105095221Z 2026-07-08 06:04:32,105 httpcore.http11 DEBUG receive_response_body.complete
2026-07-08T06:04:32.105127179Z 2026-07-08 06:04:32,105 httpcore.http11 DEBUG response_closed.started
2026-07-08T06:04:32.105129387Z 2026-07-08 06:04:32,105 httpcore.http11 DEBUG response_closed.complete
2026-07-08T06:04:32.105432139Z 2026-07-08 06:04:32,105 forwin.writer.chapter_writer WARNING ChapterWriter JSON call failed on attempt 1/1: Client error '429 Too Many Requests' for url 'https://api.moonshot.cn/v1/chat/completions'
2026-07-08T06:04:32.105436764Z For more information check: https://developer.mozilla.org/en-US/docs/Web/HTTP/Status/429
2026-07-08T06:04:32.105438097Z 2026-07-08 06:04:32,105 forwin.writer.chapter_writer WARNING state_event_extraction degraded to empty metadata after retry: ChapterWriter JSON generation failed after retries: Client error '429 Too Many Requests' for url 'https://api.moonshot.cn/v1/chat/completions'
2026-07-08T06:04:32.105439264Z For more information check: https://developer.mozilla.org/en-US/docs/Web/HTTP/Status/429
2026-07-08T06:04:32.105700432Z 2026-07-08 06:04:32,105 httpcore.connection DEBUG connect_tcp.started host='10.0.0.150' port=8895 local_address=None timeout=10.0 socket_options=None
2026-07-08T06:04:32.115324432Z 2026-07-08 06:04:32,115 httpcore.connection DEBUG connect_tcp.failed exception=ConnectError(ConnectionRefusedError(111, 'Connection refused'))
2026-07-08T06:04:32.115445432Z 2026-07-08 06:04:32,115 forwin.writer.llm.adapter DEBUG LLMClient.chat attempt=1/2 model=kimi-k2.5 messages=2 max_tokens=1800
2026-07-08T06:04:32.115728184Z 2026-07-08 06:04:32,115 httpcore.http11 DEBUG send_request_headers.started request=<Request [b'POST']>
2026-07-08T06:04:32.115927518Z 2026-07-08 06:04:32,115 httpcore.http11 DEBUG send_request_headers.complete
2026-07-08T06:04:32.115931643Z 2026-07-08 06:04:32,115 httpcore.http11 DEBUG send_request_body.started request=<Request [b'POST']>
2026-07-08T06:04:32.115967560Z 2026-07-08 06:04:32,115 httpcore.http11 DEBUG send_request_body.complete
2026-07-08T06:04:32.115979310Z 2026-07-08 06:04:32,115 httpcore.http11 DEBUG receive_response_headers.started request=<Request [b'POST']>
2026-07-08T06:04:34.236920520Z 2026-07-08 06:04:34,236 httpcore.http11 DEBUG receive_response_headers.complete return_value=(b'HTTP/1.1', 429, b'Too Many Requests', [(b'Date', b'Wed, 08 Jul 2026 06:04:34 GMT'), (b'Content-Type', b'application/json; charset=utf-8'), (b'Content-Length', b'257'), (b'Connection', b'keep-alive'), (b'Msh-Gid', b'enterprise-tier-2'), (b'Msh-Org-Id', b'org-4783af77d82146eb9cdb963ca303699f'), (b'Msh-Project-Id', b'proj-b38ca7c5b03d4098a2e2d407f387adc1'), (b'Msh-Request-Id', b'e46b3493-7a92-11f1-8f07-9e0697282eec'), (b'Msh-Trace-Mode', b'on'), (b'Msh-Uid', b'd79a43tqip65nogbrrkg'), (b'Vary', b'Origin'), (b'Strict-Transport-Security', b'max-age=31536000; includeSubDomains')])
2026-07-08T06:04:34.237100771Z 2026-07-08 06:04:34,237 httpx INFO HTTP Request: POST https://api.moonshot.cn/v1/chat/completions "HTTP/1.1 429 Too Many Requests"
2026-07-08T06:04:34.237148146Z 2026-07-08 06:04:34,237 httpcore.http11 DEBUG receive_response_body.started request=<Request [b'POST']>
2026-07-08T06:04:34.237198771Z 2026-07-08 06:04:34,237 httpcore.http11 DEBUG receive_response_body.complete
2026-07-08T06:04:34.237248896Z 2026-07-08 06:04:34,237 httpcore.http11 DEBUG response_closed.started
2026-07-08T06:04:34.237257230Z 2026-07-08 06:04:34,237 httpcore.http11 DEBUG response_closed.complete
2026-07-08T06:04:34.237749440Z 2026-07-08 06:04:34,237 forwin.writer.llm.adapter WARNING Transient LLM HTTP status 429. Waiting 2.0 s before retry 2/2.
2026-07-08T06:04:36.238612380Z 2026-07-08 06:04:36,238 forwin.writer.llm.adapter DEBUG LLMClient.chat attempt=2/2 model=kimi-k2.5 messages=2 max_tokens=1800
2026-07-08T06:04:36.240664430Z 2026-07-08 06:04:36,240 httpcore.http11 DEBUG send_request_headers.started request=<Request [b'POST']>
2026-07-08T06:04:36.241405558Z 2026-07-08 06:04:36,241 httpcore.http11 DEBUG send_request_headers.complete
2026-07-08T06:04:36.241434267Z 2026-07-08 06:04:36,241 httpcore.http11 DEBUG send_request_body.started request=<Request [b'POST']>
2026-07-08T06:04:36.241910602Z 2026-07-08 06:04:36,241 httpcore.http11 DEBUG send_request_body.complete
2026-07-08T06:04:36.241920936Z 2026-07-08 06:04:36,241 httpcore.http11 DEBUG receive_response_headers.started request=<Request [b'POST']>
2026-07-08T06:04:37.481098428Z 2026-07-08 06:04:37,480 httpcore.http11 DEBUG receive_response_headers.complete return_value=(b'HTTP/1.1', 429, b'Too Many Requests', [(b'Date', b'Wed, 08 Jul 2026 06:04:37 GMT'), (b'Content-Type', b'application/json; charset=utf-8'), (b'Content-Length', b'257'), (b'Connection', b'keep-alive'), (b'Msh-Gid', b'enterprise-tier-2'), (b'Msh-Org-Id', b'org-4783af77d82146eb9cdb963ca303699f'), (b'Msh-Project-Id', b'proj-b38ca7c5b03d4098a2e2d407f387adc1'), (b'Msh-Request-Id', b'e659e373-7a92-11f1-8425-76c8ca267757'), (b'Msh-Trace-Mode', b'on'), (b'Msh-Uid', b'd79a43tqip65nogbrrkg'), (b'Vary', b'Origin'), (b'Strict-Transport-Security', b'max-age=31536000; includeSubDomains')])
2026-07-08T06:04:37.481597222Z 2026-07-08 06:04:37,481 httpx INFO HTTP Request: POST https://api.moonshot.cn/v1/chat/completions "HTTP/1.1 429 Too Many Requests"
2026-07-08T06:04:37.481700889Z 2026-07-08 06:04:37,481 httpcore.http11 DEBUG receive_response_body.started request=<Request [b'POST']>
2026-07-08T06:04:37.481816473Z 2026-07-08 06:04:37,481 httpcore.http11 DEBUG receive_response_body.complete
2026-07-08T06:04:37.482024682Z 2026-07-08 06:04:37,481 httpcore.http11 DEBUG response_closed.started
2026-07-08T06:04:37.482160849Z 2026-07-08 06:04:37,481 httpcore.http11 DEBUG response_closed.complete
2026-07-08T06:04:37.483465605Z 2026-07-08 06:04:37,483 forwin.writer.chapter_writer WARNING ChapterWriter JSON call failed on attempt 1/2: Client error '429 Too Many Requests' for url 'https://api.moonshot.cn/v1/chat/completions'
2026-07-08T06:04:37.483487897Z For more information check: https://developer.mozilla.org/en-US/docs/Web/HTTP/Status/429
2026-07-08T06:04:37.484250359Z 2026-07-08 06:04:37,484 httpcore.connection DEBUG connect_tcp.started host='10.0.0.150' port=8895 local_address=None timeout=10.0 socket_options=None
2026-07-08T06:04:37.491647099Z 2026-07-08 06:04:37,491 httpcore.connection DEBUG connect_tcp.failed exception=ConnectError(ConnectionRefusedError(111, 'Connection refused'))
2026-07-08T06:04:37.492262269Z 2026-07-08 06:04:37,492 forwin.writer.llm.adapter DEBUG LLMClient.chat attempt=1/2 model=kimi-k2.5 messages=2 max_tokens=1800
2026-07-08T06:04:37.493556274Z 2026-07-08 06:04:37,493 httpcore.http11 DEBUG send_request_headers.started request=<Request [b'POST']>
2026-07-08T06:04:37.494045860Z 2026-07-08 06:04:37,493 httpcore.http11 DEBUG send_request_headers.complete
2026-07-08T06:04:37.494069276Z 2026-07-08 06:04:37,493 httpcore.http11 DEBUG send_request_body.started request=<Request [b'POST']>
2026-07-08T06:04:37.494482153Z 2026-07-08 06:04:37,494 httpcore.http11 DEBUG send_request_body.complete
2026-07-08T06:04:37.494489945Z 2026-07-08 06:04:37,494 httpcore.http11 DEBUG receive_response_headers.started request=<Request [b'POST']>
2026-07-08T06:04:38.916027985Z 2026-07-08 06:04:38,915 httpcore.http11 DEBUG receive_response_headers.complete return_value=(b'HTTP/1.1', 429, b'Too Many Requests', [(b'Date', b'Wed, 08 Jul 2026 06:04:38 GMT'), (b'Content-Type', b'application/json; charset=utf-8'), (b'Content-Length', b'257'), (b'Connection', b'keep-alive'), (b'Msh-Gid', b'enterprise-tier-2'), (b'Msh-Org-Id', b'org-4783af77d82146eb9cdb963ca303699f'), (b'Msh-Project-Id', b'proj-b38ca7c5b03d4098a2e2d407f387adc1'), (b'Msh-Request-Id', b'e7351f79-7a92-11f1-b92f-76d803e766c4'), (b'Msh-Trace-Mode', b'on'), (b'Msh-Uid', b'd79a43tqip65nogbrrkg'), (b'Vary', b'Origin'), (b'Strict-Transport-Security', b'max-age=31536000; includeSubDomains')])
2026-07-08T06:04:38.916578445Z 2026-07-08 06:04:38,916 httpx INFO HTTP Request: POST https://api.moonshot.cn/v1/chat/completions "HTTP/1.1 429 Too Many Requests"
2026-07-08T06:04:38.916652946Z 2026-07-08 06:04:38,916 httpcore.http11 DEBUG receive_response_body.started request=<Request [b'POST']>
2026-07-08T06:04:38.916804321Z 2026-07-08 06:04:38,916 httpcore.http11 DEBUG receive_response_body.complete
2026-07-08T06:04:38.916857780Z 2026-07-08 06:04:38,916 httpcore.http11 DEBUG response_closed.started
2026-07-08T06:04:38.916861905Z 2026-07-08 06:04:38,916 httpcore.http11 DEBUG response_closed.complete
2026-07-08T06:04:38.917810534Z 2026-07-08 06:04:38,917 forwin.writer.llm.adapter WARNING Transient LLM HTTP status 429. Waiting 2.0 s before retry 2/2.
2026-07-08T06:04:40.921219576Z 2026-07-08 06:04:40,920 forwin.writer.llm.adapter DEBUG LLMClient.chat attempt=2/2 model=kimi-k2.5 messages=2 max_tokens=1800
2026-07-08T06:04:40.923406544Z 2026-07-08 06:04:40,923 httpcore.http11 DEBUG send_request_headers.started request=<Request [b'POST']>
2026-07-08T06:04:40.924381589Z 2026-07-08 06:04:40,923 httpcore.http11 DEBUG send_request_headers.complete
2026-07-08T06:04:40.924424256Z 2026-07-08 06:04:40,924 httpcore.http11 DEBUG send_request_body.started request=<Request [b'POST']>
2026-07-08T06:04:40.924775841Z 2026-07-08 06:04:40,924 httpcore.http11 DEBUG send_request_body.complete
2026-07-08T06:04:40.924786383Z 2026-07-08 06:04:40,924 httpcore.http11 DEBUG receive_response_headers.started request=<Request [b'POST']>
2026-07-08T06:04:41.557768273Z 2026-07-08 06:04:41,557 httpcore.http11 DEBUG receive_response_headers.complete return_value=(b'HTTP/1.1', 429, b'Too Many Requests', [(b'Date', b'Wed, 08 Jul 2026 06:04:41 GMT'), (b'Content-Type', b'application/json; charset=utf-8'), (b'Content-Length', b'257'), (b'Connection', b'keep-alive'), (b'Msh-Gid', b'enterprise-tier-2'), (b'Msh-Org-Id', b'org-4783af77d82146eb9cdb963ca303699f'), (b'Msh-Project-Id', b'proj-b38ca7c5b03d4098a2e2d407f387adc1'), (b'Msh-Request-Id', b'e8c85f2c-7a92-11f1-ac4d-fea955c963b8'), (b'Msh-Trace-Mode', b'on'), (b'Msh-Uid', b'd79a43tqip65nogbrrkg'), (b'Vary', b'Origin'), (b'Strict-Transport-Security', b'max-age=31536000; includeSubDomains')])
2026-07-08T06:04:41.558275942Z 2026-07-08 06:04:41,558 httpx INFO HTTP Request: POST https://api.moonshot.cn/v1/chat/completions "HTTP/1.1 429 Too Many Requests"
2026-07-08T06:04:41.558371692Z 2026-07-08 06:04:41,558 httpcore.http11 DEBUG receive_response_body.started request=<Request [b'POST']>
2026-07-08T06:04:41.558502068Z 2026-07-08 06:04:41,558 httpcore.http11 DEBUG receive_response_body.complete
2026-07-08T06:04:41.558711986Z 2026-07-08 06:04:41,558 httpcore.http11 DEBUG response_closed.started
2026-07-08T06:04:41.558721569Z 2026-07-08 06:04:41,558 httpcore.http11 DEBUG response_closed.complete
2026-07-08T06:04:41.560130575Z 2026-07-08 06:04:41,559 forwin.writer.chapter_writer WARNING ChapterWriter JSON call failed on attempt 2/2: Client error '429 Too Many Requests' for url 'https://api.moonshot.cn/v1/chat/completions'
2026-07-08T06:04:41.560157034Z For more information check: https://developer.mozilla.org/en-US/docs/Web/HTTP/Status/429
2026-07-08T06:04:41.560183909Z 2026-07-08 06:04:41,560 forwin.writer.chapter_writer WARNING thread_time_extraction primary pass failed, retrying with reduced body: ChapterWriter JSON generation failed after retries: Client error '429 Too Many Requests' for url 'https://api.moonshot.cn/v1/chat/completions'
2026-07-08T06:04:41.560188450Z For more information check: https://developer.mozilla.org/en-US/docs/Web/HTTP/Status/429
2026-07-08T06:04:41.560890162Z 2026-07-08 06:04:41,560 httpcore.connection DEBUG connect_tcp.started host='10.0.0.150' port=8895 local_address=None timeout=10.0 socket_options=None
2026-07-08T06:04:41.568397070Z 2026-07-08 06:04:41,568 httpcore.connection DEBUG connect_tcp.failed exception=ConnectError(ConnectionRefusedError(111, 'Connection refused'))
2026-07-08T06:04:41.568812488Z 2026-07-08 06:04:41,568 forwin.writer.llm.adapter DEBUG LLMClient.chat attempt=1/2 model=kimi-k2.5 messages=2 max_tokens=1800
2026-07-08T06:04:41.569700159Z 2026-07-08 06:04:41,569 httpcore.http11 DEBUG send_request_headers.started request=<Request [b'POST']>
2026-07-08T06:04:41.570081369Z 2026-07-08 06:04:41,569 httpcore.http11 DEBUG send_request_headers.complete
2026-07-08T06:04:41.570096452Z 2026-07-08 06:04:41,570 httpcore.http11 DEBUG send_request_body.started request=<Request [b'POST']>
2026-07-08T06:04:41.570307495Z 2026-07-08 06:04:41,570 httpcore.http11 DEBUG send_request_body.complete
2026-07-08T06:04:41.570313953Z 2026-07-08 06:04:41,570 httpcore.http11 DEBUG receive_response_headers.started request=<Request [b'POST']>
2026-07-08T06:04:42.189400866Z 2026-07-08 06:04:42,189 httpcore.http11 DEBUG receive_response_headers.complete return_value=(b'HTTP/1.1', 429, b'Too Many Requests', [(b'Date', b'Wed, 08 Jul 2026 06:04:42 GMT'), (b'Content-Type', b'application/json; charset=utf-8'), (b'Content-Length', b'257'), (b'Connection', b'keep-alive'), (b'Msh-Gid', b'enterprise-tier-2'), (b'Msh-Org-Id', b'org-4783af77d82146eb9cdb963ca303699f'), (b'Msh-Project-Id', b'proj-b38ca7c5b03d4098a2e2d407f387adc1'), (b'Msh-Request-Id', b'e9287821-7a92-11f1-ac4d-fea955c963b8'), (b'Msh-Trace-Mode', b'on'), (b'Msh-Uid', b'd79a43tqip65nogbrrkg'), (b'Vary', b'Origin'), (b'Strict-Transport-Security', b'max-age=31536000; includeSubDomains')])
2026-07-08T06:04:42.189503866Z 2026-07-08 06:04:42,189 httpx INFO HTTP Request: POST https://api.moonshot.cn/v1/chat/completions "HTTP/1.1 429 Too Many Requests"
2026-07-08T06:04:42.189507200Z 2026-07-08 06:04:42,189 httpcore.http11 DEBUG receive_response_body.started request=<Request [b'POST']>
2026-07-08T06:04:42.189555075Z 2026-07-08 06:04:42,189 httpcore.http11 DEBUG receive_response_body.complete
2026-07-08T06:04:42.189559992Z 2026-07-08 06:04:42,189 httpcore.http11 DEBUG response_closed.started
2026-07-08T06:04:42.189585450Z 2026-07-08 06:04:42,189 httpcore.http11 DEBUG response_closed.complete
2026-07-08T06:04:42.189813826Z 2026-07-08 06:04:42,189 forwin.writer.llm.adapter WARNING Transient LLM HTTP status 429. Waiting 2.0 s before retry 2/2.
2026-07-08T06:04:44.190528819Z 2026-07-08 06:04:44,190 forwin.writer.llm.adapter DEBUG LLMClient.chat attempt=2/2 model=kimi-k2.5 messages=2 max_tokens=1800
2026-07-08T06:04:44.190866612Z 2026-07-08 06:04:44,190 httpcore.http11 DEBUG send_request_headers.started request=<Request [b'POST']>
2026-07-08T06:04:44.191101905Z 2026-07-08 06:04:44,190 httpcore.http11 DEBUG send_request_headers.complete
2026-07-08T06:04:44.191106988Z 2026-07-08 06:04:44,190 httpcore.http11 DEBUG send_request_body.started request=<Request [b'POST']>
2026-07-08T06:04:44.191108447Z 2026-07-08 06:04:44,191 httpcore.http11 DEBUG send_request_body.complete
2026-07-08T06:04:44.191109322Z 2026-07-08 06:04:44,191 httpcore.http11 DEBUG receive_response_headers.started request=<Request [b'POST']>
2026-07-08T06:04:44.618447315Z 2026-07-08 06:04:44,618 httpcore.http11 DEBUG receive_response_headers.complete return_value=(b'HTTP/1.1', 429, b'Too Many Requests', [(b'Date', b'Wed, 08 Jul 2026 06:04:44 GMT'), (b'Content-Type', b'application/json; charset=utf-8'), (b'Content-Length', b'257'), (b'Connection', b'keep-alive'), (b'Msh-Gid', b'enterprise-tier-2'), (b'Msh-Org-Id', b'org-4783af77d82146eb9cdb963ca303699f'), (b'Msh-Project-Id', b'proj-b38ca7c5b03d4098a2e2d407f387adc1'), (b'Msh-Request-Id', b'ea9a9d45-7a92-11f1-b9db-82d027a2c1b4'), (b'Msh-Trace-Mode', b'on'), (b'Msh-Uid', b'd79a43tqip65nogbrrkg'), (b'Vary', b'Origin'), (b'Strict-Transport-Security', b'max-age=31536000; includeSubDomains')])
2026-07-08T06:04:44.618767649Z 2026-07-08 06:04:44,618 httpx INFO HTTP Request: POST https://api.moonshot.cn/v1/chat/completions "HTTP/1.1 429 Too Many Requests"
2026-07-08T06:04:44.618879233Z 2026-07-08 06:04:44,618 httpcore.http11 DEBUG receive_response_body.started request=<Request [b'POST']>
2026-07-08T06:04:44.618945942Z 2026-07-08 06:04:44,618 httpcore.http11 DEBUG receive_response_body.complete
2026-07-08T06:04:44.619058901Z 2026-07-08 06:04:44,618 httpcore.http11 DEBUG response_closed.started
2026-07-08T06:04:44.619074317Z 2026-07-08 06:04:44,619 httpcore.http11 DEBUG response_closed.complete
2026-07-08T06:04:44.619953113Z 2026-07-08 06:04:44,619 forwin.writer.chapter_writer WARNING ChapterWriter JSON call failed on attempt 1/1: Client error '429 Too Many Requests' for url 'https://api.moonshot.cn/v1/chat/completions'
2026-07-08T06:04:44.619963446Z For more information check: https://developer.mozilla.org/en-US/docs/Web/HTTP/Status/429
2026-07-08T06:04:44.620534074Z 2026-07-08 06:04:44,620 httpcore.connection DEBUG connect_tcp.started host='10.0.0.150' port=8895 local_address=None timeout=10.0 socket_options=None
2026-07-08T06:04:44.631049912Z 2026-07-08 06:04:44,630 httpcore.connection DEBUG connect_tcp.failed exception=ConnectError(ConnectionRefusedError(111, 'Connection refused'))
2026-07-08T06:04:44.631475413Z 2026-07-08 06:04:44,631 forwin.writer.llm.adapter DEBUG LLMClient.chat attempt=1/2 model=kimi-k2.5 messages=2 max_tokens=1800
2026-07-08T06:04:44.632317209Z 2026-07-08 06:04:44,632 httpcore.http11 DEBUG send_request_headers.started request=<Request [b'POST']>
2026-07-08T06:04:44.632651460Z 2026-07-08 06:04:44,632 httpcore.http11 DEBUG send_request_headers.complete
2026-07-08T06:04:44.632657419Z 2026-07-08 06:04:44,632 httpcore.http11 DEBUG send_request_body.started request=<Request [b'POST']>
2026-07-08T06:04:44.632958962Z 2026-07-08 06:04:44,632 httpcore.http11 DEBUG send_request_body.complete
2026-07-08T06:04:44.632965045Z 2026-07-08 06:04:44,632 httpcore.http11 DEBUG receive_response_headers.started request=<Request [b'POST']>
2026-07-08T06:04:45.480562708Z 2026-07-08 06:04:45,480 httpcore.http11 DEBUG receive_response_headers.complete return_value=(b'HTTP/1.1', 429, b'Too Many Requests', [(b'Date', b'Wed, 08 Jul 2026 06:04:45 GMT'), (b'Content-Type', b'application/json; charset=utf-8'), (b'Content-Length', b'257'), (b'Connection', b'keep-alive'), (b'Msh-Gid', b'enterprise-tier-2'), (b'Msh-Org-Id', b'org-4783af77d82146eb9cdb963ca303699f'), (b'Msh-Project-Id', b'proj-b38ca7c5b03d4098a2e2d407f387adc1'), (b'Msh-Request-Id', b'eb1eaa91-7a92-11f1-aa8c-c2f4c33fed95'), (b'Msh-Trace-Mode', b'on'), (b'Msh-Uid', b'd79a43tqip65nogbrrkg'), (b'Vary', b'Origin'), (b'Strict-Transport-Security', b'max-age=31536000; includeSubDomains')])
2026-07-08T06:04:45.481000210Z 2026-07-08 06:04:45,480 httpx INFO HTTP Request: POST https://api.moonshot.cn/v1/chat/completions "HTTP/1.1 429 Too Many Requests"
2026-07-08T06:04:45.481130878Z 2026-07-08 06:04:45,480 httpcore.http11 DEBUG receive_response_body.started request=<Request [b'POST']>
2026-07-08T06:04:45.481331545Z 2026-07-08 06:04:45,481 httpcore.http11 DEBUG receive_response_body.complete
2026-07-08T06:04:45.481347004Z 2026-07-08 06:04:45,481 httpcore.http11 DEBUG response_closed.started
2026-07-08T06:04:45.481428254Z 2026-07-08 06:04:45,481 httpcore.http11 DEBUG response_closed.complete
2026-07-08T06:04:45.482509009Z 2026-07-08 06:04:45,482 forwin.writer.llm.adapter WARNING Transient LLM HTTP status 429. Waiting 2.0 s before retry 2/2.
2026-07-08T06:04:47.484835181Z 2026-07-08 06:04:47,484 forwin.writer.llm.adapter DEBUG LLMClient.chat attempt=2/2 model=kimi-k2.5 messages=2 max_tokens=1800
2026-07-08T06:04:47.486698522Z 2026-07-08 06:04:47,486 httpcore.http11 DEBUG send_request_headers.started request=<Request [b'POST']>
2026-07-08T06:04:47.487236483Z 2026-07-08 06:04:47,487 httpcore.http11 DEBUG send_request_headers.complete
2026-07-08T06:04:47.487255150Z 2026-07-08 06:04:47,487 httpcore.http11 DEBUG send_request_body.started request=<Request [b'POST']>
2026-07-08T06:04:47.487514901Z 2026-07-08 06:04:47,487 httpcore.http11 DEBUG send_request_body.complete
2026-07-08T06:04:47.487523109Z 2026-07-08 06:04:47,487 httpcore.http11 DEBUG receive_response_headers.started request=<Request [b'POST']>
2026-07-08T06:04:47.978347506Z 2026-07-08 06:04:47,977 httpcore.http11 DEBUG receive_response_headers.complete return_value=(b'HTTP/1.1', 429, b'Too Many Requests', [(b'Date', b'Wed, 08 Jul 2026 06:04:47 GMT'), (b'Content-Type', b'application/json; charset=utf-8'), (b'Content-Length', b'257'), (b'Connection', b'keep-alive'), (b'Msh-Gid', b'enterprise-tier-2'), (b'Msh-Org-Id', b'org-4783af77d82146eb9cdb963ca303699f'), (b'Msh-Project-Id', b'proj-b38ca7c5b03d4098a2e2d407f387adc1'), (b'Msh-Request-Id', b'ec9b9646-7a92-11f1-a4fd-d296e9d2a462'), (b'Msh-Trace-Mode', b'on'), (b'Msh-Uid', b'd79a43tqip65nogbrrkg'), (b'Vary', b'Origin'), (b'Strict-Transport-Security', b'max-age=31536000; includeSubDomains')])
2026-07-08T06:04:47.978848883Z 2026-07-08 06:04:47,978 httpx INFO HTTP Request: POST https://api.moonshot.cn/v1/chat/completions "HTTP/1.1 429 Too Many Requests"
2026-07-08T06:04:47.978940133Z 2026-07-08 06:04:47,978 httpcore.http11 DEBUG receive_response_body.started request=<Request [b'POST']>
2026-07-08T06:04:47.979197718Z 2026-07-08 06:04:47,979 httpcore.http11 DEBUG receive_response_body.complete
2026-07-08T06:04:47.979262093Z 2026-07-08 06:04:47,979 httpcore.http11 DEBUG response_closed.started
2026-07-08T06:04:47.979349343Z 2026-07-08 06:04:47,979 httpcore.http11 DEBUG response_closed.complete
2026-07-08T06:04:47.980605265Z 2026-07-08 06:04:47,980 forwin.writer.chapter_writer WARNING ChapterWriter JSON call failed on attempt 1/1: Client error '429 Too Many Requests' for url 'https://api.moonshot.cn/v1/chat/completions'
2026-07-08T06:04:47.980623516Z For more information check: https://developer.mozilla.org/en-US/docs/Web/HTTP/Status/429
2026-07-08T06:04:47.981367227Z 2026-07-08 06:04:47,981 httpcore.connection DEBUG connect_tcp.started host='10.0.0.150' port=8895 local_address=None timeout=10.0 socket_options=None
2026-07-08T06:04:48.001038688Z 2026-07-08 06:04:48,000 httpcore.connection DEBUG connect_tcp.failed exception=ConnectError(ConnectionRefusedError(111, 'Connection refused'))
2026-07-08T06:04:48.001696774Z 2026-07-08 06:04:48,001 forwin.writer.llm.adapter DEBUG LLMClient.chat attempt=1/2 model=kimi-k2.5 messages=2 max_tokens=1800
2026-07-08T06:04:48.002701445Z 2026-07-08 06:04:48,002 httpcore.http11 DEBUG send_request_headers.started request=<Request [b'POST']>
2026-07-08T06:04:48.003075905Z 2026-07-08 06:04:48,002 httpcore.http11 DEBUG send_request_headers.complete
2026-07-08T06:04:48.003087072Z 2026-07-08 06:04:48,002 httpcore.http11 DEBUG send_request_body.started request=<Request [b'POST']>
2026-07-08T06:04:48.003341157Z 2026-07-08 06:04:48,003 httpcore.http11 DEBUG send_request_body.complete
2026-07-08T06:04:48.003352532Z 2026-07-08 06:04:48,003 httpcore.http11 DEBUG receive_response_headers.started request=<Request [b'POST']>
2026-07-08T06:04:48.423195701Z 2026-07-08 06:04:48,422 httpcore.http11 DEBUG receive_response_headers.complete return_value=(b'HTTP/1.1', 429, b'Too Many Requests', [(b'Date', b'Wed, 08 Jul 2026 06:04:48 GMT'), (b'Content-Type', b'application/json; charset=utf-8'), (b'Content-Length', b'257'), (b'Connection', b'keep-alive'), (b'Msh-Gid', b'enterprise-tier-2'), (b'Msh-Org-Id', b'org-4783af77d82146eb9cdb963ca303699f'), (b'Msh-Project-Id', b'proj-b38ca7c5b03d4098a2e2d407f387adc1'), (b'Msh-Request-Id', b'ece002bf-7a92-11f1-a990-5a51eb6ac3aa'), (b'Msh-Trace-Mode', b'on'), (b'Msh-Uid', b'd79a43tqip65nogbrrkg'), (b'Vary', b'Origin'), (b'Strict-Transport-Security', b'max-age=31536000; includeSubDomains')])
2026-07-08T06:04:48.423679537Z 2026-07-08 06:04:48,423 httpx INFO HTTP Request: POST https://api.moonshot.cn/v1/chat/completions "HTTP/1.1 429 Too Many Requests"
2026-07-08T06:04:48.423786912Z 2026-07-08 06:04:48,423 httpcore.http11 DEBUG receive_response_body.started request=<Request [b'POST']>
2026-07-08T06:04:48.424049330Z 2026-07-08 06:04:48,423 httpcore.http11 DEBUG receive_response_body.complete
2026-07-08T06:04:48.424078664Z 2026-07-08 06:04:48,423 httpcore.http11 DEBUG response_closed.started
2026-07-08T06:04:48.424236623Z 2026-07-08 06:04:48,424 httpcore.http11 DEBUG response_closed.complete
2026-07-08T06:04:48.425182793Z 2026-07-08 06:04:48,424 forwin.writer.llm.adapter WARNING Transient LLM HTTP status 429. Waiting 2.0 s before retry 2/2.
2026-07-08T06:04:50.428074598Z 2026-07-08 06:04:50,427 forwin.writer.llm.adapter DEBUG LLMClient.chat attempt=2/2 model=kimi-k2.5 messages=2 max_tokens=1800
2026-07-08T06:04:50.430022731Z 2026-07-08 06:04:50,429 httpcore.http11 DEBUG send_request_headers.started request=<Request [b'POST']>
2026-07-08T06:04:50.430553192Z 2026-07-08 06:04:50,430 httpcore.http11 DEBUG send_request_headers.complete
2026-07-08T06:04:50.430571817Z 2026-07-08 06:04:50,430 httpcore.http11 DEBUG send_request_body.started request=<Request [b'POST']>
2026-07-08T06:04:50.430766234Z 2026-07-08 06:04:50,430 httpcore.http11 DEBUG send_request_body.complete
2026-07-08T06:04:50.430893360Z 2026-07-08 06:04:50,430 httpcore.http11 DEBUG receive_response_headers.started request=<Request [b'POST']>
2026-07-08T06:04:50.674951053Z 2026-07-08 06:04:50,674 httpcore.http11 DEBUG receive_response_headers.complete return_value=(b'HTTP/1.1', 429, b'Too Many Requests', [(b'Date', b'Wed, 08 Jul 2026 06:04:50 GMT'), (b'Content-Type', b'application/json; charset=utf-8'), (b'Content-Length', b'257'), (b'Connection', b'keep-alive'), (b'Msh-Gid', b'enterprise-tier-2'), (b'Msh-Org-Id', b'org-4783af77d82146eb9cdb963ca303699f'), (b'Msh-Project-Id', b'proj-b38ca7c5b03d4098a2e2d407f387adc1'), (b'Msh-Request-Id', b'ee3790d8-7a92-11f1-a4fd-d296e9d2a462'), (b'Msh-Trace-Mode', b'on'), (b'Msh-Uid', b'd79a43tqip65nogbrrkg'), (b'Vary', b'Origin'), (b'Strict-Transport-Security', b'max-age=31536000; includeSubDomains')])
2026-07-08T06:04:50.675444888Z 2026-07-08 06:04:50,675 httpx INFO HTTP Request: POST https://api.moonshot.cn/v1/chat/completions "HTTP/1.1 429 Too Many Requests"
2026-07-08T06:04:50.675585722Z 2026-07-08 06:04:50,675 httpcore.http11 DEBUG receive_response_body.started request=<Request [b'POST']>
2026-07-08T06:04:50.675696098Z 2026-07-08 06:04:50,675 httpcore.http11 DEBUG receive_response_body.complete
2026-07-08T06:04:50.675903265Z 2026-07-08 06:04:50,675 httpcore.http11 DEBUG response_closed.started
2026-07-08T06:04:50.675918557Z 2026-07-08 06:04:50,675 httpcore.http11 DEBUG response_closed.complete
2026-07-08T06:04:50.676955645Z 2026-07-08 06:04:50,676 forwin.writer.chapter_writer WARNING ChapterWriter JSON call failed on attempt 1/1: Client error '429 Too Many Requests' for url 'https://api.moonshot.cn/v1/chat/completions'
2026-07-08T06:04:50.677002562Z For more information check: https://developer.mozilla.org/en-US/docs/Web/HTTP/Status/429
2026-07-08T06:04:50.677007145Z 2026-07-08 06:04:50,676 forwin.writer.chapter_writer WARNING thread_time_extraction degraded to empty metadata after retry: ChapterWriter JSON generation failed after retries: Client error '429 Too Many Requests' for url 'https://api.moonshot.cn/v1/chat/completions'
2026-07-08T06:04:50.677009853Z For more information check: https://developer.mozilla.org/en-US/docs/Web/HTTP/Status/429
2026-07-08T06:04:50.677921607Z 2026-07-08 06:04:50,677 httpcore.connection DEBUG connect_tcp.started host='10.0.0.150' port=8895 local_address=None timeout=10.0 socket_options=None
2026-07-08T06:04:50.686497645Z 2026-07-08 06:04:50,686 httpcore.connection DEBUG connect_tcp.failed exception=ConnectError(ConnectionRefusedError(111, 'Connection refused'))
2026-07-08T06:04:50.686897188Z 2026-07-08 06:04:50,686 forwin.writer.llm.adapter DEBUG LLMClient.chat attempt=1/2 model=kimi-k2.5 messages=2 max_tokens=2400
2026-07-08T06:04:50.687837693Z 2026-07-08 06:04:50,687 httpcore.http11 DEBUG send_request_headers.started request=<Request [b'POST']>
2026-07-08T06:04:50.688216694Z 2026-07-08 06:04:50,688 httpcore.http11 DEBUG send_request_headers.complete
2026-07-08T06:04:50.688230944Z 2026-07-08 06:04:50,688 httpcore.http11 DEBUG send_request_body.started request=<Request [b'POST']>
2026-07-08T06:04:50.688442195Z 2026-07-08 06:04:50,688 httpcore.http11 DEBUG send_request_body.complete
2026-07-08T06:04:50.688465612Z 2026-07-08 06:04:50,688 httpcore.http11 DEBUG receive_response_headers.started request=<Request [b'POST']>
2026-07-08T06:04:51.116144942Z 2026-07-08 06:04:51,115 httpcore.http11 DEBUG receive_response_headers.complete return_value=(b'HTTP/1.1', 429, b'Too Many Requests', [(b'Date', b'Wed, 08 Jul 2026 06:04:51 GMT'), (b'Content-Type', b'application/json; charset=utf-8'), (b'Content-Length', b'257'), (b'Connection', b'keep-alive'), (b'Msh-Gid', b'enterprise-tier-2'), (b'Msh-Org-Id', b'org-4783af77d82146eb9cdb963ca303699f'), (b'Msh-Project-Id', b'proj-b38ca7c5b03d4098a2e2d407f387adc1'), (b'Msh-Request-Id', b'ee7a9a97-7a92-11f1-8a53-6289053e06a4'), (b'Msh-Trace-Mode', b'on'), (b'Msh-Uid', b'd79a43tqip65nogbrrkg'), (b'Vary', b'Origin'), (b'Strict-Transport-Security', b'max-age=31536000; includeSubDomains')])
2026-07-08T06:04:51.116582610Z 2026-07-08 06:04:51,116 httpx INFO HTTP Request: POST https://api.moonshot.cn/v1/chat/completions "HTTP/1.1 429 Too Many Requests"
2026-07-08T06:04:51.116656319Z 2026-07-08 06:04:51,116 httpcore.http11 DEBUG receive_response_body.started request=<Request [b'POST']>
2026-07-08T06:04:51.116827111Z 2026-07-08 06:04:51,116 httpcore.http11 DEBUG receive_response_body.complete
2026-07-08T06:04:51.116906778Z 2026-07-08 06:04:51,116 httpcore.http11 DEBUG response_closed.started
2026-07-08T06:04:51.116914320Z 2026-07-08 06:04:51,116 httpcore.http11 DEBUG response_closed.complete
2026-07-08T06:04:51.118065450Z 2026-07-08 06:04:51,117 forwin.writer.llm.adapter WARNING Transient LLM HTTP status 429. Waiting 2.0 s before retry 2/2.
2026-07-08T06:04:53.127139619Z 2026-07-08 06:04:53,126 forwin.writer.llm.adapter DEBUG LLMClient.chat attempt=2/2 model=kimi-k2.5 messages=2 max_tokens=2400
2026-07-08T06:04:53.128879793Z 2026-07-08 06:04:53,128 httpcore.http11 DEBUG send_request_headers.started request=<Request [b'POST']>
2026-07-08T06:04:53.129432254Z 2026-07-08 06:04:53,129 httpcore.http11 DEBUG send_request_headers.complete
2026-07-08T06:04:53.129456671Z 2026-07-08 06:04:53,129 httpcore.http11 DEBUG send_request_body.started request=<Request [b'POST']>
2026-07-08T06:04:53.129967548Z 2026-07-08 06:04:53,129 httpcore.http11 DEBUG send_request_body.complete
2026-07-08T06:04:53.130016506Z 2026-07-08 06:04:53,129 httpcore.http11 DEBUG receive_response_headers.started request=<Request [b'POST']>
2026-07-08T06:04:53.746076579Z 2026-07-08 06:04:53,745 httpcore.http11 DEBUG receive_response_headers.complete return_value=(b'HTTP/1.1', 429, b'Too Many Requests', [(b'Date', b'Wed, 08 Jul 2026 06:04:53 GMT'), (b'Content-Type', b'application/json; charset=utf-8'), (b'Content-Length', b'257'), (b'Connection', b'keep-alive'), (b'Msh-Gid', b'enterprise-tier-2'), (b'Msh-Org-Id', b'org-4783af77d82146eb9cdb963ca303699f'), (b'Msh-Project-Id', b'proj-b38ca7c5b03d4098a2e2d407f387adc1'), (b'Msh-Request-Id', b'f00bfe7b-7a92-11f1-8425-76c8ca267757'), (b'Msh-Trace-Mode', b'on'), (b'Msh-Uid', b'd79a43tqip65nogbrrkg'), (b'Vary', b'Origin'), (b'Strict-Transport-Security', b'max-age=31536000; includeSubDomains')])
2026-07-08T06:04:53.746558997Z 2026-07-08 06:04:53,746 httpx INFO HTTP Request: POST https://api.moonshot.cn/v1/chat/completions "HTTP/1.1 429 Too Many Requests"
2026-07-08T06:04:53.746731498Z 2026-07-08 06:04:53,746 httpcore.http11 DEBUG receive_response_body.started request=<Request [b'POST']>
2026-07-08T06:04:53.746867832Z 2026-07-08 06:04:53,746 httpcore.http11 DEBUG receive_response_body.complete
2026-07-08T06:04:53.746877915Z 2026-07-08 06:04:53,746 httpcore.http11 DEBUG response_closed.started
2026-07-08T06:04:53.746992333Z 2026-07-08 06:04:53,746 httpcore.http11 DEBUG response_closed.complete
2026-07-08T06:04:53.747919878Z 2026-07-08 06:04:53,747 forwin.writer.chapter_writer WARNING ChapterWriter JSON call failed on attempt 1/2: Client error '429 Too Many Requests' for url 'https://api.moonshot.cn/v1/chat/completions'
2026-07-08T06:04:53.747953837Z For more information check: https://developer.mozilla.org/en-US/docs/Web/HTTP/Status/429
2026-07-08T06:04:53.748734340Z 2026-07-08 06:04:53,748 httpcore.connection DEBUG connect_tcp.started host='10.0.0.150' port=8895 local_address=None timeout=10.0 socket_options=None
2026-07-08T06:04:53.755556203Z 2026-07-08 06:04:53,755 httpcore.connection DEBUG connect_tcp.failed exception=ConnectError(ConnectionRefusedError(111, 'Connection refused'))
2026-07-08T06:04:53.755987955Z 2026-07-08 06:04:53,755 forwin.writer.llm.adapter DEBUG LLMClient.chat attempt=1/2 model=kimi-k2.5 messages=2 max_tokens=1800
2026-07-08T06:04:53.756946126Z 2026-07-08 06:04:53,756 httpcore.http11 DEBUG send_request_headers.started request=<Request [b'POST']>
2026-07-08T06:04:53.757329294Z 2026-07-08 06:04:53,757 httpcore.http11 DEBUG send_request_headers.complete
2026-07-08T06:04:53.757343420Z 2026-07-08 06:04:53,757 httpcore.http11 DEBUG send_request_body.started request=<Request [b'POST']>
2026-07-08T06:04:53.757539670Z 2026-07-08 06:04:53,757 httpcore.http11 DEBUG send_request_body.complete
2026-07-08T06:04:53.757547587Z 2026-07-08 06:04:53,757 httpcore.http11 DEBUG receive_response_headers.started request=<Request [b'POST']>
2026-07-08T06:04:54.804526671Z 2026-07-08 06:04:54,804 httpcore.http11 DEBUG receive_response_headers.complete return_value=(b'HTTP/1.1', 429, b'Too Many Requests', [(b'Date', b'Wed, 08 Jul 2026 06:04:54 GMT'), (b'Content-Type', b'application/json; charset=utf-8'), (b'Content-Length', b'257'), (b'Connection', b'keep-alive'), (b'Msh-Gid', b'enterprise-tier-2'), (b'Msh-Org-Id', b'org-4783af77d82146eb9cdb963ca303699f'), (b'Msh-Project-Id', b'proj-b38ca7c5b03d4098a2e2d407f387adc1'), (b'Msh-Request-Id', b'f0a59f79-7a92-11f1-8f02-06d39e0630ee'), (b'Msh-Trace-Mode', b'on'), (b'Msh-Uid', b'd79a43tqip65nogbrrkg'), (b'Vary', b'Origin'), (b'Strict-Transport-Security', b'max-age=31536000; includeSubDomains')])
2026-07-08T06:04:54.805028049Z 2026-07-08 06:04:54,804 httpx INFO HTTP Request: POST https://api.moonshot.cn/v1/chat/completions "HTTP/1.1 429 Too Many Requests"
2026-07-08T06:04:54.805145966Z 2026-07-08 06:04:54,805 httpcore.http11 DEBUG receive_response_body.started request=<Request [b'POST']>
2026-07-08T06:04:54.805161007Z 2026-07-08 06:04:54,805 httpcore.http11 DEBUG receive_response_body.complete
2026-07-08T06:04:54.805335842Z 2026-07-08 06:04:54,805 httpcore.http11 DEBUG response_closed.started
2026-07-08T06:04:54.805343300Z 2026-07-08 06:04:54,805 httpcore.http11 DEBUG response_closed.complete
2026-07-08T06:04:54.806289096Z 2026-07-08 06:04:54,806 forwin.writer.llm.adapter WARNING Transient LLM HTTP status 429. Waiting 2.0 s before retry 2/2.
2026-07-08T06:04:56.815686647Z 2026-07-08 06:04:56,815 forwin.writer.llm.adapter DEBUG LLMClient.chat attempt=2/2 model=kimi-k2.5 messages=2 max_tokens=1800
2026-07-08T06:04:56.817684280Z 2026-07-08 06:04:56,817 httpcore.http11 DEBUG send_request_headers.started request=<Request [b'POST']>
2026-07-08T06:04:56.818225908Z 2026-07-08 06:04:56,818 httpcore.http11 DEBUG send_request_headers.complete
2026-07-08T06:04:56.818249116Z 2026-07-08 06:04:56,818 httpcore.http11 DEBUG send_request_body.started request=<Request [b'POST']>
2026-07-08T06:04:56.818694160Z 2026-07-08 06:04:56,818 httpcore.http11 DEBUG send_request_body.complete
2026-07-08T06:04:56.818709118Z 2026-07-08 06:04:56,818 httpcore.http11 DEBUG receive_response_headers.started request=<Request [b'POST']>
2026-07-08T06:04:58.219553755Z 2026-07-08 06:04:58,218 httpcore.http11 DEBUG receive_response_headers.complete return_value=(b'HTTP/1.1', 429, b'Too Many Requests', [(b'Date', b'Wed, 08 Jul 2026 06:04:58 GMT'), (b'Content-Type', b'application/json; charset=utf-8'), (b'Content-Length', b'257'), (b'Connection', b'keep-alive'), (b'Msh-Gid', b'enterprise-tier-2'), (b'Msh-Org-Id', b'org-4783af77d82146eb9cdb963ca303699f'), (b'Msh-Project-Id', b'proj-b38ca7c5b03d4098a2e2d407f387adc1'), (b'Msh-Request-Id', b'f2b60acb-7a92-11f1-a1fa-5641ea53e1c6'), (b'Msh-Trace-Mode', b'on'), (b'Msh-Uid', b'd79a43tqip65nogbrrkg'), (b'Vary', b'Origin'), (b'Strict-Transport-Security', b'max-age=31536000; includeSubDomains')])
2026-07-08T06:04:58.220021174Z 2026-07-08 06:04:58,219 httpx INFO HTTP Request: POST https://api.moonshot.cn/v1/chat/completions "HTTP/1.1 429 Too Many Requests"
2026-07-08T06:04:58.220245717Z 2026-07-08 06:04:58,219 httpcore.http11 DEBUG receive_response_body.started request=<Request [b'POST']>
2026-07-08T06:04:58.220484301Z 2026-07-08 06:04:58,220 httpcore.http11 DEBUG receive_response_body.complete
2026-07-08T06:04:58.220660635Z 2026-07-08 06:04:58,220 httpcore.http11 DEBUG response_closed.started
2026-07-08T06:04:58.220671385Z 2026-07-08 06:04:58,220 httpcore.http11 DEBUG response_closed.complete
2026-07-08T06:04:58.222087516Z 2026-07-08 06:04:58,221 forwin.writer.chapter_writer WARNING ChapterWriter JSON call failed on attempt 2/2: Client error '429 Too Many Requests' for url 'https://api.moonshot.cn/v1/chat/completions'
2026-07-08T06:04:58.222105225Z For more information check: https://developer.mozilla.org/en-US/docs/Web/HTTP/Status/429
2026-07-08T06:04:58.222107600Z 2026-07-08 06:04:58,221 forwin.writer.chapter_writer WARNING lore_timeline_notes_extraction primary pass failed, retrying with reduced body: ChapterWriter JSON generation failed after retries: Client error '429 Too Many Requests' for url 'https://api.moonshot.cn/v1/chat/completions'
2026-07-08T06:04:58.222110017Z For more information check: https://developer.mozilla.org/en-US/docs/Web/HTTP/Status/429
2026-07-08T06:04:58.222790311Z 2026-07-08 06:04:58,222 httpcore.connection DEBUG connect_tcp.started host='10.0.0.150' port=8895 local_address=None timeout=10.0 socket_options=None
2026-07-08T06:04:58.234036194Z 2026-07-08 06:04:58,233 httpcore.connection DEBUG connect_tcp.failed exception=ConnectError(ConnectionRefusedError(111, 'Connection refused'))
2026-07-08T06:04:58.234675947Z 2026-07-08 06:04:58,234 forwin.writer.llm.adapter DEBUG LLMClient.chat attempt=1/2 model=kimi-k2.5 messages=2 max_tokens=1800
2026-07-08T06:04:58.236118745Z 2026-07-08 06:04:58,235 httpcore.http11 DEBUG send_request_headers.started request=<Request [b'POST']>
2026-07-08T06:04:58.236666372Z 2026-07-08 06:04:58,236 httpcore.http11 DEBUG send_request_headers.complete
2026-07-08T06:04:58.236677997Z 2026-07-08 06:04:58,236 httpcore.http11 DEBUG send_request_body.started request=<Request [b'POST']>
2026-07-08T06:04:58.237133666Z 2026-07-08 06:04:58,236 httpcore.http11 DEBUG send_request_body.complete
2026-07-08T06:04:58.237171666Z 2026-07-08 06:04:58,236 httpcore.http11 DEBUG receive_response_headers.started request=<Request [b'POST']>
2026-07-08T06:04:58.672111988Z 2026-07-08 06:04:58,671 httpcore.http11 DEBUG receive_response_headers.complete return_value=(b'HTTP/1.1', 429, b'Too Many Requests', [(b'Date', b'Wed, 08 Jul 2026 06:04:58 GMT'), (b'Content-Type', b'application/json; charset=utf-8'), (b'Content-Length', b'257'), (b'Connection', b'keep-alive'), (b'Msh-Gid', b'enterprise-tier-2'), (b'Msh-Org-Id', b'org-4783af77d82146eb9cdb963ca303699f'), (b'Msh-Project-Id', b'proj-b38ca7c5b03d4098a2e2d407f387adc1'), (b'Msh-Request-Id', b'f2fba259-7a92-11f1-9f56-fa051c9237a3'), (b'Msh-Trace-Mode', b'on'), (b'Msh-Uid', b'd79a43tqip65nogbrrkg'), (b'Vary', b'Origin'), (b'Strict-Transport-Security', b'max-age=31536000; includeSubDomains')])
2026-07-08T06:04:58.672631699Z 2026-07-08 06:04:58,672 httpx INFO HTTP Request: POST https://api.moonshot.cn/v1/chat/completions "HTTP/1.1 429 Too Many Requests"
2026-07-08T06:04:58.674624083Z 2026-07-08 06:04:58,674 httpcore.http11 DEBUG receive_response_body.started request=<Request [b'POST']>
2026-07-08T06:04:58.674753000Z 2026-07-08 06:04:58,674 httpcore.http11 DEBUG receive_response_body.complete
2026-07-08T06:04:58.674762542Z 2026-07-08 06:04:58,674 httpcore.http11 DEBUG response_closed.started
2026-07-08T06:04:58.674836542Z 2026-07-08 06:04:58,674 httpcore.http11 DEBUG response_closed.complete
2026-07-08T06:04:58.675624504Z 2026-07-08 06:04:58,675 forwin.writer.llm.adapter WARNING Transient LLM HTTP status 429. Waiting 2.0 s before retry 2/2.
2026-07-08T06:05:00.681097877Z 2026-07-08 06:05:00,680 forwin.writer.llm.adapter DEBUG LLMClient.chat attempt=2/2 model=kimi-k2.5 messages=2 max_tokens=1800
2026-07-08T06:05:00.683033343Z 2026-07-08 06:05:00,682 httpcore.http11 DEBUG send_request_headers.started request=<Request [b'POST']>
2026-07-08T06:05:00.683621471Z 2026-07-08 06:05:00,683 httpcore.http11 DEBUG send_request_headers.complete
2026-07-08T06:05:00.683635304Z 2026-07-08 06:05:00,683 httpcore.http11 DEBUG send_request_body.started request=<Request [b'POST']>
2026-07-08T06:05:00.684000681Z 2026-07-08 06:05:00,683 httpcore.http11 DEBUG send_request_body.complete
2026-07-08T06:05:00.684024098Z 2026-07-08 06:05:00,683 httpcore.http11 DEBUG receive_response_headers.started request=<Request [b'POST']>
2026-07-08T06:05:01.693768483Z 2026-07-08 06:05:01,693 httpcore.http11 DEBUG receive_response_headers.complete return_value=(b'HTTP/1.1', 429, b'Too Many Requests', [(b'Date', b'Wed, 08 Jul 2026 06:05:01 GMT'), (b'Content-Type', b'application/json; charset=utf-8'), (b'Content-Length', b'257'), (b'Connection', b'keep-alive'), (b'Msh-Gid', b'enterprise-tier-2'), (b'Msh-Org-Id', b'org-4783af77d82146eb9cdb963ca303699f'), (b'Msh-Project-Id', b'proj-b38ca7c5b03d4098a2e2d407f387adc1'), (b'Msh-Request-Id', b'f4c90c5d-7a92-11f1-8f07-9e0697282eec'), (b'Msh-Trace-Mode', b'on'), (b'Msh-Uid', b'd79a43tqip65nogbrrkg'), (b'Vary', b'Origin'), (b'Strict-Transport-Security', b'max-age=31536000; includeSubDomains')])
2026-07-08T06:05:01.694420319Z 2026-07-08 06:05:01,694 httpx INFO HTTP Request: POST https://api.moonshot.cn/v1/chat/completions "HTTP/1.1 429 Too Many Requests"
2026-07-08T06:05:01.694558194Z 2026-07-08 06:05:01,694 httpcore.http11 DEBUG receive_response_body.started request=<Request [b'POST']>
2026-07-08T06:05:01.694691195Z 2026-07-08 06:05:01,694 httpcore.http11 DEBUG receive_response_body.complete
2026-07-08T06:05:01.694784195Z 2026-07-08 06:05:01,694 httpcore.http11 DEBUG response_closed.started
2026-07-08T06:05:01.694794154Z 2026-07-08 06:05:01,694 httpcore.http11 DEBUG response_closed.complete
2026-07-08T06:05:01.695885200Z 2026-07-08 06:05:01,695 forwin.writer.chapter_writer WARNING ChapterWriter JSON call failed on attempt 1/1: Client error '429 Too Many Requests' for url 'https://api.moonshot.cn/v1/chat/completions'
2026-07-08T06:05:01.695898242Z For more information check: https://developer.mozilla.org/en-US/docs/Web/HTTP/Status/429
2026-07-08T06:05:01.696639204Z 2026-07-08 06:05:01,696 httpcore.connection DEBUG connect_tcp.started host='10.0.0.150' port=8895 local_address=None timeout=10.0 socket_options=None
2026-07-08T06:05:01.713526903Z 2026-07-08 06:05:01,713 httpcore.connection DEBUG connect_tcp.failed exception=ConnectError(ConnectionRefusedError(111, 'Connection refused'))
2026-07-08T06:05:01.714234031Z 2026-07-08 06:05:01,713 forwin.writer.llm.adapter DEBUG LLMClient.chat attempt=1/2 model=kimi-k2.5 messages=2 max_tokens=1800
2026-07-08T06:05:01.715496328Z 2026-07-08 06:05:01,715 httpcore.http11 DEBUG send_request_headers.started request=<Request [b'POST']>
2026-07-08T06:05:01.716048955Z 2026-07-08 06:05:01,715 httpcore.http11 DEBUG send_request_headers.complete
2026-07-08T06:05:01.716073122Z 2026-07-08 06:05:01,715 httpcore.http11 DEBUG send_request_body.started request=<Request [b'POST']>
2026-07-08T06:05:01.716445790Z 2026-07-08 06:05:01,716 httpcore.http11 DEBUG send_request_body.complete
2026-07-08T06:05:01.716457499Z 2026-07-08 06:05:01,716 httpcore.http11 DEBUG receive_response_headers.started request=<Request [b'POST']>
2026-07-08T06:05:02.527128928Z 2026-07-08 06:05:02,527 httpcore.http11 DEBUG receive_response_headers.complete return_value=(b'HTTP/1.1', 429, b'Too Many Requests', [(b'Date', b'Wed, 08 Jul 2026 06:05:02 GMT'), (b'Content-Type', b'application/json; charset=utf-8'), (b'Content-Length', b'257'), (b'Connection', b'keep-alive'), (b'Msh-Gid', b'enterprise-tier-2'), (b'Msh-Org-Id', b'org-4783af77d82146eb9cdb963ca303699f'), (b'Msh-Project-Id', b'proj-b38ca7c5b03d4098a2e2d407f387adc1'), (b'Msh-Request-Id', b'f548190a-7a92-11f1-a5b0-eadf85b049ae'), (b'Msh-Trace-Mode', b'on'), (b'Msh-Uid', b'd79a43tqip65nogbrrkg'), (b'Vary', b'Origin'), (b'Strict-Transport-Security', b'max-age=31536000; includeSubDomains')])
2026-07-08T06:05:02.527202720Z 2026-07-08 06:05:02,527 httpx INFO HTTP Request: POST https://api.moonshot.cn/v1/chat/completions "HTTP/1.1 429 Too Many Requests"
2026-07-08T06:05:02.527255387Z 2026-07-08 06:05:02,527 httpcore.http11 DEBUG receive_response_body.started request=<Request [b'POST']>
2026-07-08T06:05:02.527275096Z 2026-07-08 06:05:02,527 httpcore.http11 DEBUG receive_response_body.complete
2026-07-08T06:05:02.527294179Z 2026-07-08 06:05:02,527 httpcore.http11 DEBUG response_closed.started
2026-07-08T06:05:02.527315221Z 2026-07-08 06:05:02,527 httpcore.http11 DEBUG response_closed.complete
2026-07-08T06:05:02.527566805Z 2026-07-08 06:05:02,527 forwin.writer.llm.adapter WARNING Transient LLM HTTP status 429. Waiting 2.0 s before retry 2/2.
2026-07-08T06:05:04.530704007Z 2026-07-08 06:05:04,530 forwin.writer.llm.adapter DEBUG LLMClient.chat attempt=2/2 model=kimi-k2.5 messages=2 max_tokens=1800
2026-07-08T06:05:04.531302343Z 2026-07-08 06:05:04,531 httpcore.http11 DEBUG send_request_headers.started request=<Request [b'POST']>
2026-07-08T06:05:04.531539094Z 2026-07-08 06:05:04,531 httpcore.http11 DEBUG send_request_headers.complete
2026-07-08T06:05:04.531545469Z 2026-07-08 06:05:04,531 httpcore.http11 DEBUG send_request_body.started request=<Request [b'POST']>
2026-07-08T06:05:04.531719095Z 2026-07-08 06:05:04,531 httpcore.http11 DEBUG send_request_body.complete
2026-07-08T06:05:04.531725511Z 2026-07-08 06:05:04,531 httpcore.http11 DEBUG receive_response_headers.started request=<Request [b'POST']>
2026-07-08T06:05:06.355758555Z 2026-07-08 06:05:06,355 httpcore.http11 DEBUG receive_response_headers.complete return_value=(b'HTTP/1.1', 429, b'Too Many Requests', [(b'Date', b'Wed, 08 Jul 2026 06:05:06 GMT'), (b'Content-Type', b'application/json; charset=utf-8'), (b'Content-Length', b'257'), (b'Connection', b'keep-alive'), (b'Msh-Gid', b'enterprise-tier-2'), (b'Msh-Org-Id', b'org-4783af77d82146eb9cdb963ca303699f'), (b'Msh-Project-Id', b'proj-b38ca7c5b03d4098a2e2d407f387adc1'), (b'Msh-Request-Id', b'f7904557-7a92-11f1-a615-8e2403f78477'), (b'Msh-Trace-Mode', b'on'), (b'Msh-Uid', b'd79a43tqip65nogbrrkg'), (b'Vary', b'Origin'), (b'Strict-Transport-Security', b'max-age=31536000; includeSubDomains')])
2026-07-08T06:05:06.356070890Z 2026-07-08 06:05:06,355 httpx INFO HTTP Request: POST https://api.moonshot.cn/v1/chat/completions "HTTP/1.1 429 Too Many Requests"
2026-07-08T06:05:06.356238724Z 2026-07-08 06:05:06,356 httpcore.http11 DEBUG receive_response_body.started request=<Request [b'POST']>
2026-07-08T06:05:06.356288183Z 2026-07-08 06:05:06,356 httpcore.http11 DEBUG receive_response_body.complete
2026-07-08T06:05:06.356405850Z 2026-07-08 06:05:06,356 httpcore.http11 DEBUG response_closed.started
2026-07-08T06:05:06.356412558Z 2026-07-08 06:05:06,356 httpcore.http11 DEBUG response_closed.complete
2026-07-08T06:05:06.357394646Z 2026-07-08 06:05:06,357 forwin.writer.chapter_writer WARNING ChapterWriter JSON call failed on attempt 1/1: Client error '429 Too Many Requests' for url 'https://api.moonshot.cn/v1/chat/completions'
2026-07-08T06:05:06.357412021Z For more information check: https://developer.mozilla.org/en-US/docs/Web/HTTP/Status/429
2026-07-08T06:05:06.358149149Z 2026-07-08 06:05:06,358 httpcore.connection DEBUG connect_tcp.started host='10.0.0.150' port=8895 local_address=None timeout=10.0 socket_options=None
2026-07-08T06:05:06.364789762Z 2026-07-08 06:05:06,364 httpcore.connection DEBUG connect_tcp.failed exception=ConnectError(ConnectionRefusedError(111, 'Connection refused'))
2026-07-08T06:05:06.365213180Z 2026-07-08 06:05:06,365 forwin.writer.llm.adapter DEBUG LLMClient.chat attempt=1/2 model=kimi-k2.5 messages=2 max_tokens=1800
2026-07-08T06:05:06.366066476Z 2026-07-08 06:05:06,365 httpcore.http11 DEBUG send_request_headers.started request=<Request [b'POST']>
2026-07-08T06:05:06.366518978Z 2026-07-08 06:05:06,366 httpcore.http11 DEBUG send_request_headers.complete
2026-07-08T06:05:06.366554603Z 2026-07-08 06:05:06,366 httpcore.http11 DEBUG send_request_body.started request=<Request [b'POST']>
2026-07-08T06:05:06.366733645Z 2026-07-08 06:05:06,366 httpcore.http11 DEBUG send_request_body.complete
2026-07-08T06:05:06.366742187Z 2026-07-08 06:05:06,366 httpcore.http11 DEBUG receive_response_headers.started request=<Request [b'POST']>
2026-07-08T06:05:06.798384122Z 2026-07-08 06:05:06,798 httpcore.http11 DEBUG receive_response_headers.complete return_value=(b'HTTP/1.1', 429, b'Too Many Requests', [(b'Date', b'Wed, 08 Jul 2026 06:05:06 GMT'), (b'Content-Type', b'application/json; charset=utf-8'), (b'Content-Length', b'257'), (b'Connection', b'keep-alive'), (b'Msh-Gid', b'enterprise-tier-2'), (b'Msh-Org-Id', b'org-4783af77d82146eb9cdb963ca303699f'), (b'Msh-Project-Id', b'proj-b38ca7c5b03d4098a2e2d407f387adc1'), (b'Msh-Request-Id', b'f7d3a29d-7a92-11f1-aa3f-cea4ee74aa02'), (b'Msh-Trace-Mode', b'on'), (b'Msh-Uid', b'd79a43tqip65nogbrrkg'), (b'Vary', b'Origin'), (b'Strict-Transport-Security', b'max-age=31536000; includeSubDomains')])
2026-07-08T06:05:06.798548165Z 2026-07-08 06:05:06,798 httpx INFO HTTP Request: POST https://api.moonshot.cn/v1/chat/completions "HTTP/1.1 429 Too Many Requests"
2026-07-08T06:05:06.798637749Z 2026-07-08 06:05:06,798 httpcore.http11 DEBUG receive_response_body.started request=<Request [b'POST']>
2026-07-08T06:05:06.798669582Z 2026-07-08 06:05:06,798 httpcore.http11 DEBUG receive_response_body.complete
2026-07-08T06:05:06.798694874Z 2026-07-08 06:05:06,798 httpcore.http11 DEBUG response_closed.started
2026-07-08T06:05:06.798713166Z 2026-07-08 06:05:06,798 httpcore.http11 DEBUG response_closed.complete
2026-07-08T06:05:06.799222835Z 2026-07-08 06:05:06,799 forwin.writer.llm.adapter WARNING Transient LLM HTTP status 429. Waiting 2.0 s before retry 2/2.
2026-07-08T06:05:08.806637436Z 2026-07-08 06:05:08,806 forwin.writer.llm.adapter DEBUG LLMClient.chat attempt=2/2 model=kimi-k2.5 messages=2 max_tokens=1800
2026-07-08T06:05:08.808651529Z 2026-07-08 06:05:08,808 httpcore.http11 DEBUG send_request_headers.started request=<Request [b'POST']>
2026-07-08T06:05:08.809295031Z 2026-07-08 06:05:08,809 httpcore.http11 DEBUG send_request_headers.complete
2026-07-08T06:05:08.809317073Z 2026-07-08 06:05:08,809 httpcore.http11 DEBUG send_request_body.started request=<Request [b'POST']>
2026-07-08T06:05:08.809644658Z 2026-07-08 06:05:08,809 httpcore.http11 DEBUG send_request_body.complete
2026-07-08T06:05:08.809658241Z 2026-07-08 06:05:08,809 httpcore.http11 DEBUG receive_response_headers.started request=<Request [b'POST']>
2026-07-08T06:05:09.428634834Z 2026-07-08 06:05:09,428 httpcore.http11 DEBUG receive_response_headers.complete return_value=(b'HTTP/1.1', 429, b'Too Many Requests', [(b'Date', b'Wed, 08 Jul 2026 06:05:09 GMT'), (b'Content-Type', b'application/json; charset=utf-8'), (b'Content-Length', b'257'), (b'Connection', b'keep-alive'), (b'Msh-Gid', b'enterprise-tier-2'), (b'Msh-Org-Id', b'org-4783af77d82146eb9cdb963ca303699f'), (b'Msh-Project-Id', b'proj-b38ca7c5b03d4098a2e2d407f387adc1'), (b'Msh-Request-Id', b'f964cf90-7a92-11f1-b1a7-a28830c51955'), (b'Msh-Trace-Mode', b'on'), (b'Msh-Uid', b'd79a43tqip65nogbrrkg'), (b'Vary', b'Origin'), (b'Strict-Transport-Security', b'max-age=31536000; includeSubDomains')])
2026-07-08T06:05:09.428964752Z 2026-07-08 06:05:09,428 httpx INFO HTTP Request: POST https://api.moonshot.cn/v1/chat/completions "HTTP/1.1 429 Too Many Requests"
2026-07-08T06:05:09.429111044Z 2026-07-08 06:05:09,428 httpcore.http11 DEBUG receive_response_body.started request=<Request [b'POST']>
2026-07-08T06:05:09.429181003Z 2026-07-08 06:05:09,429 httpcore.http11 DEBUG receive_response_body.complete
2026-07-08T06:05:09.429299462Z 2026-07-08 06:05:09,429 httpcore.http11 DEBUG response_closed.started
2026-07-08T06:05:09.429305503Z 2026-07-08 06:05:09,429 httpcore.http11 DEBUG response_closed.complete
2026-07-08T06:05:09.430299133Z 2026-07-08 06:05:09,430 forwin.writer.chapter_writer WARNING ChapterWriter JSON call failed on attempt 1/1: Client error '429 Too Many Requests' for url 'https://api.moonshot.cn/v1/chat/completions'
2026-07-08T06:05:09.430318133Z For more information check: https://developer.mozilla.org/en-US/docs/Web/HTTP/Status/429
2026-07-08T06:05:09.430321508Z 2026-07-08 06:05:09,430 forwin.writer.chapter_writer WARNING lore_timeline_notes_extraction degraded to empty metadata after retry: ChapterWriter JSON generation failed after retries: Client error '429 Too Many Requests' for url 'https://api.moonshot.cn/v1/chat/completions'
2026-07-08T06:05:09.430324341Z For more information check: https://developer.mozilla.org/en-US/docs/Web/HTTP/Status/429
2026-07-08T06:05:09.430569134Z 2026-07-08 06:05:09,430 forwin.writer.chapter_writer INFO write_chapter: done – chapter=1 char_count=5886 state_changes=0 new_events=0 thread_beats=0
2026-07-08T06:05:10.000171343Z 2026-07-08 06:05:09,999 urllib3.connectionpool DEBUG Resetting dropped connection: 10.0.0.150
2026-07-08T06:05:10.026932544Z 2026-07-08 06:05:10,026 urllib3.connectionpool DEBUG http://10.0.0.150:19000 "PUT /forwin-artifacts/artifacts/projects/acde0ad10d544995b09e97a6f153f969/chapters/1/llm_traces/writer/scene_breakdown/20260708T060509998917Z_73397566085442cea656046a49fb5834_01_raw_prompt.json HTTP/1.1" 200 0
2026-07-08T06:05:10.042921489Z 2026-07-08 06:05:10,042 urllib3.connectionpool DEBUG http://10.0.0.150:19000 "PUT /forwin-artifacts/artifacts/projects/acde0ad10d544995b09e97a6f153f969/chapters/1/llm_traces/writer/scene_breakdown/20260708T060510027622Z_73397566085442cea656046a49fb5834_01_redacted_request.json HTTP/1.1" 200 0
2026-07-08T06:05:10.055088667Z 2026-07-08 06:05:10,054 urllib3.connectionpool DEBUG http://10.0.0.150:19000 "PUT /forwin-artifacts/artifacts/projects/acde0ad10d544995b09e97a6f153f969/chapters/1/llm_traces/writer/scene_breakdown/20260708T060510042646Z_73397566085442cea656046a49fb5834_01_raw_response.json HTTP/1.1" 200 0
2026-07-08T06:05:10.071709032Z 2026-07-08 06:05:10,071 urllib3.connectionpool DEBUG http://10.0.0.150:19000 "PUT /forwin-artifacts/artifacts/projects/acde0ad10d544995b09e97a6f153f969/chapters/1/llm_traces/writer/scene_breakdown/20260708T060510055413Z_73397566085442cea656046a49fb5834_02_raw_prompt.json HTTP/1.1" 200 0
2026-07-08T06:05:10.097856938Z 2026-07-08 06:05:10,097 urllib3.connectionpool DEBUG http://10.0.0.150:19000 "PUT /forwin-artifacts/artifacts/projects/acde0ad10d544995b09e97a6f153f969/chapters/1/llm_traces/writer/scene_breakdown/20260708T060510072455Z_73397566085442cea656046a49fb5834_02_redacted_request.json HTTP/1.1" 200 0
2026-07-08T06:05:10.113478382Z 2026-07-08 06:05:10,113 urllib3.connectionpool DEBUG http://10.0.0.150:19000 "PUT /forwin-artifacts/artifacts/projects/acde0ad10d544995b09e97a6f153f969/chapters/1/llm_traces/writer/scene_breakdown/20260708T060510097838Z_73397566085442cea656046a49fb5834_02_error_response.json HTTP/1.1" 200 0
2026-07-08T06:05:10.126759857Z 2026-07-08 06:05:10,126 urllib3.connectionpool DEBUG http://10.0.0.150:19000 "PUT /forwin-artifacts/artifacts/projects/acde0ad10d544995b09e97a6f153f969/chapters/1/llm_traces/writer/scene_breakdown/20260708T060510114031Z_73397566085442cea656046a49fb5834_01_raw_prompt.json HTTP/1.1" 200 0
2026-07-08T06:05:10.154962106Z 2026-07-08 06:05:10,154 urllib3.connectionpool DEBUG http://10.0.0.150:19000 "PUT /forwin-artifacts/artifacts/projects/acde0ad10d544995b09e97a6f153f969/chapters/1/llm_traces/writer/scene_breakdown/20260708T060510127363Z_73397566085442cea656046a49fb5834_01_redacted_request.json HTTP/1.1" 200 0
2026-07-08T06:05:10.169245668Z 2026-07-08 06:05:10,168 urllib3.connectionpool DEBUG http://10.0.0.150:19000 "PUT /forwin-artifacts/artifacts/projects/acde0ad10d544995b09e97a6f153f969/chapters/1/llm_traces/writer/scene_breakdown/20260708T060510154907Z_73397566085442cea656046a49fb5834_01_raw_response.json HTTP/1.1" 200 0
2026-07-08T06:05:10.187394915Z 2026-07-08 06:05:10,187 urllib3.connectionpool DEBUG http://10.0.0.150:19000 "PUT /forwin-artifacts/artifacts/projects/acde0ad10d544995b09e97a6f153f969/chapters/1/llm_traces/writer/scene_breakdown/20260708T060510169735Z_73397566085442cea656046a49fb5834_02_raw_prompt.json HTTP/1.1" 200 0
2026-07-08T06:05:10.201682269Z 2026-07-08 06:05:10,201 urllib3.connectionpool DEBUG http://10.0.0.150:19000 "PUT /forwin-artifacts/artifacts/projects/acde0ad10d544995b09e97a6f153f969/chapters/1/llm_traces/writer/scene_breakdown/20260708T060510187892Z_73397566085442cea656046a49fb5834_02_redacted_request.json HTTP/1.1" 200 0
2026-07-08T06:05:10.213629738Z 2026-07-08 06:05:10,213 urllib3.connectionpool DEBUG http://10.0.0.150:19000 "PUT /forwin-artifacts/artifacts/projects/acde0ad10d544995b09e97a6f153f969/chapters/1/llm_traces/writer/scene_breakdown/20260708T060510201601Z_73397566085442cea656046a49fb5834_02_error_response.json HTTP/1.1" 200 0
2026-07-08T06:05:10.225749292Z 2026-07-08 06:05:10,225 urllib3.connectionpool DEBUG http://10.0.0.150:19000 "PUT /forwin-artifacts/artifacts/projects/acde0ad10d544995b09e97a6f153f969/chapters/1/llm_traces/writer/scene_generation/20260708T060510214179Z_67020f2d623b4551aa442c44ad819ad2_01_raw_prompt.json HTTP/1.1" 200 0
2026-07-08T06:05:10.240219313Z 2026-07-08 06:05:10,240 urllib3.connectionpool DEBUG http://10.0.0.150:19000 "PUT /forwin-artifacts/artifacts/projects/acde0ad10d544995b09e97a6f153f969/chapters/1/llm_traces/writer/scene_generation/20260708T060510226164Z_67020f2d623b4551aa442c44ad819ad2_01_redacted_request.json HTTP/1.1" 200 0
2026-07-08T06:05:10.251937698Z 2026-07-08 06:05:10,251 urllib3.connectionpool DEBUG http://10.0.0.150:19000 "PUT /forwin-artifacts/artifacts/projects/acde0ad10d544995b09e97a6f153f969/chapters/1/llm_traces/writer/scene_generation/20260708T060510240171Z_67020f2d623b4551aa442c44ad819ad2_01_raw_response.json HTTP/1.1" 200 0
2026-07-08T06:05:10.266138802Z 2026-07-08 06:05:10,265 urllib3.connectionpool DEBUG http://10.0.0.150:19000 "PUT /forwin-artifacts/artifacts/projects/acde0ad10d544995b09e97a6f153f969/chapters/1/llm_traces/writer/scene_generation/20260708T060510252488Z_67020f2d623b4551aa442c44ad819ad2_02_raw_prompt.json HTTP/1.1" 200 0
2026-07-08T06:05:10.280953784Z 2026-07-08 06:05:10,280 urllib3.connectionpool DEBUG http://10.0.0.150:19000 "PUT /forwin-artifacts/artifacts/projects/acde0ad10d544995b09e97a6f153f969/chapters/1/llm_traces/writer/scene_generation/20260708T060510266790Z_67020f2d623b4551aa442c44ad819ad2_02_redacted_request.json HTTP/1.1" 200 0
2026-07-08T06:05:10.294102758Z 2026-07-08 06:05:10,293 urllib3.connectionpool DEBUG http://10.0.0.150:19000 "PUT /forwin-artifacts/artifacts/projects/acde0ad10d544995b09e97a6f153f969/chapters/1/llm_traces/writer/scene_generation/20260708T060510280904Z_67020f2d623b4551aa442c44ad819ad2_02_error_response.json HTTP/1.1" 200 0
2026-07-08T06:05:10.309257950Z 2026-07-08 06:05:10,308 urllib3.connectionpool DEBUG http://10.0.0.150:19000 "PUT /forwin-artifacts/artifacts/projects/acde0ad10d544995b09e97a6f153f969/chapters/1/llm_traces/writer/scene_generation/20260708T060510294684Z_67020f2d623b4551aa442c44ad819ad2_01_raw_prompt.json HTTP/1.1" 200 0
2026-07-08T06:05:10.333126513Z 2026-07-08 06:05:10,332 urllib3.connectionpool DEBUG http://10.0.0.150:19000 "PUT /forwin-artifacts/artifacts/projects/acde0ad10d544995b09e97a6f153f969/chapters/1/llm_traces/writer/scene_generation/20260708T060510310027Z_67020f2d623b4551aa442c44ad819ad2_01_redacted_request.json HTTP/1.1" 200 0
2026-07-08T06:05:10.346644031Z 2026-07-08 06:05:10,346 urllib3.connectionpool DEBUG http://10.0.0.150:19000 "PUT /forwin-artifacts/artifacts/projects/acde0ad10d544995b09e97a6f153f969/chapters/1/llm_traces/writer/scene_generation/20260708T060510333040Z_67020f2d623b4551aa442c44ad819ad2_01_raw_response.json HTTP/1.1" 200 0
2026-07-08T06:05:10.361692763Z 2026-07-08 06:05:10,361 urllib3.connectionpool DEBUG http://10.0.0.150:19000 "PUT /forwin-artifacts/artifacts/projects/acde0ad10d544995b09e97a6f153f969/chapters/1/llm_traces/writer/scene_generation/20260708T060510347246Z_0025e3beb2b34c7ba8e84917d5b3cf72_01_raw_prompt.json HTTP/1.1" 200 0
2026-07-08T06:05:10.377343041Z 2026-07-08 06:05:10,377 urllib3.connectionpool DEBUG http://10.0.0.150:19000 "PUT /forwin-artifacts/artifacts/projects/acde0ad10d544995b09e97a6f153f969/chapters/1/llm_traces/writer/scene_generation/20260708T060510362422Z_0025e3beb2b34c7ba8e84917d5b3cf72_01_redacted_request.json HTTP/1.1" 200 0
2026-07-08T06:05:10.392635108Z 2026-07-08 06:05:10,392 urllib3.connectionpool DEBUG http://10.0.0.150:19000 "PUT /forwin-artifacts/artifacts/projects/acde0ad10d544995b09e97a6f153f969/chapters/1/llm_traces/writer/scene_generation/20260708T060510377307Z_0025e3beb2b34c7ba8e84917d5b3cf72_01_raw_response.json HTTP/1.1" 200 0
2026-07-08T06:05:10.407721674Z 2026-07-08 06:05:10,407 urllib3.connectionpool DEBUG http://10.0.0.150:19000 "PUT /forwin-artifacts/artifacts/projects/acde0ad10d544995b09e97a6f153f969/chapters/1/llm_traces/writer/scene_generation/20260708T060510393209Z_0025e3beb2b34c7ba8e84917d5b3cf72_02_raw_prompt.json HTTP/1.1" 200 0
2026-07-08T06:05:10.423236159Z 2026-07-08 06:05:10,422 urllib3.connectionpool DEBUG http://10.0.0.150:19000 "PUT /forwin-artifacts/artifacts/projects/acde0ad10d544995b09e97a6f153f969/chapters/1/llm_traces/writer/scene_generation/20260708T060510408437Z_0025e3beb2b34c7ba8e84917d5b3cf72_02_redacted_request.json HTTP/1.1" 200 0
2026-07-08T06:05:10.439768273Z 2026-07-08 06:05:10,439 urllib3.connectionpool DEBUG http://10.0.0.150:19000 "PUT /forwin-artifacts/artifacts/projects/acde0ad10d544995b09e97a6f153f969/chapters/1/llm_traces/writer/scene_generation/20260708T060510423222Z_0025e3beb2b34c7ba8e84917d5b3cf72_02_error_response.json HTTP/1.1" 200 0
2026-07-08T06:05:10.452366037Z 2026-07-08 06:05:10,452 urllib3.connectionpool DEBUG http://10.0.0.150:19000 "PUT /forwin-artifacts/artifacts/projects/acde0ad10d544995b09e97a6f153f969/chapters/1/llm_traces/writer/scene_generation/20260708T060510440346Z_0025e3beb2b34c7ba8e84917d5b3cf72_01_raw_prompt.json HTTP/1.1" 200 0
2026-07-08T06:05:10.465459886Z 2026-07-08 06:05:10,465 urllib3.connectionpool DEBUG http://10.0.0.150:19000 "PUT /forwin-artifacts/artifacts/projects/acde0ad10d544995b09e97a6f153f969/chapters/1/llm_traces/writer/scene_generation/20260708T060510453124Z_0025e3beb2b34c7ba8e84917d5b3cf72_01_redacted_request.json HTTP/1.1" 200 0
2026-07-08T06:05:10.479855241Z 2026-07-08 06:05:10,479 urllib3.connectionpool DEBUG http://10.0.0.150:19000 "PUT /forwin-artifacts/artifacts/projects/acde0ad10d544995b09e97a6f153f969/chapters/1/llm_traces/writer/scene_generation/20260708T060510465485Z_0025e3beb2b34c7ba8e84917d5b3cf72_01_raw_response.json HTTP/1.1" 200 0
2026-07-08T06:05:10.493157299Z 2026-07-08 06:05:10,492 urllib3.connectionpool DEBUG http://10.0.0.150:19000 "PUT /forwin-artifacts/artifacts/projects/acde0ad10d544995b09e97a6f153f969/chapters/1/llm_traces/writer/scene_generation/20260708T060510480446Z_11db771908ff40b8a1666c98b8dfb9e9_01_raw_prompt.json HTTP/1.1" 200 0
2026-07-08T06:05:10.510143415Z 2026-07-08 06:05:10,509 urllib3.connectionpool DEBUG http://10.0.0.150:19000 "PUT /forwin-artifacts/artifacts/projects/acde0ad10d544995b09e97a6f153f969/chapters/1/llm_traces/writer/scene_generation/20260708T060510493843Z_11db771908ff40b8a1666c98b8dfb9e9_01_redacted_request.json HTTP/1.1" 200 0
2026-07-08T06:05:10.523826975Z 2026-07-08 06:05:10,523 urllib3.connectionpool DEBUG http://10.0.0.150:19000 "PUT /forwin-artifacts/artifacts/projects/acde0ad10d544995b09e97a6f153f969/chapters/1/llm_traces/writer/scene_generation/20260708T060510510129Z_11db771908ff40b8a1666c98b8dfb9e9_01_raw_response.json HTTP/1.1" 200 0
2026-07-08T06:05:10.538046913Z 2026-07-08 06:05:10,537 urllib3.connectionpool DEBUG http://10.0.0.150:19000 "PUT /forwin-artifacts/artifacts/projects/acde0ad10d544995b09e97a6f153f969/chapters/1/llm_traces/writer/scene_generation/20260708T060510524283Z_11db771908ff40b8a1666c98b8dfb9e9_02_raw_prompt.json HTTP/1.1" 200 0
2026-07-08T06:05:10.550054591Z 2026-07-08 06:05:10,549 urllib3.connectionpool DEBUG http://10.0.0.150:19000 "PUT /forwin-artifacts/artifacts/projects/acde0ad10d544995b09e97a6f153f969/chapters/1/llm_traces/writer/scene_generation/20260708T060510538709Z_11db771908ff40b8a1666c98b8dfb9e9_02_redacted_request.json HTTP/1.1" 200 0
2026-07-08T06:05:10.564870781Z 2026-07-08 06:05:10,564 urllib3.connectionpool DEBUG http://10.0.0.150:19000 "PUT /forwin-artifacts/artifacts/projects/acde0ad10d544995b09e97a6f153f969/chapters/1/llm_traces/writer/scene_generation/20260708T060510550071Z_11db771908ff40b8a1666c98b8dfb9e9_02_error_response.json HTTP/1.1" 200 0
2026-07-08T06:05:10.583682863Z 2026-07-08 06:05:10,583 urllib3.connectionpool DEBUG http://10.0.0.150:19000 "PUT /forwin-artifacts/artifacts/projects/acde0ad10d544995b09e97a6f153f969/chapters/1/llm_traces/writer/scene_generation/20260708T060510565414Z_11db771908ff40b8a1666c98b8dfb9e9_01_raw_prompt.json HTTP/1.1" 200 0
2026-07-08T06:05:10.597022088Z 2026-07-08 06:05:10,596 urllib3.connectionpool DEBUG http://10.0.0.150:19000 "PUT /forwin-artifacts/artifacts/projects/acde0ad10d544995b09e97a6f153f969/chapters/1/llm_traces/writer/scene_generation/20260708T060510584361Z_11db771908ff40b8a1666c98b8dfb9e9_01_redacted_request.json HTTP/1.1" 200 0
2026-07-08T06:05:10.610654857Z 2026-07-08 06:05:10,610 urllib3.connectionpool DEBUG http://10.0.0.150:19000 "PUT /forwin-artifacts/artifacts/projects/acde0ad10d544995b09e97a6f153f969/chapters/1/llm_traces/writer/scene_generation/20260708T060510597028Z_11db771908ff40b8a1666c98b8dfb9e9_01_raw_response.json HTTP/1.1" 200 0
2026-07-08T06:05:10.636193385Z 2026-07-08 06:05:10,635 urllib3.connectionpool DEBUG http://10.0.0.150:19000 "PUT /forwin-artifacts/artifacts/projects/acde0ad10d544995b09e97a6f153f969/chapters/1/llm_traces/writer/scene_stitch/20260708T060510611399Z_8e6fcd02ff484c048f9be44297ba160d_01_raw_prompt.json HTTP/1.1" 200 0
2026-07-08T06:05:10.649517944Z 2026-07-08 06:05:10,649 urllib3.connectionpool DEBUG http://10.0.0.150:19000 "PUT /forwin-artifacts/artifacts/projects/acde0ad10d544995b09e97a6f153f969/chapters/1/llm_traces/writer/scene_stitch/20260708T060510636947Z_8e6fcd02ff484c048f9be44297ba160d_01_redacted_request.json HTTP/1.1" 200 0
2026-07-08T06:05:10.662481126Z 2026-07-08 06:05:10,662 urllib3.connectionpool DEBUG http://10.0.0.150:19000 "PUT /forwin-artifacts/artifacts/projects/acde0ad10d544995b09e97a6f153f969/chapters/1/llm_traces/writer/scene_stitch/20260708T060510649495Z_8e6fcd02ff484c048f9be44297ba160d_01_raw_response.json HTTP/1.1" 200 0
2026-07-08T06:05:10.678791739Z 2026-07-08 06:05:10,678 urllib3.connectionpool DEBUG http://10.0.0.150:19000 "PUT /forwin-artifacts/artifacts/projects/acde0ad10d544995b09e97a6f153f969/chapters/1/llm_traces/writer/scene_stitch/20260708T060510663143Z_8e6fcd02ff484c048f9be44297ba160d_02_raw_prompt.json HTTP/1.1" 200 0
2026-07-08T06:05:10.694431641Z 2026-07-08 06:05:10,694 urllib3.connectionpool DEBUG http://10.0.0.150:19000 "PUT /forwin-artifacts/artifacts/projects/acde0ad10d544995b09e97a6f153f969/chapters/1/llm_traces/writer/scene_stitch/20260708T060510679492Z_8e6fcd02ff484c048f9be44297ba160d_02_redacted_request.json HTTP/1.1" 200 0
2026-07-08T06:05:10.706692487Z 2026-07-08 06:05:10,706 urllib3.connectionpool DEBUG http://10.0.0.150:19000 "PUT /forwin-artifacts/artifacts/projects/acde0ad10d544995b09e97a6f153f969/chapters/1/llm_traces/writer/scene_stitch/20260708T060510694419Z_8e6fcd02ff484c048f9be44297ba160d_02_error_response.json HTTP/1.1" 200 0
2026-07-08T06:05:10.743504398Z 2026-07-08 06:05:10,743 urllib3.connectionpool DEBUG http://10.0.0.150:19000 "PUT /forwin-artifacts/artifacts/projects/acde0ad10d544995b09e97a6f153f969/chapters/1/llm_traces/writer/scene_stitch/20260708T060510707353Z_8e6fcd02ff484c048f9be44297ba160d_01_raw_prompt.json HTTP/1.1" 200 0
2026-07-08T06:05:10.755187658Z 2026-07-08 06:05:10,755 urllib3.connectionpool DEBUG http://10.0.0.150:19000 "PUT /forwin-artifacts/artifacts/projects/acde0ad10d544995b09e97a6f153f969/chapters/1/llm_traces/writer/scene_stitch/20260708T060510744510Z_8e6fcd02ff484c048f9be44297ba160d_01_redacted_request.json HTTP/1.1" 200 0
2026-07-08T06:05:10.767217419Z 2026-07-08 06:05:10,767 urllib3.connectionpool DEBUG http://10.0.0.150:19000 "PUT /forwin-artifacts/artifacts/projects/acde0ad10d544995b09e97a6f153f969/chapters/1/llm_traces/writer/scene_stitch/20260708T060510755208Z_8e6fcd02ff484c048f9be44297ba160d_01_raw_response.json HTTP/1.1" 200 0
2026-07-08T06:05:10.786405837Z 2026-07-08 06:05:10,786 urllib3.connectionpool DEBUG http://10.0.0.150:19000 "PUT /forwin-artifacts/artifacts/projects/acde0ad10d544995b09e97a6f153f969/chapters/1/llm_traces/writer/state_event_extraction/20260708T060510767585Z_b7dba328fbcf4f5082646f51f02e7d99_01_raw_prompt.json HTTP/1.1" 200 0
2026-07-08T06:05:10.799728062Z 2026-07-08 06:05:10,799 urllib3.connectionpool DEBUG http://10.0.0.150:19000 "PUT /forwin-artifacts/artifacts/projects/acde0ad10d544995b09e97a6f153f969/chapters/1/llm_traces/writer/state_event_extraction/20260708T060510786822Z_b7dba328fbcf4f5082646f51f02e7d99_01_redacted_request.json HTTP/1.1" 200 0
2026-07-08T06:05:10.828334854Z 2026-07-08 06:05:10,827 urllib3.connectionpool DEBUG http://10.0.0.150:19000 "PUT /forwin-artifacts/artifacts/projects/acde0ad10d544995b09e97a6f153f969/chapters/1/llm_traces/writer/state_event_extraction/20260708T060510799666Z_b7dba328fbcf4f5082646f51f02e7d99_01_raw_response.json HTTP/1.1" 200 0
2026-07-08T06:05:10.842713292Z 2026-07-08 06:05:10,842 urllib3.connectionpool DEBUG http://10.0.0.150:19000 "PUT /forwin-artifacts/artifacts/projects/acde0ad10d544995b09e97a6f153f969/chapters/1/llm_traces/writer/state_event_extraction/20260708T060510828894Z_b7dba328fbcf4f5082646f51f02e7d99_02_raw_prompt.json HTTP/1.1" 200 0
2026-07-08T06:05:10.857411023Z 2026-07-08 06:05:10,857 urllib3.connectionpool DEBUG http://10.0.0.150:19000 "PUT /forwin-artifacts/artifacts/projects/acde0ad10d544995b09e97a6f153f969/chapters/1/llm_traces/writer/state_event_extraction/20260708T060510843220Z_b7dba328fbcf4f5082646f51f02e7d99_02_redacted_request.json HTTP/1.1" 200 0
2026-07-08T06:05:10.870412622Z 2026-07-08 06:05:10,870 urllib3.connectionpool DEBUG http://10.0.0.150:19000 "PUT /forwin-artifacts/artifacts/projects/acde0ad10d544995b09e97a6f153f969/chapters/1/llm_traces/writer/state_event_extraction/20260708T060510857352Z_b7dba328fbcf4f5082646f51f02e7d99_02_error_response.json HTTP/1.1" 200 0
2026-07-08T06:05:10.887718073Z 2026-07-08 06:05:10,887 urllib3.connectionpool DEBUG http://10.0.0.150:19000 "PUT /forwin-artifacts/artifacts/projects/acde0ad10d544995b09e97a6f153f969/chapters/1/llm_traces/writer/state_event_extraction/20260708T060510870933Z_d2914b251cb94729b5dab822b3fb8101_01_raw_prompt.json HTTP/1.1" 200 0
2026-07-08T06:05:10.902438096Z 2026-07-08 06:05:10,902 urllib3.connectionpool DEBUG http://10.0.0.150:19000 "PUT /forwin-artifacts/artifacts/projects/acde0ad10d544995b09e97a6f153f969/chapters/1/llm_traces/writer/state_event_extraction/20260708T060510888221Z_d2914b251cb94729b5dab822b3fb8101_01_redacted_request.json HTTP/1.1" 200 0
2026-07-08T06:05:10.932050934Z 2026-07-08 06:05:10,931 urllib3.connectionpool DEBUG http://10.0.0.150:19000 "PUT /forwin-artifacts/artifacts/projects/acde0ad10d544995b09e97a6f153f969/chapters/1/llm_traces/writer/state_event_extraction/20260708T060510902372Z_d2914b251cb94729b5dab822b3fb8101_01_raw_response.json HTTP/1.1" 200 0
2026-07-08T06:05:10.947514836Z 2026-07-08 06:05:10,947 urllib3.connectionpool DEBUG http://10.0.0.150:19000 "PUT /forwin-artifacts/artifacts/projects/acde0ad10d544995b09e97a6f153f969/chapters/1/llm_traces/writer/state_event_extraction/20260708T060510932661Z_d2914b251cb94729b5dab822b3fb8101_02_raw_prompt.json HTTP/1.1" 200 0
2026-07-08T06:05:10.959177637Z 2026-07-08 06:05:10,958 urllib3.connectionpool DEBUG http://10.0.0.150:19000 "PUT /forwin-artifacts/artifacts/projects/acde0ad10d544995b09e97a6f153f969/chapters/1/llm_traces/writer/state_event_extraction/20260708T060510947957Z_d2914b251cb94729b5dab822b3fb8101_02_redacted_request.json HTTP/1.1" 200 0
2026-07-08T06:05:10.972811947Z 2026-07-08 06:05:10,972 urllib3.connectionpool DEBUG http://10.0.0.150:19000 "PUT /forwin-artifacts/artifacts/projects/acde0ad10d544995b09e97a6f153f969/chapters/1/llm_traces/writer/state_event_extraction/20260708T060510959085Z_d2914b251cb94729b5dab822b3fb8101_02_error_response.json HTTP/1.1" 200 0
2026-07-08T06:05:10.995778131Z 2026-07-08 06:05:10,995 urllib3.connectionpool DEBUG http://10.0.0.150:19000 "PUT /forwin-artifacts/artifacts/projects/acde0ad10d544995b09e97a6f153f969/chapters/1/llm_traces/writer/state_event_extraction/20260708T060510973196Z_d491717edba544d399f911f659fd31fd_01_raw_prompt.json HTTP/1.1" 200 0
2026-07-08T06:05:11.011894535Z 2026-07-08 06:05:11,011 urllib3.connectionpool DEBUG http://10.0.0.150:19000 "PUT /forwin-artifacts/artifacts/projects/acde0ad10d544995b09e97a6f153f969/chapters/1/llm_traces/writer/state_event_extraction/20260708T060510996081Z_d491717edba544d399f911f659fd31fd_01_redacted_request.json HTTP/1.1" 200 0
2026-07-08T06:05:11.034651718Z 2026-07-08 06:05:11,034 urllib3.connectionpool DEBUG http://10.0.0.150:19000 "PUT /forwin-artifacts/artifacts/projects/acde0ad10d544995b09e97a6f153f969/chapters/1/llm_traces/writer/state_event_extraction/20260708T060511011809Z_d491717edba544d399f911f659fd31fd_01_raw_response.json HTTP/1.1" 200 0
2026-07-08T06:05:11.048715488Z 2026-07-08 06:05:11,048 urllib3.connectionpool DEBUG http://10.0.0.150:19000 "PUT /forwin-artifacts/artifacts/projects/acde0ad10d544995b09e97a6f153f969/chapters/1/llm_traces/writer/state_event_extraction/20260708T060511035158Z_d491717edba544d399f911f659fd31fd_02_raw_prompt.json HTTP/1.1" 200 0
2026-07-08T06:05:11.063154802Z 2026-07-08 06:05:11,062 urllib3.connectionpool DEBUG http://10.0.0.150:19000 "PUT /forwin-artifacts/artifacts/projects/acde0ad10d544995b09e97a6f153f969/chapters/1/llm_traces/writer/state_event_extraction/20260708T060511048941Z_d491717edba544d399f911f659fd31fd_02_redacted_request.json HTTP/1.1" 200 0
2026-07-08T06:05:11.075107604Z 2026-07-08 06:05:11,074 urllib3.connectionpool DEBUG http://10.0.0.150:19000 "PUT /forwin-artifacts/artifacts/projects/acde0ad10d544995b09e97a6f153f969/chapters/1/llm_traces/writer/state_event_extraction/20260708T060511063047Z_d491717edba544d399f911f659fd31fd_02_error_response.json HTTP/1.1" 200 0
2026-07-08T06:05:11.093184642Z 2026-07-08 06:05:11,092 urllib3.connectionpool DEBUG http://10.0.0.150:19000 "PUT /forwin-artifacts/artifacts/projects/acde0ad10d544995b09e97a6f153f969/chapters/1/llm_traces/writer/state_event_extraction/20260708T060511075564Z_40cb90f5e70d49df893d42d1de6c4292_01_raw_prompt.json HTTP/1.1" 200 0
2026-07-08T06:05:11.108424501Z 2026-07-08 06:05:11,108 urllib3.connectionpool DEBUG http://10.0.0.150:19000 "PUT /forwin-artifacts/artifacts/projects/acde0ad10d544995b09e97a6f153f969/chapters/1/llm_traces/writer/state_event_extraction/20260708T060511093444Z_40cb90f5e70d49df893d42d1de6c4292_01_redacted_request.json HTTP/1.1" 200 0
2026-07-08T06:05:11.129049050Z 2026-07-08 06:05:11,128 urllib3.connectionpool DEBUG http://10.0.0.150:19000 "PUT /forwin-artifacts/artifacts/projects/acde0ad10d544995b09e97a6f153f969/chapters/1/llm_traces/writer/state_event_extraction/20260708T060511108355Z_40cb90f5e70d49df893d42d1de6c4292_01_raw_response.json HTTP/1.1" 200 0
2026-07-08T06:05:11.142767568Z 2026-07-08 06:05:11,142 urllib3.connectionpool DEBUG http://10.0.0.150:19000 "PUT /forwin-artifacts/artifacts/projects/acde0ad10d544995b09e97a6f153f969/chapters/1/llm_traces/writer/state_event_extraction/20260708T060511129429Z_40cb90f5e70d49df893d42d1de6c4292_02_raw_prompt.json HTTP/1.1" 200 0
2026-07-08T06:05:11.160485854Z 2026-07-08 06:05:11,160 urllib3.connectionpool DEBUG http://10.0.0.150:19000 "PUT /forwin-artifacts/artifacts/projects/acde0ad10d544995b09e97a6f153f969/chapters/1/llm_traces/writer/state_event_extraction/20260708T060511143043Z_40cb90f5e70d49df893d42d1de6c4292_02_redacted_request.json HTTP/1.1" 200 0
2026-07-08T06:05:11.172169447Z 2026-07-08 06:05:11,171 urllib3.connectionpool DEBUG http://10.0.0.150:19000 "PUT /forwin-artifacts/artifacts/projects/acde0ad10d544995b09e97a6f153f969/chapters/1/llm_traces/writer/state_event_extraction/20260708T060511160432Z_40cb90f5e70d49df893d42d1de6c4292_02_error_response.json HTTP/1.1" 200 0
2026-07-08T06:05:11.186038342Z 2026-07-08 06:05:11,185 urllib3.connectionpool DEBUG http://10.0.0.150:19000 "PUT /forwin-artifacts/artifacts/projects/acde0ad10d544995b09e97a6f153f969/chapters/1/llm_traces/writer/state_event_extraction/20260708T060511172628Z_1b6c5421ada04102aefc4957cf805fbc_01_raw_prompt.json HTTP/1.1" 200 0
2026-07-08T06:05:11.201014282Z 2026-07-08 06:05:11,200 urllib3.connectionpool DEBUG http://10.0.0.150:19000 "PUT /forwin-artifacts/artifacts/projects/acde0ad10d544995b09e97a6f153f969/chapters/1/llm_traces/writer/state_event_extraction/20260708T060511186304Z_1b6c5421ada04102aefc4957cf805fbc_01_redacted_request.json HTTP/1.1" 200 0
2026-07-08T06:05:11.215298220Z 2026-07-08 06:05:11,215 urllib3.connectionpool DEBUG http://10.0.0.150:19000 "PUT /forwin-artifacts/artifacts/projects/acde0ad10d544995b09e97a6f153f969/chapters/1/llm_traces/writer/state_event_extraction/20260708T060511200916Z_1b6c5421ada04102aefc4957cf805fbc_01_raw_response.json HTTP/1.1" 200 0
2026-07-08T06:05:11.266908030Z 2026-07-08 06:05:11,266 urllib3.connectionpool DEBUG http://10.0.0.150:19000 "PUT /forwin-artifacts/artifacts/projects/acde0ad10d544995b09e97a6f153f969/chapters/1/llm_traces/writer/state_event_extraction/20260708T060511215547Z_1b6c5421ada04102aefc4957cf805fbc_02_raw_prompt.json HTTP/1.1" 200 0
2026-07-08T06:05:11.281392677Z 2026-07-08 06:05:11,281 urllib3.connectionpool DEBUG http://10.0.0.150:19000 "PUT /forwin-artifacts/artifacts/projects/acde0ad10d544995b09e97a6f153f969/chapters/1/llm_traces/writer/state_event_extraction/20260708T060511267284Z_1b6c5421ada04102aefc4957cf805fbc_02_redacted_request.json HTTP/1.1" 200 0
2026-07-08T06:05:11.297377039Z 2026-07-08 06:05:11,297 urllib3.connectionpool DEBUG http://10.0.0.150:19000 "PUT /forwin-artifacts/artifacts/projects/acde0ad10d544995b09e97a6f153f969/chapters/1/llm_traces/writer/state_event_extraction/20260708T060511281320Z_1b6c5421ada04102aefc4957cf805fbc_02_error_response.json HTTP/1.1" 200 0
2026-07-08T06:05:11.314736823Z 2026-07-08 06:05:11,314 urllib3.connectionpool DEBUG http://10.0.0.150:19000 "PUT /forwin-artifacts/artifacts/projects/acde0ad10d544995b09e97a6f153f969/chapters/1/llm_traces/writer/thread_time_extraction/20260708T060511297879Z_6ca3ffd7ac944aaba9070302d9670ac2_01_raw_prompt.json HTTP/1.1" 200 0
2026-07-08T06:05:11.329184053Z 2026-07-08 06:05:11,328 urllib3.connectionpool DEBUG http://10.0.0.150:19000 "PUT /forwin-artifacts/artifacts/projects/acde0ad10d544995b09e97a6f153f969/chapters/1/llm_traces/writer/thread_time_extraction/20260708T060511315238Z_6ca3ffd7ac944aaba9070302d9670ac2_01_redacted_request.json HTTP/1.1" 200 0
2026-07-08T06:05:11.342233361Z 2026-07-08 06:05:11,341 urllib3.connectionpool DEBUG http://10.0.0.150:19000 "PUT /forwin-artifacts/artifacts/projects/acde0ad10d544995b09e97a6f153f969/chapters/1/llm_traces/writer/thread_time_extraction/20260708T060511329166Z_6ca3ffd7ac944aaba9070302d9670ac2_01_raw_response.json HTTP/1.1" 200 0
2026-07-08T06:05:11.364773126Z 2026-07-08 06:05:11,364 urllib3.connectionpool DEBUG http://10.0.0.150:19000 "PUT /forwin-artifacts/artifacts/projects/acde0ad10d544995b09e97a6f153f969/chapters/1/llm_traces/writer/thread_time_extraction/20260708T060511342818Z_6ca3ffd7ac944aaba9070302d9670ac2_02_raw_prompt.json HTTP/1.1" 200 0
2026-07-08T06:05:11.378576729Z 2026-07-08 06:05:11,378 urllib3.connectionpool DEBUG http://10.0.0.150:19000 "PUT /forwin-artifacts/artifacts/projects/acde0ad10d544995b09e97a6f153f969/chapters/1/llm_traces/writer/thread_time_extraction/20260708T060511365209Z_6ca3ffd7ac944aaba9070302d9670ac2_02_redacted_request.json HTTP/1.1" 200 0
2026-07-08T06:05:11.393662878Z 2026-07-08 06:05:11,393 urllib3.connectionpool DEBUG http://10.0.0.150:19000 "PUT /forwin-artifacts/artifacts/projects/acde0ad10d544995b09e97a6f153f969/chapters/1/llm_traces/writer/thread_time_extraction/20260708T060511378526Z_6ca3ffd7ac944aaba9070302d9670ac2_02_error_response.json HTTP/1.1" 200 0
2026-07-08T06:05:11.415382765Z 2026-07-08 06:05:11,415 urllib3.connectionpool DEBUG http://10.0.0.150:19000 "PUT /forwin-artifacts/artifacts/projects/acde0ad10d544995b09e97a6f153f969/chapters/1/llm_traces/writer/thread_time_extraction/20260708T060511394201Z_686e50eb5e124db79211fe34b34d430d_01_raw_prompt.json HTTP/1.1" 200 0
2026-07-08T06:05:11.432456799Z 2026-07-08 06:05:11,432 urllib3.connectionpool DEBUG http://10.0.0.150:19000 "PUT /forwin-artifacts/artifacts/projects/acde0ad10d544995b09e97a6f153f969/chapters/1/llm_traces/writer/thread_time_extraction/20260708T060511415810Z_686e50eb5e124db79211fe34b34d430d_01_redacted_request.json HTTP/1.1" 200 0
2026-07-08T06:05:11.448182659Z 2026-07-08 06:05:11,447 urllib3.connectionpool DEBUG http://10.0.0.150:19000 "PUT /forwin-artifacts/artifacts/projects/acde0ad10d544995b09e97a6f153f969/chapters/1/llm_traces/writer/thread_time_extraction/20260708T060511432395Z_686e50eb5e124db79211fe34b34d430d_01_raw_response.json HTTP/1.1" 200 0
2026-07-08T06:05:11.464213063Z 2026-07-08 06:05:11,463 urllib3.connectionpool DEBUG http://10.0.0.150:19000 "PUT /forwin-artifacts/artifacts/projects/acde0ad10d544995b09e97a6f153f969/chapters/1/llm_traces/writer/thread_time_extraction/20260708T060511448760Z_686e50eb5e124db79211fe34b34d430d_02_raw_prompt.json HTTP/1.1" 200 0
2026-07-08T06:05:11.477665997Z 2026-07-08 06:05:11,477 urllib3.connectionpool DEBUG http://10.0.0.150:19000 "PUT /forwin-artifacts/artifacts/projects/acde0ad10d544995b09e97a6f153f969/chapters/1/llm_traces/writer/thread_time_extraction/20260708T060511464678Z_686e50eb5e124db79211fe34b34d430d_02_redacted_request.json HTTP/1.1" 200 0
2026-07-08T06:05:11.495743702Z 2026-07-08 06:05:11,495 urllib3.connectionpool DEBUG http://10.0.0.150:19000 "PUT /forwin-artifacts/artifacts/projects/acde0ad10d544995b09e97a6f153f969/chapters/1/llm_traces/writer/thread_time_extraction/20260708T060511477619Z_686e50eb5e124db79211fe34b34d430d_02_error_response.json HTTP/1.1" 200 0
2026-07-08T06:05:11.517472589Z 2026-07-08 06:05:11,517 urllib3.connectionpool DEBUG http://10.0.0.150:19000 "PUT /forwin-artifacts/artifacts/projects/acde0ad10d544995b09e97a6f153f969/chapters/1/llm_traces/writer/thread_time_extraction/20260708T060511496209Z_48e20fc8fd3444f18a6a1a98f22e06e4_01_raw_prompt.json HTTP/1.1" 200 0
2026-07-08T06:05:11.548721559Z 2026-07-08 06:05:11,548 urllib3.connectionpool DEBUG http://10.0.0.150:19000 "PUT /forwin-artifacts/artifacts/projects/acde0ad10d544995b09e97a6f153f969/chapters/1/llm_traces/writer/thread_time_extraction/20260708T060511517744Z_48e20fc8fd3444f18a6a1a98f22e06e4_01_redacted_request.json HTTP/1.1" 200 0
2026-07-08T06:05:11.558833770Z 2026-07-08 06:05:11,558 urllib3.connectionpool DEBUG http://10.0.0.150:19000 "PUT /forwin-artifacts/artifacts/projects/acde0ad10d544995b09e97a6f153f969/chapters/1/llm_traces/writer/thread_time_extraction/20260708T060511548657Z_48e20fc8fd3444f18a6a1a98f22e06e4_01_raw_response.json HTTP/1.1" 200 0
2026-07-08T06:05:11.571071616Z 2026-07-08 06:05:11,570 urllib3.connectionpool DEBUG http://10.0.0.150:19000 "PUT /forwin-artifacts/artifacts/projects/acde0ad10d544995b09e97a6f153f969/chapters/1/llm_traces/writer/thread_time_extraction/20260708T060511559342Z_48e20fc8fd3444f18a6a1a98f22e06e4_02_raw_prompt.json HTTP/1.1" 200 0
2026-07-08T06:05:11.584515258Z 2026-07-08 06:05:11,584 urllib3.connectionpool DEBUG http://10.0.0.150:19000 "PUT /forwin-artifacts/artifacts/projects/acde0ad10d544995b09e97a6f153f969/chapters/1/llm_traces/writer/thread_time_extraction/20260708T060511571316Z_48e20fc8fd3444f18a6a1a98f22e06e4_02_redacted_request.json HTTP/1.1" 200 0
2026-07-08T06:05:11.596520394Z 2026-07-08 06:05:11,596 urllib3.connectionpool DEBUG http://10.0.0.150:19000 "PUT /forwin-artifacts/artifacts/projects/acde0ad10d544995b09e97a6f153f969/chapters/1/llm_traces/writer/thread_time_extraction/20260708T060511584484Z_48e20fc8fd3444f18a6a1a98f22e06e4_02_error_response.json HTTP/1.1" 200 0
2026-07-08T06:05:11.610684248Z 2026-07-08 06:05:11,610 urllib3.connectionpool DEBUG http://10.0.0.150:19000 "PUT /forwin-artifacts/artifacts/projects/acde0ad10d544995b09e97a6f153f969/chapters/1/llm_traces/writer/thread_time_extraction/20260708T060511596723Z_5e34a72f7edc40ceb883a7be95bd37c4_01_raw_prompt.json HTTP/1.1" 200 0
2026-07-08T06:05:11.619849663Z 2026-07-08 06:05:11,619 urllib3.connectionpool DEBUG http://10.0.0.150:19000 "PUT /forwin-artifacts/artifacts/projects/acde0ad10d544995b09e97a6f153f969/chapters/1/llm_traces/writer/thread_time_extraction/20260708T060511610882Z_5e34a72f7edc40ceb883a7be95bd37c4_01_redacted_request.json HTTP/1.1" 200 0
2026-07-08T06:05:11.634859688Z 2026-07-08 06:05:11,634 urllib3.connectionpool DEBUG http://10.0.0.150:19000 "PUT /forwin-artifacts/artifacts/projects/acde0ad10d544995b09e97a6f153f969/chapters/1/llm_traces/writer/thread_time_extraction/20260708T060511619840Z_5e34a72f7edc40ceb883a7be95bd37c4_01_raw_response.json HTTP/1.1" 200 0
2026-07-08T06:05:11.648378997Z 2026-07-08 06:05:11,647 urllib3.connectionpool DEBUG http://10.0.0.150:19000 "PUT /forwin-artifacts/artifacts/projects/acde0ad10d544995b09e97a6f153f969/chapters/1/llm_traces/writer/thread_time_extraction/20260708T060511635341Z_5e34a72f7edc40ceb883a7be95bd37c4_02_raw_prompt.json HTTP/1.1" 200 0
2026-07-08T06:05:11.665207529Z 2026-07-08 06:05:11,664 urllib3.connectionpool DEBUG http://10.0.0.150:19000 "PUT /forwin-artifacts/artifacts/projects/acde0ad10d544995b09e97a6f153f969/chapters/1/llm_traces/writer/thread_time_extraction/20260708T060511648485Z_5e34a72f7edc40ceb883a7be95bd37c4_02_redacted_request.json HTTP/1.1" 200 0
2026-07-08T06:05:11.677881460Z 2026-07-08 06:05:11,677 urllib3.connectionpool DEBUG http://10.0.0.150:19000 "PUT /forwin-artifacts/artifacts/projects/acde0ad10d544995b09e97a6f153f969/chapters/1/llm_traces/writer/thread_time_extraction/20260708T060511665180Z_5e34a72f7edc40ceb883a7be95bd37c4_02_error_response.json HTTP/1.1" 200 0
2026-07-08T06:05:11.712621737Z 2026-07-08 06:05:11,712 urllib3.connectionpool DEBUG http://10.0.0.150:19000 "PUT /forwin-artifacts/artifacts/projects/acde0ad10d544995b09e97a6f153f969/chapters/1/llm_traces/writer/thread_time_extraction/20260708T060511678174Z_ec08a9a588174587b19283018df52a62_01_raw_prompt.json HTTP/1.1" 200 0
2026-07-08T06:05:11.725876837Z 2026-07-08 06:05:11,725 urllib3.connectionpool DEBUG http://10.0.0.150:19000 "PUT /forwin-artifacts/artifacts/projects/acde0ad10d544995b09e97a6f153f969/chapters/1/llm_traces/writer/thread_time_extraction/20260708T060511713038Z_ec08a9a588174587b19283018df52a62_01_redacted_request.json HTTP/1.1" 200 0
2026-07-08T06:05:11.743477581Z 2026-07-08 06:05:11,743 urllib3.connectionpool DEBUG http://10.0.0.150:19000 "PUT /forwin-artifacts/artifacts/projects/acde0ad10d544995b09e97a6f153f969/chapters/1/llm_traces/writer/thread_time_extraction/20260708T060511725839Z_ec08a9a588174587b19283018df52a62_01_raw_response.json HTTP/1.1" 200 0
2026-07-08T06:05:11.756345888Z 2026-07-08 06:05:11,756 urllib3.connectionpool DEBUG http://10.0.0.150:19000 "PUT /forwin-artifacts/artifacts/projects/acde0ad10d544995b09e97a6f153f969/chapters/1/llm_traces/writer/thread_time_extraction/20260708T060511743789Z_ec08a9a588174587b19283018df52a62_02_raw_prompt.json HTTP/1.1" 200 0
2026-07-08T06:05:11.778927362Z 2026-07-08 06:05:11,778 urllib3.connectionpool DEBUG http://10.0.0.150:19000 "PUT /forwin-artifacts/artifacts/projects/acde0ad10d544995b09e97a6f153f969/chapters/1/llm_traces/writer/thread_time_extraction/20260708T060511756485Z_ec08a9a588174587b19283018df52a62_02_redacted_request.json HTTP/1.1" 200 0
2026-07-08T06:05:11.791869294Z 2026-07-08 06:05:11,791 urllib3.connectionpool DEBUG http://10.0.0.150:19000 "PUT /forwin-artifacts/artifacts/projects/acde0ad10d544995b09e97a6f153f969/chapters/1/llm_traces/writer/thread_time_extraction/20260708T060511778871Z_ec08a9a588174587b19283018df52a62_02_error_response.json HTTP/1.1" 200 0
2026-07-08T06:05:11.818039742Z 2026-07-08 06:05:11,817 urllib3.connectionpool DEBUG http://10.0.0.150:19000 "PUT /forwin-artifacts/artifacts/projects/acde0ad10d544995b09e97a6f153f969/chapters/1/llm_traces/writer/lore_timeline_notes_extraction/20260708T060511792482Z_88f578d3d1e4454b9f37c221401e89be_01_raw_prompt.json HTTP/1.1" 200 0
2026-07-08T06:05:11.832135596Z 2026-07-08 06:05:11,831 urllib3.connectionpool DEBUG http://10.0.0.150:19000 "PUT /forwin-artifacts/artifacts/projects/acde0ad10d544995b09e97a6f153f969/chapters/1/llm_traces/writer/lore_timeline_notes_extraction/20260708T060511818559Z_88f578d3d1e4454b9f37c221401e89be_01_redacted_request.json HTTP/1.1" 200 0
2026-07-08T06:05:11.846496575Z 2026-07-08 06:05:11,846 urllib3.connectionpool DEBUG http://10.0.0.150:19000 "PUT /forwin-artifacts/artifacts/projects/acde0ad10d544995b09e97a6f153f969/chapters/1/llm_traces/writer/lore_timeline_notes_extraction/20260708T060511832109Z_88f578d3d1e4454b9f37c221401e89be_01_raw_response.json HTTP/1.1" 200 0
2026-07-08T06:05:11.861323390Z 2026-07-08 06:05:11,861 urllib3.connectionpool DEBUG http://10.0.0.150:19000 "PUT /forwin-artifacts/artifacts/projects/acde0ad10d544995b09e97a6f153f969/chapters/1/llm_traces/writer/lore_timeline_notes_extraction/20260708T060511847118Z_88f578d3d1e4454b9f37c221401e89be_02_raw_prompt.json HTTP/1.1" 200 0
2026-07-08T06:05:11.873321401Z 2026-07-08 06:05:11,873 urllib3.connectionpool DEBUG http://10.0.0.150:19000 "PUT /forwin-artifacts/artifacts/projects/acde0ad10d544995b09e97a6f153f969/chapters/1/llm_traces/writer/lore_timeline_notes_extraction/20260708T060511861685Z_88f578d3d1e4454b9f37c221401e89be_02_redacted_request.json HTTP/1.1" 200 0
2026-07-08T06:05:11.886473334Z 2026-07-08 06:05:11,886 urllib3.connectionpool DEBUG http://10.0.0.150:19000 "PUT /forwin-artifacts/artifacts/projects/acde0ad10d544995b09e97a6f153f969/chapters/1/llm_traces/writer/lore_timeline_notes_extraction/20260708T060511873270Z_88f578d3d1e4454b9f37c221401e89be_02_error_response.json HTTP/1.1" 200 0
2026-07-08T06:05:11.901178315Z 2026-07-08 06:05:11,900 urllib3.connectionpool DEBUG http://10.0.0.150:19000 "PUT /forwin-artifacts/artifacts/projects/acde0ad10d544995b09e97a6f153f969/chapters/1/llm_traces/writer/lore_timeline_notes_extraction/20260708T060511886956Z_0d057ddd75bd4b93a95b90667a3c8273_01_raw_prompt.json HTTP/1.1" 200 0
2026-07-08T06:05:11.918713309Z 2026-07-08 06:05:11,918 urllib3.connectionpool DEBUG http://10.0.0.150:19000 "PUT /forwin-artifacts/artifacts/projects/acde0ad10d544995b09e97a6f153f969/chapters/1/llm_traces/writer/lore_timeline_notes_extraction/20260708T060511901785Z_0d057ddd75bd4b93a95b90667a3c8273_01_redacted_request.json HTTP/1.1" 200 0
2026-07-08T06:05:11.934424545Z 2026-07-08 06:05:11,933 urllib3.connectionpool DEBUG http://10.0.0.150:19000 "PUT /forwin-artifacts/artifacts/projects/acde0ad10d544995b09e97a6f153f969/chapters/1/llm_traces/writer/lore_timeline_notes_extraction/20260708T060511918613Z_0d057ddd75bd4b93a95b90667a3c8273_01_raw_response.json HTTP/1.1" 200 0
2026-07-08T06:05:11.947988229Z 2026-07-08 06:05:11,947 urllib3.connectionpool DEBUG http://10.0.0.150:19000 "PUT /forwin-artifacts/artifacts/projects/acde0ad10d544995b09e97a6f153f969/chapters/1/llm_traces/writer/lore_timeline_notes_extraction/20260708T060511934861Z_0d057ddd75bd4b93a95b90667a3c8273_02_raw_prompt.json HTTP/1.1" 200 0
2026-07-08T06:05:11.962456835Z 2026-07-08 06:05:11,962 urllib3.connectionpool DEBUG http://10.0.0.150:19000 "PUT /forwin-artifacts/artifacts/projects/acde0ad10d544995b09e97a6f153f969/chapters/1/llm_traces/writer/lore_timeline_notes_extraction/20260708T060511948269Z_0d057ddd75bd4b93a95b90667a3c8273_02_redacted_request.json HTTP/1.1" 200 0
2026-07-08T06:05:11.975778810Z 2026-07-08 06:05:11,975 urllib3.connectionpool DEBUG http://10.0.0.150:19000 "PUT /forwin-artifacts/artifacts/projects/acde0ad10d544995b09e97a6f153f969/chapters/1/llm_traces/writer/lore_timeline_notes_extraction/20260708T060511962382Z_0d057ddd75bd4b93a95b90667a3c8273_02_error_response.json HTTP/1.1" 200 0
2026-07-08T06:05:11.990373041Z 2026-07-08 06:05:11,990 urllib3.connectionpool DEBUG http://10.0.0.150:19000 "PUT /forwin-artifacts/artifacts/projects/acde0ad10d544995b09e97a6f153f969/chapters/1/llm_traces/writer/lore_timeline_notes_extraction/20260708T060511976268Z_38d9b2c1abbe46699de3498363413849_01_raw_prompt.json HTTP/1.1" 200 0
2026-07-08T06:05:12.006037484Z 2026-07-08 06:05:12,005 urllib3.connectionpool DEBUG http://10.0.0.150:19000 "PUT /forwin-artifacts/artifacts/projects/acde0ad10d544995b09e97a6f153f969/chapters/1/llm_traces/writer/lore_timeline_notes_extraction/20260708T060511990615Z_38d9b2c1abbe46699de3498363413849_01_redacted_request.json HTTP/1.1" 200 0
2026-07-08T06:05:12.020552006Z 2026-07-08 06:05:12,020 urllib3.connectionpool DEBUG http://10.0.0.150:19000 "PUT /forwin-artifacts/artifacts/projects/acde0ad10d544995b09e97a6f153f969/chapters/1/llm_traces/writer/lore_timeline_notes_extraction/20260708T060512006022Z_38d9b2c1abbe46699de3498363413849_01_raw_response.json HTTP/1.1" 200 0
2026-07-08T06:05:12.035800948Z 2026-07-08 06:05:12,035 urllib3.connectionpool DEBUG http://10.0.0.150:19000 "PUT /forwin-artifacts/artifacts/projects/acde0ad10d544995b09e97a6f153f969/chapters/1/llm_traces/writer/lore_timeline_notes_extraction/20260708T060512020955Z_38d9b2c1abbe46699de3498363413849_02_raw_prompt.json HTTP/1.1" 200 0
2026-07-08T06:05:12.054188029Z 2026-07-08 06:05:12,053 urllib3.connectionpool DEBUG http://10.0.0.150:19000 "PUT /forwin-artifacts/artifacts/projects/acde0ad10d544995b09e97a6f153f969/chapters/1/llm_traces/writer/lore_timeline_notes_extraction/20260708T060512035961Z_38d9b2c1abbe46699de3498363413849_02_redacted_request.json HTTP/1.1" 200 0
2026-07-08T06:05:12.066811668Z 2026-07-08 06:05:12,066 urllib3.connectionpool DEBUG http://10.0.0.150:19000 "PUT /forwin-artifacts/artifacts/projects/acde0ad10d544995b09e97a6f153f969/chapters/1/llm_traces/writer/lore_timeline_notes_extraction/20260708T060512054161Z_38d9b2c1abbe46699de3498363413849_02_error_response.json HTTP/1.1" 200 0
2026-07-08T06:05:12.079689641Z 2026-07-08 06:05:12,079 urllib3.connectionpool DEBUG http://10.0.0.150:19000 "PUT /forwin-artifacts/artifacts/projects/acde0ad10d544995b09e97a6f153f969/chapters/1/llm_traces/writer/lore_timeline_notes_extraction/20260708T060512067268Z_821d5eda443243beaef1fadb0dddab28_01_raw_prompt.json HTTP/1.1" 200 0
2026-07-08T06:05:12.092664240Z 2026-07-08 06:05:12,092 urllib3.connectionpool DEBUG http://10.0.0.150:19000 "PUT /forwin-artifacts/artifacts/projects/acde0ad10d544995b09e97a6f153f969/chapters/1/llm_traces/writer/lore_timeline_notes_extraction/20260708T060512080055Z_821d5eda443243beaef1fadb0dddab28_01_redacted_request.json HTTP/1.1" 200 0
2026-07-08T06:05:12.105101169Z 2026-07-08 06:05:12,104 urllib3.connectionpool DEBUG http://10.0.0.150:19000 "PUT /forwin-artifacts/artifacts/projects/acde0ad10d544995b09e97a6f153f969/chapters/1/llm_traces/writer/lore_timeline_notes_extraction/20260708T060512092607Z_821d5eda443243beaef1fadb0dddab28_01_raw_response.json HTTP/1.1" 200 0
2026-07-08T06:05:12.120180694Z 2026-07-08 06:05:12,119 urllib3.connectionpool DEBUG http://10.0.0.150:19000 "PUT /forwin-artifacts/artifacts/projects/acde0ad10d544995b09e97a6f153f969/chapters/1/llm_traces/writer/lore_timeline_notes_extraction/20260708T060512105544Z_821d5eda443243beaef1fadb0dddab28_02_raw_prompt.json HTTP/1.1" 200 0
2026-07-08T06:05:12.134879967Z 2026-07-08 06:05:12,134 urllib3.connectionpool DEBUG http://10.0.0.150:19000 "PUT /forwin-artifacts/artifacts/projects/acde0ad10d544995b09e97a6f153f969/chapters/1/llm_traces/writer/lore_timeline_notes_extraction/20260708T060512120485Z_821d5eda443243beaef1fadb0dddab28_02_redacted_request.json HTTP/1.1" 200 0
2026-07-08T06:05:12.149042612Z 2026-07-08 06:05:12,148 urllib3.connectionpool DEBUG http://10.0.0.150:19000 "PUT /forwin-artifacts/artifacts/projects/acde0ad10d544995b09e97a6f153f969/chapters/1/llm_traces/writer/lore_timeline_notes_extraction/20260708T060512134808Z_821d5eda443243beaef1fadb0dddab28_02_error_response.json HTTP/1.1" 200 0
2026-07-08T06:05:12.162040795Z 2026-07-08 06:05:12,161 urllib3.connectionpool DEBUG http://10.0.0.150:19000 "PUT /forwin-artifacts/artifacts/projects/acde0ad10d544995b09e97a6f153f969/chapters/1/llm_traces/writer/lore_timeline_notes_extraction/20260708T060512149516Z_a285942930f544a198e3527476045f17_01_raw_prompt.json HTTP/1.1" 200 0
2026-07-08T06:05:12.175735271Z 2026-07-08 06:05:12,175 urllib3.connectionpool DEBUG http://10.0.0.150:19000 "PUT /forwin-artifacts/artifacts/projects/acde0ad10d544995b09e97a6f153f969/chapters/1/llm_traces/writer/lore_timeline_notes_extraction/20260708T060512162419Z_a285942930f544a198e3527476045f17_01_redacted_request.json HTTP/1.1" 200 0
2026-07-08T06:05:12.194016935Z 2026-07-08 06:05:12,193 urllib3.connectionpool DEBUG http://10.0.0.150:19000 "PUT /forwin-artifacts/artifacts/projects/acde0ad10d544995b09e97a6f153f969/chapters/1/llm_traces/writer/lore_timeline_notes_extraction/20260708T060512175581Z_a285942930f544a198e3527476045f17_01_raw_response.json HTTP/1.1" 200 0
2026-07-08T06:05:12.207326993Z 2026-07-08 06:05:12,207 urllib3.connectionpool DEBUG http://10.0.0.150:19000 "PUT /forwin-artifacts/artifacts/projects/acde0ad10d544995b09e97a6f153f969/chapters/1/llm_traces/writer/lore_timeline_notes_extraction/20260708T060512194477Z_a285942930f544a198e3527476045f17_02_raw_prompt.json HTTP/1.1" 200 0
2026-07-08T06:05:12.226835662Z 2026-07-08 06:05:12,226 urllib3.connectionpool DEBUG http://10.0.0.150:19000 "PUT /forwin-artifacts/artifacts/projects/acde0ad10d544995b09e97a6f153f969/chapters/1/llm_traces/writer/lore_timeline_notes_extraction/20260708T060512207598Z_a285942930f544a198e3527476045f17_02_redacted_request.json HTTP/1.1" 200 0
2026-07-08T06:05:12.241087142Z 2026-07-08 06:05:12,240 urllib3.connectionpool DEBUG http://10.0.0.150:19000 "PUT /forwin-artifacts/artifacts/projects/acde0ad10d544995b09e97a6f153f969/chapters/1/llm_traces/writer/lore_timeline_notes_extraction/20260708T060512226760Z_a285942930f544a198e3527476045f17_02_error_response.json HTTP/1.1" 200 0
2026-07-08T06:05:15.551069309Z 2026-07-08 06:05:15,550 httpcore.connection DEBUG connect_tcp.started host='10.0.0.150' port=8895 local_address=None timeout=10.0 socket_options=None
2026-07-08T06:05:15.558295632Z 2026-07-08 06:05:15,558 httpcore.connection DEBUG connect_tcp.failed exception=ConnectError(ConnectionRefusedError(111, 'Connection refused'))
2026-07-08T06:05:15.558667926Z 2026-07-08 06:05:15,558 forwin.writer.llm.adapter DEBUG LLMClient.chat attempt=1/2 model=kimi-k2.5 messages=4 max_tokens=3000
2026-07-08T06:05:15.559773097Z 2026-07-08 06:05:15,559 httpcore.connection DEBUG close.started
2026-07-08T06:05:15.560175682Z 2026-07-08 06:05:15,559 httpcore.connection DEBUG close.complete
2026-07-08T06:05:15.560331599Z 2026-07-08 06:05:15,560 httpcore.connection DEBUG connect_tcp.started host='api.moonshot.cn' port=443 local_address=None timeout=10.0 socket_options=None
2026-07-08T06:05:15.912727648Z 2026-07-08 06:05:15,912 httpcore.connection DEBUG connect_tcp.complete return_value=<httpcore._backends.sync.SyncStream object at 0xeb97191eefd0>
2026-07-08T06:05:15.912784857Z 2026-07-08 06:05:15,912 httpcore.connection DEBUG start_tls.started ssl_context=<ssl.SSLContext object at 0xeb9719ba0370> server_hostname='api.moonshot.cn' timeout=10.0
2026-07-08T06:05:16.263636065Z 2026-07-08 06:05:16,263 httpcore.connection DEBUG start_tls.complete return_value=<httpcore._backends.sync.SyncStream object at 0xeb97190b08c0>
2026-07-08T06:05:16.263697441Z 2026-07-08 06:05:16,263 httpcore.http11 DEBUG send_request_headers.started request=<Request [b'POST']>
2026-07-08T06:05:16.264354735Z 2026-07-08 06:05:16,264 httpcore.http11 DEBUG send_request_headers.complete
2026-07-08T06:05:16.264374069Z 2026-07-08 06:05:16,264 httpcore.http11 DEBUG send_request_body.started request=<Request [b'POST']>
2026-07-08T06:05:16.264870529Z 2026-07-08 06:05:16,264 httpcore.http11 DEBUG send_request_body.complete
2026-07-08T06:05:16.264882613Z 2026-07-08 06:05:16,264 httpcore.http11 DEBUG receive_response_headers.started request=<Request [b'POST']>
2026-07-08T06:05:17.830374744Z 2026-07-08 06:05:17,830 httpcore.http11 DEBUG receive_response_headers.complete return_value=(b'HTTP/1.1', 429, b'Too Many Requests', [(b'Date', b'Wed, 08 Jul 2026 06:05:17 GMT'), (b'Content-Type', b'application/json; charset=utf-8'), (b'Content-Length', b'257'), (b'Connection', b'keep-alive'), (b'Msh-Gid', b'enterprise-tier-2'), (b'Msh-Org-Id', b'org-4783af77d82146eb9cdb963ca303699f'), (b'Msh-Project-Id', b'proj-b38ca7c5b03d4098a2e2d407f387adc1'), (b'Msh-Request-Id', b'fe69acde-7a92-11f1-a3d3-725e822ba761'), (b'Msh-Trace-Mode', b'on'), (b'Msh-Uid', b'd79a43tqip65nogbrrkg'), (b'Vary', b'Origin'), (b'Strict-Transport-Security', b'max-age=31536000; includeSubDomains')])
2026-07-08T06:05:17.830484494Z 2026-07-08 06:05:17,830 httpx INFO HTTP Request: POST https://api.moonshot.cn/v1/chat/completions "HTTP/1.1 429 Too Many Requests"
2026-07-08T06:05:17.830502370Z 2026-07-08 06:05:17,830 httpcore.http11 DEBUG receive_response_body.started request=<Request [b'POST']>
2026-07-08T06:05:17.830556036Z 2026-07-08 06:05:17,830 httpcore.http11 DEBUG receive_response_body.complete
2026-07-08T06:05:17.830642745Z 2026-07-08 06:05:17,830 httpcore.http11 DEBUG response_closed.started
2026-07-08T06:05:17.830646787Z 2026-07-08 06:05:17,830 httpcore.http11 DEBUG response_closed.complete
2026-07-08T06:05:17.831283915Z 2026-07-08 06:05:17,831 forwin.writer.llm.adapter WARNING Transient LLM HTTP status 429. Waiting 2.0 s before retry 2/2.
2026-07-08T06:05:19.833862053Z 2026-07-08 06:05:19,833 forwin.writer.llm.adapter DEBUG LLMClient.chat attempt=2/2 model=kimi-k2.5 messages=4 max_tokens=3000
2026-07-08T06:05:19.836353189Z 2026-07-08 06:05:19,836 httpcore.http11 DEBUG send_request_headers.started request=<Request [b'POST']>
2026-07-08T06:05:19.836900150Z 2026-07-08 06:05:19,836 httpcore.http11 DEBUG send_request_headers.complete
2026-07-08T06:05:19.836911650Z 2026-07-08 06:05:19,836 httpcore.http11 DEBUG send_request_body.started request=<Request [b'POST']>
2026-07-08T06:05:19.837501361Z 2026-07-08 06:05:19,837 httpcore.http11 DEBUG send_request_body.complete
2026-07-08T06:05:19.837585111Z 2026-07-08 06:05:19,837 httpcore.http11 DEBUG receive_response_headers.started request=<Request [b'POST']>
2026-07-08T06:05:23.542773578Z 2026-07-08 06:05:23,542 httpcore.http11 DEBUG receive_response_headers.complete return_value=(b'HTTP/1.1', 429, b'Too Many Requests', [(b'Date', b'Wed, 08 Jul 2026 06:05:23 GMT'), (b'Content-Type', b'application/json; charset=utf-8'), (b'Content-Length', b'257'), (b'Connection', b'keep-alive'), (b'Msh-Gid', b'enterprise-tier-2'), (b'Msh-Org-Id', b'org-4783af77d82146eb9cdb963ca303699f'), (b'Msh-Project-Id', b'proj-b38ca7c5b03d4098a2e2d407f387adc1'), (b'Msh-Request-Id', b'01d17096-7a93-11f1-b2f3-be5e4c7a8244'), (b'Msh-Trace-Mode', b'on'), (b'Msh-Uid', b'd79a43tqip65nogbrrkg'), (b'Vary', b'Origin'), (b'Strict-Transport-Security', b'max-age=31536000; includeSubDomains')])
2026-07-08T06:05:23.543264288Z 2026-07-08 06:05:23,543 httpx INFO HTTP Request: POST https://api.moonshot.cn/v1/chat/completions "HTTP/1.1 429 Too Many Requests"
2026-07-08T06:05:23.543332205Z 2026-07-08 06:05:23,543 httpcore.http11 DEBUG receive_response_body.started request=<Request [b'POST']>
2026-07-08T06:05:23.543471747Z 2026-07-08 06:05:23,543 httpcore.http11 DEBUG receive_response_body.complete
2026-07-08T06:05:23.543519831Z 2026-07-08 06:05:23,543 httpcore.http11 DEBUG response_closed.started
2026-07-08T06:05:23.543594040Z 2026-07-08 06:05:23,543 httpcore.http11 DEBUG response_closed.complete
2026-07-08T06:05:23.545086004Z 2026-07-08 06:05:23,544 forwin.writer.llm.adapter WARNING LLM profile fallback: kimi-k2.5 (https://api.moonshot.cn/v1) -> MiniMax-M2.7 (https://api.minimaxi.com/v1) after retries failed: Client error '429 Too Many Requests' for url 'https://api.moonshot.cn/v1/chat/completions'
2026-07-08T06:05:23.545104671Z For more information check: https://developer.mozilla.org/en-US/docs/Web/HTTP/Status/429
2026-07-08T06:05:23.545182213Z 2026-07-08 06:05:23,545 forwin.writer.llm.adapter DEBUG LLMClient.chat attempt=1/2 model=MiniMax-M2.7 messages=4 max_tokens=2048
2026-07-08T06:05:23.546300926Z 2026-07-08 06:05:23,546 httpcore.connection DEBUG connect_tcp.started host='api.minimaxi.com' port=443 local_address=None timeout=10.0 socket_options=None
2026-07-08T06:05:23.971326797Z 2026-07-08 06:05:23,970 httpcore.connection DEBUG connect_tcp.complete return_value=<httpcore._backends.sync.SyncStream object at 0xeb97190b1680>
2026-07-08T06:05:23.971400547Z 2026-07-08 06:05:23,971 httpcore.connection DEBUG start_tls.started ssl_context=<ssl.SSLContext object at 0xeb9719ba0370> server_hostname='api.minimaxi.com' timeout=10.0
2026-07-08T06:05:24.409142099Z 2026-07-08 06:05:24,408 httpcore.connection DEBUG start_tls.complete return_value=<httpcore._backends.sync.SyncStream object at 0xeb97190b0d70>
2026-07-08T06:05:24.409254682Z 2026-07-08 06:05:24,409 httpcore.http11 DEBUG send_request_headers.started request=<Request [b'POST']>
2026-07-08T06:05:24.409882227Z 2026-07-08 06:05:24,409 httpcore.http11 DEBUG send_request_headers.complete
2026-07-08T06:05:24.409902935Z 2026-07-08 06:05:24,409 httpcore.http11 DEBUG send_request_body.started request=<Request [b'POST']>
2026-07-08T06:05:24.410658939Z 2026-07-08 06:05:24,410 httpcore.http11 DEBUG send_request_body.complete
2026-07-08T06:05:24.410689439Z 2026-07-08 06:05:24,410 httpcore.http11 DEBUG receive_response_headers.started request=<Request [b'POST']>
2026-07-08T06:05:25.880398991Z 2026-07-08 06:05:25,879 httpcore.http11 DEBUG receive_response_headers.complete return_value=(b'HTTP/1.1', 429, b'Too Many Requests', [(b'Date', b'Wed, 08 Jul 2026 06:05:25 GMT'), (b'Content-Type', b'application/json; charset=utf-8'), (b'Content-Length', b'232'), (b'Connection', b'keep-alive'), (b'Trace-Id', b'069d1ba50c67d531f4a7ad6ee9e6064f'), (b'X-Session-Id', b'266cf9a3d90a993fe47e837dbdd7c27c'), (b'X-Mm-Request-Id', b'2024653756481675725_17834907253tef3l'), (b'Minimax-Request-Id', b'1acf399127acc13d5cd93a36ad789e0e'), (b'alb_receive_time', b'1783490724.543'), (b'alb_request_id', b'9959bf926762a4692347cfe24f4f0c59c9d01f5d')])
2026-07-08T06:05:25.880833910Z 2026-07-08 06:05:25,880 httpx INFO HTTP Request: POST https://api.minimaxi.com/v1/chat/completions "HTTP/1.1 429 Too Many Requests"
2026-07-08T06:05:25.881003285Z 2026-07-08 06:05:25,880 httpcore.http11 DEBUG receive_response_body.started request=<Request [b'POST']>
2026-07-08T06:05:25.881191745Z 2026-07-08 06:05:25,880 httpcore.http11 DEBUG receive_response_body.complete
2026-07-08T06:05:25.881267120Z 2026-07-08 06:05:25,881 httpcore.http11 DEBUG response_closed.started
2026-07-08T06:05:25.881393454Z 2026-07-08 06:05:25,881 httpcore.http11 DEBUG response_closed.complete
2026-07-08T06:05:25.883243837Z 2026-07-08 06:05:25,883 forwin.writer.llm.adapter WARNING Transient LLM HTTP status 429. Waiting 2.0 s before retry 2/2.
2026-07-08T06:05:27.885082317Z 2026-07-08 06:05:27,884 forwin.writer.llm.adapter DEBUG LLMClient.chat attempt=2/2 model=MiniMax-M2.7 messages=4 max_tokens=2048
2026-07-08T06:05:27.887382869Z 2026-07-08 06:05:27,887 httpcore.http11 DEBUG send_request_headers.started request=<Request [b'POST']>
2026-07-08T06:05:27.887958705Z 2026-07-08 06:05:27,887 httpcore.http11 DEBUG send_request_headers.complete
2026-07-08T06:05:27.888002622Z 2026-07-08 06:05:27,887 httpcore.http11 DEBUG send_request_body.started request=<Request [b'POST']>
2026-07-08T06:05:27.888355957Z 2026-07-08 06:05:27,888 httpcore.http11 DEBUG send_request_body.complete
2026-07-08T06:05:27.888370790Z 2026-07-08 06:05:27,888 httpcore.http11 DEBUG receive_response_headers.started request=<Request [b'POST']>
2026-07-08T06:05:28.818517262Z 2026-07-08 06:05:28,817 httpcore.http11 DEBUG receive_response_headers.complete return_value=(b'HTTP/1.1', 429, b'Too Many Requests', [(b'Date', b'Wed, 08 Jul 2026 06:05:28 GMT'), (b'Content-Type', b'application/json; charset=utf-8'), (b'Content-Length', b'232'), (b'Connection', b'keep-alive'), (b'Trace-Id', b'069d1ba8bf8763c621573043933110ac'), (b'X-Session-Id', b'266cf9a3d90a993fe47e837dbdd7c27c'), (b'X-Mm-Request-Id', b'2024653756481675725_1783490728xjq57m'), (b'Minimax-Request-Id', b'5d9bb17d87b4512e97e882d26ab42fb7'), (b'alb_receive_time', b'1783490728.019'), (b'alb_request_id', b'a55ba6abea2dae9bea75dad289a758d69e58ae78')])
2026-07-08T06:05:28.819019222Z 2026-07-08 06:05:28,818 httpx INFO HTTP Request: POST https://api.minimaxi.com/v1/chat/completions "HTTP/1.1 429 Too Many Requests"
2026-07-08T06:05:28.819141473Z 2026-07-08 06:05:28,818 httpcore.http11 DEBUG receive_response_body.started request=<Request [b'POST']>
2026-07-08T06:05:28.819313182Z 2026-07-08 06:05:28,819 httpcore.http11 DEBUG receive_response_body.complete
2026-07-08T06:05:28.819334640Z 2026-07-08 06:05:28,819 httpcore.http11 DEBUG response_closed.started
2026-07-08T06:05:28.819593100Z 2026-07-08 06:05:28,819 httpcore.http11 DEBUG response_closed.complete
2026-07-08T06:05:28.819674892Z 2026-07-08 06:05:28,819 httpcore.connection DEBUG close.started
2026-07-08T06:05:28.820071643Z 2026-07-08 06:05:28,819 httpcore.connection DEBUG close.complete
2026-07-08T06:05:29.009242935Z 2026-07-08 06:05:29,008 urllib3.connectionpool DEBUG http://10.0.0.150:19000 "PUT /forwin-artifacts/artifacts/projects/acde0ad10d544995b09e97a6f153f969/chapters/1/drafts/v20260708T060528986928Z.txt HTTP/1.1" 200 0
2026-07-08T06:05:29.021104404Z 2026-07-08 06:05:29,020 urllib3.connectionpool DEBUG http://10.0.0.150:19000 "PUT /forwin-artifacts/artifacts/projects/acde0ad10d544995b09e97a6f153f969/chapters/1/scenes/scene_01_v20260708T060528986928Z.txt HTTP/1.1" 200 0
2026-07-08T06:05:29.034308254Z 2026-07-08 06:05:29,033 urllib3.connectionpool DEBUG http://10.0.0.150:19000 "PUT /forwin-artifacts/artifacts/projects/acde0ad10d544995b09e97a6f153f969/chapters/1/scenes/scene_02_v20260708T060528986928Z.txt HTTP/1.1" 200 0
2026-07-08T06:05:29.049655446Z 2026-07-08 06:05:29,049 urllib3.connectionpool DEBUG http://10.0.0.150:19000 "PUT /forwin-artifacts/artifacts/projects/acde0ad10d544995b09e97a6f153f969/chapters/1/scenes/scene_03_v20260708T060528986928Z.txt HTTP/1.1" 200 0
2026-07-08T06:05:29.196494551Z 2026-07-08 06:05:29,196 urllib3.connectionpool DEBUG http://10.0.0.150:19000 "PUT /forwin-artifacts/artifacts/projects/acde0ad10d544995b09e97a6f153f969/chapters/1/raw/writer_output_v20260708T060528986928Z.json HTTP/1.1" 200 0
2026-07-08T06:05:30.112424169Z 2026-07-08 06:05:30,111 forwin.observability.recorder INFO observability_event event_type=task_operation_succeeded project_id=acde0ad10d544995b09e97a6f153f969 task_id=a217a5bc8d4b chapter=0
2026-07-08T06:05:30.438171521Z 2026-07-08 06:05:30,437 forwin.observability.recorder INFO observability_event event_type=task_cleanup_started project_id=acde0ad10d544995b09e97a6f153f969 task_id=a217a5bc8d4b chapter=0
2026-07-08T06:05:30.451392454Z 2026-07-08 06:05:30,451 httpcore.connection DEBUG close.started
2026-07-08T06:05:30.451875581Z 2026-07-08 06:05:30,451 httpcore.connection DEBUG close.complete
2026-07-08T06:05:30.617908896Z 2026-07-08 06:05:30,617 forwin.observability.recorder INFO observability_event event_type=task_cleanup_finished project_id=acde0ad10d544995b09e97a6f153f969 task_id=a217a5bc8d4b chapter=0
2026-07-08T06:05:30.840642711Z 2026-07-08 06:05:30,840 forwin.observability.sinks INFO observability_event event_type=generation_worker_heartbeat_failed project_id=acde0ad10d544995b09e97a6f153f969 task_id=a217a5bc8d4b chapter=0
2026-07-08T06:05:30.840737169Z 2026-07-08 06:05:30,840 forwin.generation.worker_cli INFO Generation worker executed task a217a5bc8d4b project_id=acde0ad10d544995b09e97a6f153f969 resume_from_chapter=1
2026-07-08T06:05:30.887891460Z 2026-07-08 06:05:30,887 forwin.generation.worker_cli DEBUG No claimable generation task worker_id=forwin-generation-worker-swarm message=no_claimable_generation_task
2026-07-08T06:05:32.968039877Z 2026-07-08 06:05:32,967 forwin.generation.worker_cli DEBUG No claimable generation task worker_id=forwin-generation-worker-swarm message=no_claimable_generation_task
2026-07-08T06:05:35.040949972Z 2026-07-08 06:05:35,040 forwin.generation.worker_cli DEBUG No claimable generation task worker_id=forwin-generation-worker-swarm message=no_claimable_generation_task
2026-07-08T06:05:37.091931724Z 2026-07-08 06:05:37,091 forwin.generation.worker_cli DEBUG No claimable generation task worker_id=forwin-generation-worker-swarm message=no_claimable_generation_task
2026-07-08T06:05:39.128472207Z 2026-07-08 06:05:39,127 forwin.generation.worker_cli DEBUG No claimable generation task worker_id=forwin-generation-worker-swarm message=no_claimable_generation_task
2026-07-08T06:05:41.178893421Z 2026-07-08 06:05:41,178 forwin.generation.worker_cli DEBUG No claimable generation task worker_id=forwin-generation-worker-swarm message=no_claimable_generation_task
2026-07-08T06:05:43.219603970Z 2026-07-08 06:05:43,219 forwin.generation.worker_cli DEBUG No claimable generation task worker_id=forwin-generation-worker-swarm message=no_claimable_generation_task
2026-07-08T06:05:45.265023042Z 2026-07-08 06:05:45,264 forwin.generation.worker_cli DEBUG No claimable generation task worker_id=forwin-generation-worker-swarm message=no_claimable_generation_task
2026-07-08T06:05:47.326221771Z 2026-07-08 06:05:47,325 forwin.generation.worker_cli DEBUG No claimable generation task worker_id=forwin-generation-worker-swarm message=no_claimable_generation_task
2026-07-08T06:05:49.375382115Z 2026-07-08 06:05:49,375 forwin.generation.worker_cli DEBUG No claimable generation task worker_id=forwin-generation-worker-swarm message=no_claimable_generation_task
2026-07-08T06:05:51.416698179Z 2026-07-08 06:05:51,416 forwin.generation.worker_cli DEBUG No claimable generation task worker_id=forwin-generation-worker-swarm message=no_claimable_generation_task
2026-07-08T06:05:53.466235489Z 2026-07-08 06:05:53,465 forwin.generation.worker_cli DEBUG No claimable generation task worker_id=forwin-generation-worker-swarm message=no_claimable_generation_task
2026-07-08T06:05:55.514489422Z 2026-07-08 06:05:55,513 forwin.generation.worker_cli DEBUG No claimable generation task worker_id=forwin-generation-worker-swarm message=no_claimable_generation_task
2026-07-08T06:05:57.571804689Z 2026-07-08 06:05:57,571 forwin.generation.worker_cli DEBUG No claimable generation task worker_id=forwin-generation-worker-swarm message=no_claimable_generation_task
2026-07-08T06:05:59.603810639Z 2026-07-08 06:05:59,603 forwin.generation.worker_cli DEBUG No claimable generation task worker_id=forwin-generation-worker-swarm message=no_claimable_generation_task
2026-07-08T06:06:01.668735780Z 2026-07-08 06:06:01,668 forwin.generation.worker_cli DEBUG No claimable generation task worker_id=forwin-generation-worker-swarm message=no_claimable_generation_task
2026-07-08T06:06:03.713475833Z 2026-07-08 06:06:03,712 forwin.generation.worker_cli DEBUG No claimable generation task worker_id=forwin-generation-worker-swarm message=no_claimable_generation_task
2026-07-08T06:06:05.778486729Z 2026-07-08 06:06:05,778 forwin.generation.worker_cli DEBUG No claimable generation task worker_id=forwin-generation-worker-swarm message=no_claimable_generation_task
2026-07-08T06:06:07.821467948Z 2026-07-08 06:06:07,820 forwin.generation.worker_cli DEBUG No claimable generation task worker_id=forwin-generation-worker-swarm message=no_claimable_generation_task
2026-07-08T06:06:09.872631746Z 2026-07-08 06:06:09,872 forwin.generation.worker_cli DEBUG No claimable generation task worker_id=forwin-generation-worker-swarm message=no_claimable_generation_task
2026-07-08T06:06:11.920385824Z 2026-07-08 06:06:11,919 forwin.generation.worker_cli DEBUG No claimable generation task worker_id=forwin-generation-worker-swarm message=no_claimable_generation_task
2026-07-08T06:06:13.960239662Z 2026-07-08 06:06:13,959 forwin.generation.worker_cli DEBUG No claimable generation task worker_id=forwin-generation-worker-swarm message=no_claimable_generation_task
2026-07-08T06:06:16.007707244Z 2026-07-08 06:06:16,007 forwin.generation.worker_cli DEBUG No claimable generation task worker_id=forwin-generation-worker-swarm message=no_claimable_generation_task
2026-07-08T06:06:18.059205181Z 2026-07-08 06:06:18,058 forwin.generation.worker_cli DEBUG No claimable generation task worker_id=forwin-generation-worker-swarm message=no_claimable_generation_task
2026-07-08T06:06:20.102517334Z 2026-07-08 06:06:20,102 forwin.generation.worker_cli DEBUG No claimable generation task worker_id=forwin-generation-worker-swarm message=no_claimable_generation_task
2026-07-08T06:06:22.146435325Z 2026-07-08 06:06:22,145 forwin.generation.worker_cli DEBUG No claimable generation task worker_id=forwin-generation-worker-swarm message=no_claimable_generation_task
2026-07-08T06:06:24.194060711Z 2026-07-08 06:06:24,193 forwin.generation.worker_cli DEBUG No claimable generation task worker_id=forwin-generation-worker-swarm message=no_claimable_generation_task
2026-07-08T06:06:26.257888588Z 2026-07-08 06:06:26,257 forwin.generation.worker_cli DEBUG No claimable generation task worker_id=forwin-generation-worker-swarm message=no_claimable_generation_task
2026-07-08T06:06:28.307539446Z 2026-07-08 06:06:28,307 forwin.generation.worker_cli DEBUG No claimable generation task worker_id=forwin-generation-worker-swarm message=no_claimable_generation_task
2026-07-08T06:06:30.406264817Z 2026-07-08 06:06:30,405 forwin.generation.worker_cli DEBUG No claimable generation task worker_id=forwin-generation-worker-swarm message=no_claimable_generation_task
2026-07-08T06:06:32.519243046Z 2026-07-08 06:06:32,518 forwin.generation.worker_cli DEBUG No claimable generation task worker_id=forwin-generation-worker-swarm message=no_claimable_generation_task
2026-07-08T06:06:34.556887067Z 2026-07-08 06:06:34,556 forwin.generation.worker_cli DEBUG No claimable generation task worker_id=forwin-generation-worker-swarm message=no_claimable_generation_task
2026-07-08T06:06:36.600337451Z 2026-07-08 06:06:36,600 forwin.generation.worker_cli DEBUG No claimable generation task worker_id=forwin-generation-worker-swarm message=no_claimable_generation_task
2026-07-08T06:06:38.646008222Z 2026-07-08 06:06:38,645 forwin.generation.worker_cli DEBUG No claimable generation task worker_id=forwin-generation-worker-swarm message=no_claimable_generation_task
2026-07-08T06:06:40.755016694Z 2026-07-08 06:06:40,754 forwin.generation.worker_cli DEBUG No claimable generation task worker_id=forwin-generation-worker-swarm message=no_claimable_generation_task
2026-07-08T06:06:42.808235670Z 2026-07-08 06:06:42,807 forwin.generation.worker_cli DEBUG No claimable generation task worker_id=forwin-generation-worker-swarm message=no_claimable_generation_task
2026-07-08T06:06:44.870684648Z 2026-07-08 06:06:44,870 forwin.generation.worker_cli DEBUG No claimable generation task worker_id=forwin-generation-worker-swarm message=no_claimable_generation_task
2026-07-08T06:06:46.920279781Z 2026-07-08 06:06:46,919 forwin.generation.worker_cli DEBUG No claimable generation task worker_id=forwin-generation-worker-swarm message=no_claimable_generation_task
2026-07-08T06:06:48.972429427Z 2026-07-08 06:06:48,971 forwin.generation.worker_cli DEBUG No claimable generation task worker_id=forwin-generation-worker-swarm message=no_claimable_generation_task
2026-07-08T06:06:51.023912072Z 2026-07-08 06:06:51,023 forwin.generation.worker_cli DEBUG No claimable generation task worker_id=forwin-generation-worker-swarm message=no_claimable_generation_task
2026-07-08T06:06:53.067557894Z 2026-07-08 06:06:53,067 forwin.generation.worker_cli DEBUG No claimable generation task worker_id=forwin-generation-worker-swarm message=no_claimable_generation_task
2026-07-08T06:06:55.115569571Z 2026-07-08 06:06:55,115 forwin.generation.worker_cli DEBUG No claimable generation task worker_id=forwin-generation-worker-swarm message=no_claimable_generation_task
2026-07-08T06:06:57.156904263Z 2026-07-08 06:06:57,156 forwin.generation.worker_cli DEBUG No claimable generation task worker_id=forwin-generation-worker-swarm message=no_claimable_generation_task
2026-07-08T06:06:59.199107794Z 2026-07-08 06:06:59,198 forwin.generation.worker_cli DEBUG No claimable generation task worker_id=forwin-generation-worker-swarm message=no_claimable_generation_task
2026-07-08T06:07:01.240924742Z 2026-07-08 06:07:01,240 forwin.generation.worker_cli DEBUG No claimable generation task worker_id=forwin-generation-worker-swarm message=no_claimable_generation_task
2026-07-08T06:07:03.301713612Z 2026-07-08 06:07:03,301 forwin.generation.worker_cli DEBUG No claimable generation task worker_id=forwin-generation-worker-swarm message=no_claimable_generation_task
2026-07-08T06:07:05.645885874Z 2026-07-08 06:07:05,645 forwin.generation.worker_cli DEBUG No claimable generation task worker_id=forwin-generation-worker-swarm message=no_claimable_generation_task
2026-07-08T06:07:07.696862747Z 2026-07-08 06:07:07,696 forwin.generation.worker_cli DEBUG No claimable generation task worker_id=forwin-generation-worker-swarm message=no_claimable_generation_task
2026-07-08T06:07:09.743248684Z 2026-07-08 06:07:09,742 forwin.generation.worker_cli DEBUG No claimable generation task worker_id=forwin-generation-worker-swarm message=no_claimable_generation_task
2026-07-08T06:07:11.790417003Z 2026-07-08 06:07:11,789 forwin.generation.worker_cli DEBUG No claimable generation task worker_id=forwin-generation-worker-swarm message=no_claimable_generation_task
2026-07-08T06:07:13.839386790Z 2026-07-08 06:07:13,838 forwin.generation.worker_cli DEBUG No claimable generation task worker_id=forwin-generation-worker-swarm message=no_claimable_generation_task
2026-07-08T06:07:15.892115681Z 2026-07-08 06:07:15,891 forwin.generation.worker_cli DEBUG No claimable generation task worker_id=forwin-generation-worker-swarm message=no_claimable_generation_task
2026-07-08T06:07:17.939691675Z 2026-07-08 06:07:17,939 forwin.generation.worker_cli DEBUG No claimable generation task worker_id=forwin-generation-worker-swarm message=no_claimable_generation_task
2026-07-08T06:07:19.981959148Z 2026-07-08 06:07:19,981 forwin.generation.worker_cli DEBUG No claimable generation task worker_id=forwin-generation-worker-swarm message=no_claimable_generation_task
2026-07-08T06:07:22.036817347Z 2026-07-08 06:07:22,036 forwin.generation.worker_cli DEBUG No claimable generation task worker_id=forwin-generation-worker-swarm message=no_claimable_generation_task
2026-07-08T06:07:24.086095940Z 2026-07-08 06:07:24,085 forwin.generation.worker_cli DEBUG No claimable generation task worker_id=forwin-generation-worker-swarm message=no_claimable_generation_task
2026-07-08T06:07:26.122155267Z 2026-07-08 06:07:26,122 forwin.generation.worker_cli DEBUG No claimable generation task worker_id=forwin-generation-worker-swarm message=no_claimable_generation_task
2026-07-08T06:07:28.181370618Z 2026-07-08 06:07:28,180 forwin.generation.worker_cli DEBUG No claimable generation task worker_id=forwin-generation-worker-swarm message=no_claimable_generation_task
2026-07-08T06:07:30.232009890Z 2026-07-08 06:07:30,231 forwin.generation.worker_cli DEBUG No claimable generation task worker_id=forwin-generation-worker-swarm message=no_claimable_generation_task
2026-07-08T06:07:32.274439920Z 2026-07-08 06:07:32,273 forwin.generation.worker_cli DEBUG No claimable generation task worker_id=forwin-generation-worker-swarm message=no_claimable_generation_task
2026-07-08T06:07:34.324943072Z 2026-07-08 06:07:34,324 forwin.generation.worker_cli DEBUG No claimable generation task worker_id=forwin-generation-worker-swarm message=no_claimable_generation_task
2026-07-08T06:07:36.368122443Z 2026-07-08 06:07:36,367 forwin.generation.worker_cli DEBUG No claimable generation task worker_id=forwin-generation-worker-swarm message=no_claimable_generation_task
2026-07-08T06:07:38.415075501Z 2026-07-08 06:07:38,414 forwin.generation.worker_cli DEBUG No claimable generation task worker_id=forwin-generation-worker-swarm message=no_claimable_generation_task
2026-07-08T06:07:40.461215807Z 2026-07-08 06:07:40,460 forwin.generation.worker_cli DEBUG No claimable generation task worker_id=forwin-generation-worker-swarm message=no_claimable_generation_task
2026-07-08T06:07:42.520628883Z 2026-07-08 06:07:42,520 forwin.generation.worker_cli DEBUG No claimable generation task worker_id=forwin-generation-worker-swarm message=no_claimable_generation_task
2026-07-08T06:07:44.571234463Z 2026-07-08 06:07:44,571 forwin.generation.worker_cli DEBUG No claimable generation task worker_id=forwin-generation-worker-swarm message=no_claimable_generation_task
2026-07-08T06:07:46.610830872Z 2026-07-08 06:07:46,610 forwin.generation.worker_cli DEBUG No claimable generation task worker_id=forwin-generation-worker-swarm message=no_claimable_generation_task
2026-07-08T06:07:48.654128341Z 2026-07-08 06:07:48,653 forwin.generation.worker_cli DEBUG No claimable generation task worker_id=forwin-generation-worker-swarm message=no_claimable_generation_task
2026-07-08T06:07:50.720361874Z 2026-07-08 06:07:50,719 forwin.generation.worker_cli DEBUG No claimable generation task worker_id=forwin-generation-worker-swarm message=no_claimable_generation_task
2026-07-08T06:07:52.768750787Z 2026-07-08 06:07:52,768 forwin.generation.worker_cli DEBUG No claimable generation task worker_id=forwin-generation-worker-swarm message=no_claimable_generation_task
2026-07-08T06:07:54.850495811Z 2026-07-08 06:07:54,850 forwin.generation.worker_cli DEBUG No claimable generation task worker_id=forwin-generation-worker-swarm message=no_claimable_generation_task
2026-07-08T06:07:56.921612330Z 2026-07-08 06:07:56,921 forwin.generation.worker_cli DEBUG No claimable generation task worker_id=forwin-generation-worker-swarm message=no_claimable_generation_task
2026-07-08T06:07:58.992455435Z 2026-07-08 06:07:58,991 forwin.generation.worker_cli DEBUG No claimable generation task worker_id=forwin-generation-worker-swarm message=no_claimable_generation_task
2026-07-08T06:08:01.041239067Z 2026-07-08 06:08:01,040 forwin.generation.worker_cli DEBUG No claimable generation task worker_id=forwin-generation-worker-swarm message=no_claimable_generation_task
2026-07-08T06:08:03.091454792Z 2026-07-08 06:08:03,090 forwin.generation.worker_cli DEBUG No claimable generation task worker_id=forwin-generation-worker-swarm message=no_claimable_generation_task
2026-07-08T06:08:05.157251964Z 2026-07-08 06:08:05,156 forwin.generation.worker_cli DEBUG No claimable generation task worker_id=forwin-generation-worker-swarm message=no_claimable_generation_task
2026-07-08T06:08:07.199456156Z 2026-07-08 06:08:07,199 forwin.generation.worker_cli DEBUG No claimable generation task worker_id=forwin-generation-worker-swarm message=no_claimable_generation_task
2026-07-08T06:08:09.253115778Z 2026-07-08 06:08:09,252 forwin.generation.worker_cli DEBUG No claimable generation task worker_id=forwin-generation-worker-swarm message=no_claimable_generation_task
2026-07-08T06:08:11.293200341Z 2026-07-08 06:08:11,292 forwin.generation.worker_cli DEBUG No claimable generation task worker_id=forwin-generation-worker-swarm message=no_claimable_generation_task
2026-07-08T06:08:13.341109774Z 2026-07-08 06:08:13,340 forwin.generation.worker_cli DEBUG No claimable generation task worker_id=forwin-generation-worker-swarm message=no_claimable_generation_task
2026-07-08T06:08:15.385107942Z 2026-07-08 06:08:15,384 forwin.generation.worker_cli DEBUG No claimable generation task worker_id=forwin-generation-worker-swarm message=no_claimable_generation_task
2026-07-08T06:08:17.431235914Z 2026-07-08 06:08:17,430 forwin.generation.worker_cli DEBUG No claimable generation task worker_id=forwin-generation-worker-swarm message=no_claimable_generation_task
2026-07-08T06:08:19.476063631Z 2026-07-08 06:08:19,475 forwin.generation.worker_cli DEBUG No claimable generation task worker_id=forwin-generation-worker-swarm message=no_claimable_generation_task
2026-07-08T06:08:21.523022277Z 2026-07-08 06:08:21,522 forwin.generation.worker_cli DEBUG No claimable generation task worker_id=forwin-generation-worker-swarm message=no_claimable_generation_task
2026-07-08T06:08:23.595537749Z 2026-07-08 06:08:23,595 forwin.generation.worker_cli DEBUG No claimable generation task worker_id=forwin-generation-worker-swarm message=no_claimable_generation_task
2026-07-08T06:08:25.639116301Z 2026-07-08 06:08:25,638 forwin.generation.worker_cli DEBUG No claimable generation task worker_id=forwin-generation-worker-swarm message=no_claimable_generation_task
2026-07-08T06:08:27.677645624Z 2026-07-08 06:08:27,677 forwin.generation.worker_cli DEBUG No claimable generation task worker_id=forwin-generation-worker-swarm message=no_claimable_generation_task
2026-07-08T06:08:29.718302584Z 2026-07-08 06:08:29,717 forwin.generation.worker_cli DEBUG No claimable generation task worker_id=forwin-generation-worker-swarm message=no_claimable_generation_task
